player_id,season,season_type,completions,attempts,passing_yards,passing_tds,interceptions,sacks,sack_yards,sack_fumbles,sack_fumbles_lost,passing_air_yards,passing_yards_after_catch,passing_first_downs,passing_epa,passing_2pt_conversions,pacr,dakota,carries,rushing_yards,rushing_tds,rushing_fumbles,rushing_fumbles_lost,rushing_first_downs,rushing_epa,rushing_2pt_conversions,receptions,targets,receiving_yards,receiving_tds,receiving_fumbles,receiving_fumbles_lost,receiving_air_yards,receiving_yards_after_catch,receiving_first_downs,receiving_epa,receiving_2pt_conversions,racr,target_share,air_yards_share,wopr_x,special_teams_tds,fantasy_points,games,tgt_sh,ay_sh,yac_sh,wopr_y,ry_sh,rtd_sh,rfd_sh,rtdfd_sh,dom,w8dom,yptmpa,ppr_sh,player_name,position,fantasy_points_ppr,target_next_year_points
00-0019596,2020,REG,401,610,4633.0,40,12.0,21.0,143.0,1,0,5532.0,1810.0,233.0,133.306173572968,0,13.480106637924505,2.8546430218677945,30,6.0,3,3.0,1.0,6.0,-18.18605189642156,0,0,0,0.0,0,0.0,0.0,0.0,0.0,0.0,0.0,0,0.0,0.0,0.0,0.0,0.0,337.92,16,0.0,0.0,0.0,0.0,0.0,0.0,0.0,0.0,0.0,0.0,0.0,0.19709076486987764,Tom Brady,QB,477.00000000000006,474.9
00-0019596,2021,REG,485,719,5316.0,43,12.0,22.0,144.0,3,2,5804.0,2534.0,269.0,145.71488371139247,0,16.02689856101568,2.4575664605084473,28,81.0,2,1.0,1.0,14.0,3.850478549111787,0,0,0,0.0,0,0.0,0.0,0.0,0.0,0.0,0.0,0,0.0,0.0,0.0,0.0,0.0,374.74,17,0.0,0.0,0.0,0.0,0.0,0.0,0.0,0.0,0.0,0.0,0.0,0.1957050793286053,Tom Brady,QB,474.9,341.15
00-0022924,2020,REG,399,608,3803.0,33,10.0,13.0,118.0,2,0,4225.0,1956.0,193.0,55.11086141312222,2,13.850798052502867,1.4792242628770276,25,11.0,0,3.0,1.0,3.0,-19.628475091041764,0,0,0,0.0,0,0.0,0.0,0.0,0.0,0.0,0.0,0,0.0,0.0,0.0,0.0,0.0,267.22,15,0.0,0.0,0.0,0.0,0.0,0.0,0.0,0.0,0.0,0.0,0.0,0.18527609063427353,Ben Roethlisberger,QB,337.3,270.15
00-0023459,2020,REG,372,526,4299.0,48,5.0,20.0,182.0,1,1,4135.0,2248.0,216.0,186.2518480531837,0,17.374026061954453,3.555300860147336,38,149.0,3,3.0,1.0,15.0,2.940303419716656,0,1,1,-6.0,0,0.0,0.0,-4.0,-2.0,0.0,-1.355170501046814,0,0.0,0.03333333333333333,-0.01444043321299639,0.03989169675090253,0.0,382.26,16,0.0019011406844106464,-0.0009673518742442564,-0.0008896797153024911,0.0020778295272205647,-0.0013956734124214933,0.0,0.0,0.0,-0.0006978367062107466,-0.0011165387299371947,-0.011406844106463879,0.2192989483080233,Aaron Rodgers,QB,482.05,385.7
00-0023459,2021,REG,366,531,4115.0,37,4.0,30.0,188.0,1,0,4084.0,2177.0,213.0,129.76606195780067,0,16.83842883558605,2.84116520492683,33,101.0,3,2.0,0.0,10.0,5.831224214693066,0,1,1,-4.0,0,0.0,0.0,-4.0,0.0,0.0,-1.2434462904930115,0,0.0,0.03225806451612903,-0.011299435028248588,0.04047749225441954,0.0,332.3,16,0.0017889087656529517,-0.0009287206872533086,0.0,0.001940386598676781,-0.0009225092250922509,0.0,0.0,0.0,-0.00046125461254612545,-0.0007380073800738007,-0.007155635062611807,0.20729674594487016,Aaron Rodgers,QB,385.7,272.15000000000003
00-0023459,2022,REG,350,542,3695.0,26,12.0,32.0,258.0,4,2,4327.0,1893.0,177.0,-6.309945535983276,2,16.405610028274516,1.5024781053495646,34,94.0,1,2.0,2.0,9.0,-7.814973868954614,0,0,0,0.0,0,0.0,0.0,0.0,0.0,0.0,0.0,0,0.0,0.0,0.0,0.0,0.0,239.2,17,0.0,0.0,0.0,0.0,0.0,0.0,0.0,0.0,0.0,0.0,0.0,0.16658541681175568,Aaron Rodgers,QB,272.15000000000003,0.0
00-0023459,2023,REG,0,1,0.0,0,0.0,1.0,10.0,0,0,17.0,0.0,0.0,-2.0319598843343556,0,0.0,0.0,0,0.0,0,0.0,0.0,0.0,0.0,0,0,0,0.0,0,0.0,0.0,0.0,0.0,0.0,0.0,0,0.0,0.0,0.0,0.0,0.0,0.0,1,0.0,0.0,0.0,0.0,0.0,0.0,0.0,0.0,0.0,0.0,0.0,0.0,Aaron Rodgers,QB,0.0,291.55
00-0023682,2020,REG,183,267,2091.0,13,8.0,14.0,65.0,2,0,2080.0,855.0,106.0,46.58721821586509,2,9.150339742389269,1.600968603230088,30,151.0,2,0.0,0.0,12.0,3.8398383966476963,1,1,1,0.0,0,0.0,0.0,-4.0,4.0,0.0,-1.531613102182746,0,0.0,0.05,-0.027777777777777776,0.055555555555555566,0.0,152.74,9,0.003215434083601286,-0.0016970725498515061,0.0042417815482502655,0.0034654930855207247,0.0,0.0,0.0,0.0,0.0,0.0,0.0,0.1922038305745862,Ryan Fitzpatrick,QB,168.65,0.8500000000000001
00-0024243,2020,REG,0,0,0.0,0,0.0,0.0,0.0,0,0,0.0,0.0,0.0,0.0,0,0.0,0.0,0,0.0,0,0.0,0.0,0.0,0.0,0,10,17,107.0,3,0.0,0.0,111.0,57.0,6.0,3.913446376565844,0,13.05903361344538,0.5577619507202214,0.4267566051950219,1.1353725497168472,0.0,28.7,10,0.053125,0.04249617151607963,0.04241071428571429,0.1136844372128637,0.040870893812070284,0.1,0.045454545454545456,0.05555555555555555,0.07043544690603515,0.052696715049656236,0.334375,0.03634075799121061,Marcedes Lewis,TE,44.5,43.400000000000006
00-0024243,2021,REG,0,0,0.0,0,0.0,0.0,0.0,0,0,0.0,0.0,0.0,0.0,0,0.0,0.0,0,0.0,0,0.0,0.0,0.0,0.0,0,23,28,214.0,0,1.0,0.0,103.0,144.0,10.0,8.630607974133454,0,23.44253971834617,0.8410748683637678,0.41284962693334604,1.5506070413989939,0.0,21.400000000000002,13,0.0611353711790393,0.029881055990716564,0.07907742998352553,0.1156079015611322,0.0644966847498493,0.0,0.057803468208092484,0.05,0.03224834237492465,0.05159734779987945,0.4672489082969432,0.036542608352125895,Marcedes Lewis,TE,43.400000000000006,24.6
00-0024243,2022,REG,0,0,0.0,0,0.0,0.0,0.0,0,0,0.0,0.0,0.0,0.0,0,0.0,0.0,0,0.0,0,0.0,0.0,0.0,0.0,0,6,7,66.0,2,0.0,0.0,58.0,14.0,5.0,6.967597299488261,1,5.423809523809524,0.22495180258338152,0.19698294496552232,0.4753157653509379,0.0,20.6,6,0.03482587064676617,0.03327596098680436,0.020527859237536656,0.07885957475959274,0.047619047619047616,0.2222222222222222,0.07042253521126761,0.0875,0.1349206349206349,0.08253968253968255,0.3283582089552239,0.051556382525099816,Marcedes Lewis,TE,24.6,12.899999999999999
00-0024243,2023,REG,0,0,0.0,0,0.0,0.0,0.0,0,0,0.0,0.0,0.0,0.0,0,0.0,0.0,0,0.0,0,0.0,0.0,0.0,0.0,0,4,5,29.0,1,0.0,0.0,9.0,29.0,2.0,2.4860826230142266,0,4.2,0.18799889827813365,0.1096873151874136,0.35877946804839,0.0,8.9,5,0.034013605442176874,0.007901668129938543,0.06971153846153846,0.057341742667216145,0.027384324834749764,0.125,0.03636363636363636,0.047619047619047616,0.07619216241737488,0.04690745986779982,0.19727891156462585,0.02846676670491658,Marcedes Lewis,TE,12.899999999999999,1.2
00-0025394,2020,REG,0,0,0.0,0,0.0,0.0,0.0,0,0,0.0,0.0,0.0,0.0,0,0.0,0.0,156,604.0,7,0.0,0.0,34.0,-12.136177927282521,0,12,18,101.0,0,0.0,0.0,-6.0,103.0,4.0,1.7225846247165464,0,10.11111111111111,0.4874459244187287,-0.016455386415895112,0.7196501161369664,0.0,112.5,16,0.030927835051546393,-0.0012045773940975708,0.054583995760466346,0.04542809066204153,0.022970206959290425,0.0,0.01818181818181818,0.016194331983805668,0.011485103479645212,0.01837616556743234,0.17353951890034364,0.08369860435098286,Adrian Peterson,RB,124.5,26.6
00-0026035,2020,REG,0,0,0.0,0,0.0,0.0,0.0,0,0,0.0,0.0,0.0,0.0,0,0.0,0.0,1,2.0,0,0.0,0.0,1.0,0.7685124324634671,0,46,69,602.0,0,0.0,0.0,558.0,290.0,30.0,12.317427298847228,0,15.352811805514685,1.955755471321592,1.9248125407478835,4.281001985505907,0.0,60.4,14,0.13636363636363635,0.12564737671695564,0.17769607843137256,0.30506335591901906,0.15341488277268095,0.0,0.15463917525773196,0.13636363636363635,0.07670744138634047,0.12273190621814477,1.1897233201581028,0.07938165865886776,Danny Amendola,WR,106.4,66.8
00-0026143,2020,REG,407,626,4581.0,26,11.0,41.0,257.0,4,2,5342.0,1642.0,242.0,68.41089281225402,1,14.369335328052177,1.8408972840899616,29,92.0,2,2.0,1.0,8.0,0.8246250891162781,0,0,0,0.0,0,0.0,0.0,0.0,0.0,0.0,0.0,0,0.0,0.0,0.0,0.0,0.0,282.44,16,0.0,0.0,0.0,0.0,0.0,0.0,0.0,0.0,0.0,0.0,0.0,0.18532808398950132,Matt Ryan,QB,329.25,260.6
00-0026143,2021,REG,375,560,3968.0,20,12.0,40.0,274.0,5,3,4002.0,1721.0,195.0,8.224791799200407,0,17.839688325057043,1.6425844286860396,40,82.0,1,5.0,1.0,9.0,-18.90199176361524,1,0,0,0.0,0,0.0,0.0,0.0,0.0,0.0,0.0,0,0.0,0.0,0.0,0.0,0.0,222.92,17,0.0,0.0,0.0,0.0,0.0,0.0,0.0,0.0,0.0,0.0,0.0,0.17196901903909648,Matt Ryan,QB,260.6,185.85
00-0026158,2020,REG,74,134,864.0,6,3.0,7.0,69.0,0,0,1425.0,342.0,36.0,-9.165092194288736,0,4.4408872302214695,0.42247636797460847,6,22.0,0,1.0,0.0,3.0,-0.2311487675178796,0,0,0,0.0,0,0.0,0.0,0.0,0.0,0.0,0.0,0,0.0,0.0,0.0,0.0,0.0,54.760000000000005,5,0.0,0.0,0.0,0.0,0.0,0.0,0.0,0.0,0.0,0.0,0.0,0.14604224450608064,Joe Flacco,QB,63.400000000000006,27.200000000000003
00-0026158,2021,REG,27,42,338.0,3,0.0,2.0,13.0,1,1,336.0,175.0,14.0,6.294119076454828,0,2.4702273929138023,0.08409617283191553,2,3.0,0,0.0,0.0,1.0,0.16710711969062686,0,0,0,0.0,0,0.0,0.0,0.0,0.0,0.0,0.0,0,0.0,0.0,0.0,0.0,0.0,23.82,2,0.0,0.0,0.0,0.0,0.0,0.0,0.0,0.0,0.0,0.0,0.0,0.1363792511164548,Joe Flacco,QB,27.200000000000003,59.150000000000006
00-0026158,2022,REG,110,191,1051.0,5,3.0,10.0,66.0,5,4,1537.0,432.0,55.0,-25.36170515305042,0,2.9259999318418233,0.1847631111054904,3,6.0,0,0.0,0.0,1.0,-0.13692106335656717,0,0,0,0.0,0,0.0,0.0,0.0,0.0,0.0,0.0,0,0.0,0.0,0.0,0.0,0.0,48.64,5,0.0,0.0,0.0,0.0,0.0,0.0,0.0,0.0,0.0,0.0,0.0,0.12161824273641046,Joe Flacco,QB,59.150000000000006,131.65
00-0026158,2023,REG,123,204,1616.0,13,8.0,8.0,57.0,3,1,1910.0,678.0,60.0,-1.607587160902579,1,4.883884955405668,0.3678736895371929,9,2.0,0,1.0,0.0,3.0,-0.4699459768101306,0,0,0,0.0,0,0.0,0.0,0.0,0.0,0.0,0.0,0,0.0,0.0,0.0,0.0,0.0,100.84,5,0.0,0.0,0.0,0.0,0.0,0.0,0.0,0.0,0.0,0.0,0.0,0.19146350725298097,Joe Flacco,QB,131.65,116.65
00-0026189,2020,REG,0,0,0.0,0,0.0,0.0,0.0,0,0,0.0,0.0,0.0,0.0,0,0.0,0.0,1,12.0,0,0.0,0.0,1.0,0.816131649306044,0,14,26,236.0,1,0.0,0.0,432.0,65.0,10.0,7.337002054729991,0,4.059170053269389,0.6284509369157862,1.1234109420651839,1.729064064819308,0.0,30.8,5,0.12149532710280374,0.226890756302521,0.11363636363636363,0.3637555956962224,0.16411682892906815,0.16666666666666666,0.15384615384615385,0.15492957746478872,0.16539174779786742,0.16462679647658784,1.102803738317757,0.09911065882040619,DeSean Jackson,WR,44.800000000000004,79.4
00-0026189,2021,REG,0,0,0.0,0,0.0,0.0,0.0,0,0,0.0,0.0,0.0,0.0,0,0.0,0.0,1,4.0,0,0.0,0.0,0.0,0.003352722618728876,0,20,34,454.0,2,1.0,1.0,647.0,175.0,12.0,11.046789813728537,0,10.298019522198787,1.0111582805675803,2.1339702964201113,3.010516628345448,0.0,55.800000000000004,14,0.06910569105691057,0.15317234848484848,0.09531590413943355,0.22619641537324464,0.11502406891309856,0.08,0.06382978723404255,0.06572769953051644,0.09751203445654928,0.10801925513047886,0.9227642276422764,0.058574431256182,DeSean Jackson,WR,79.4,24.3
00-0026197,2020,REG,28,38,248.0,2,0.0,2.0,4.0,0,0,158.0,200.0,15.0,13.956284097541356,0,9.871882086167801,0.17779097152773154,7,-2.0,1,2.0,0.0,1.0,-1.590775938500883,0,0,0,0.0,0,0.0,0.0,0.0,0.0,0.0,0.0,0,0.0,0.0,0.0,0.0,0.0,23.72,3,0.0,0.0,0.0,0.0,0.0,0.0,0.0,0.0,0.0,0.0,0.0,0.07412963310206887,Chad Henne,QB,28.7,4.1000000000000005
00-0026197,2021,REG,11,16,82.0,0,0.0,0.0,0.0,0,0,125.0,24.0,6.0,4.047984530450776,0,0.656,0.14622102327296965,8,0.0,0,2.0,0.0,0.0,-1.9872949765413068,0,0,0,0.0,0,0.0,0.0,0.0,0.0,0.0,0.0,0,0.0,0.0,0.0,0.0,0.0,3.2800000000000002,4,0.0,0.0,0.0,0.0,0.0,0.0,0.0,0.0,0.0,0.0,0.0,0.007410084944876198,Chad Henne,QB,4.1000000000000005,4.550000000000001
00-0026300,2021,REG,57,85,638.0,5,2.0,3.0,23.0,0,0,620.0,283.0,39.0,27.387476933403597,0,4.867135819093114,0.3162417663806407,9,28.0,0,2.0,0.0,1.0,-3.1913480453076772,1,0,0,0.0,0,0.0,0.0,0.0,0.0,0.0,0.0,0,0.0,0.0,0.0,0.0,0.0,46.32,4,0.0,0.0,0.0,0.0,0.0,0.0,0.0,0.0,0.0,0.0,0.0,0.10557986870897154,Josh Johnson,QB,50.7,2.7
00-0026498,2020,REG,339,528,4084.0,26,10.0,38.0,254.0,2,1,4609.0,1741.0,205.0,55.84689829382474,2,16.86393990038365,1.7380348453668277,29,112.0,0,0.0,0.0,12.0,4.182768867578325,0,0,1,0.0,0,0.0,0.0,15.0,0.0,0.0,-0.4681624989025295,0,0.0,0.023809523809523808,0.045454545454545456,0.06753246753246753,0.0,260.56,16,0.001718213058419244,0.003011443485243927,0.0,0.004986474375824008,0.0,0.0,0.0,0.0,0.0,0.0,0.0,0.17516874176459515,Matthew Stafford,QB,300.40000000000003,480.2
00-0026498,2021,REG,404,601,4886.0,41,17.0,30.0,243.0,4,2,5094.0,2124.0,233.0,116.43642310095349,2,17.10571240608431,2.4369472029108756,32,43.0,0,1.0,0.0,8.0,-1.9016529319342226,0,0,0,0.0,0,0.0,0.0,0.0,0.0,0.0,0.0,0,0.0,0.0,0.0,0.0,0.0,329.74,17,0.0,0.0,0.0,0.0,0.0,0.0,0.0,0.0,0.0,0.0,0.0,0.1938142148449439,Matthew Stafford,QB,480.2,129.25
00-0026498,2022,REG,206,303,2087.0,10,8.0,29.0,208.0,4,3,2027.0,1119.0,105.0,-24.03734681550175,0,9.687971224528836,0.6961748722739384,13,9.0,1,1.0,0.0,3.0,-2.5026393159641884,0,0,0,0.0,0,0.0,0.0,0.0,0.0,0.0,0.0,0,0.0,0.0,0.0,0.0,0.0,108.38000000000001,9,0.0,0.0,0.0,0.0,0.0,0.0,0.0,0.0,0.0,0.0,0.0,0.15609517225486808,Matthew Stafford,QB,129.25,305.1
00-0026498,2023,REG,326,521,3965.0,24,11.0,30.0,205.0,0,0,4033.0,1890.0,187.0,55.03210787712951,1,15.714152391074743,1.2871096315545254,21,65.0,0,0.0,0.0,4.0,3.9656354920298327,0,0,0,0.0,0,0.0,0.0,0.0,0.0,0.0,0.0,1,0.0,0.0,0.0,0.0,0.0,243.1,15,0.0,0.0,0.0,0.0,0.0,0.0,0.0,0.0,0.0,0.0,0.0,0.17329873536834,Matthew Stafford,QB,305.1,293.25
00-0026544,2020,REG,29,43,264.0,1,2.0,3.0,29.0,0,0,275.0,119.0,14.0,-14.956961511568641,0,3.7109671528654733,0.2514169949574867,2,16.0,0,0.0,0.0,1.0,0.8681841916404665,0,0,0,0.0,0,0.0,0.0,0.0,0.0,0.0,0.0,0,0.0,0.0,0.0,0.0,0.0,12.16,4,0.0,0.0,0.0,0.0,0.0,0.0,0.0,0.0,0.0,0.0,0.0,0.03547464846257074,Chase Daniel,QB,14.799999999999999,-0.2
00-0026544,2021,REG,0,0,0.0,0,0.0,0.0,0.0,0,0,0.0,0.0,0.0,0.0,0,0.0,0.0,2,-2.0,0,0.0,0.0,0.0,0.0,0,0,0,0.0,0,0.0,0.0,0.0,0.0,0.0,0.0,0,0.0,0.0,0.0,0.0,0.0,-0.2,1,0.0,0.0,0.0,0.0,0.0,0.0,0.0,0.0,0.0,0.0,0.0,-0.001774622892635315,Chase Daniel,QB,-0.2,7.0
00-0026625,2020,REG,15,24,130.0,0,1.0,2.0,18.0,1,1,196.0,56.0,8.0,-9.24764575094061,0,0.6632653061224489,0.02009847734448047,1,8.0,0,0.0,0.0,1.0,1.70234154490754,0,0,0,0.0,0,0.0,0.0,0.0,0.0,0.0,0.0,0,0.0,0.0,0.0,0.0,0.0,2.0,1,0.0,0.0,0.0,0.0,0.0,0.0,0.0,0.0,0.0,0.0,0.0,0.02980625931445604,Brian Hoyer,QB,3.3,14.550000000000002
00-0026625,2021,REG,9,11,227.0,1,0.0,0.0,0.0,0,0,97.0,143.0,8.0,20.87713444084511,0,9.66838383838384,0.0,11,-8.0,0,0.0,0.0,1.0,-4.048504892620258,0,0,0,0.0,0,0.0,0.0,0.0,0.0,0.0,0.0,0,0.0,0.0,0.0,0.0,0.0,12.280000000000001,5,0.0,0.0,0.0,0.0,0.0,0.0,0.0,0.0,0.0,0.0,0.0,0.020972810493236783,Brian Hoyer,QB,14.550000000000002,1.85
00-0026625,2022,REG,5,6,37.0,0,0.0,1.0,8.0,0,0,28.0,22.0,2.0,-2.126523873504231,0,1.3214285714285714,0.10188964638643827,0,0.0,0,0.0,0.0,0.0,0.0,0,0,0,0.0,0,0.0,0.0,0.0,0.0,0.0,0.0,0,0.0,0.0,0.0,0.0,0.0,1.48,1,0.0,0.0,0.0,0.0,0.0,0.0,0.0,0.0,0.0,0.0,0.0,0.022860673463083098,Brian Hoyer,QB,1.85,7.250000000000001
00-0027061,2020,REG,0,0,0.0,0,0.0,0.0,0.0,0,0,0.0,0.0,0.0,0.0,0,0.0,0.0,0,0.0,0,0.0,0.0,0.0,0.0,0,37,60,504.0,7,1.0,1.0,687.0,124.0,27.0,28.56188854188202,0,11.1928249037601,1.8745865133220556,3.6238197145612276,5.348553570175943,0.0,90.4,15,0.12072434607645875,0.22733289212442093,0.06809445359692477,0.36295283281422486,0.1362530413625304,0.2692307692307692,0.14673913043478262,0.1619047619047619,0.20274190529664982,0.16284858693617818,1.0140845070422535,0.08661010496546473,Jared Cook,TE,141.2,128.4
00-0027656,2020,REG,0,0,0.0,0,0.0,0.0,0.0,0,0,0.0,0.0,0.0,0.0,0,0.0,0.0,0,0.0,0,0.0,0.0,0.0,0.0,0,45,77,623.0,7,1.0,0.0,845.0,246.0,29.0,23.11389812645445,0,11.746105012037015,2.0629217913821267,2.5071406658020274,4.849381153134609,0.0,104.30000000000001,16,0.12300319488817892,0.149822695035461,0.13015873015873017,0.30436294836063715,0.13044388609715243,0.16666666666666666,0.12184873949579832,0.12857142857142856,0.14855527638190955,0.13768844221105528,0.9952076677316294,0.08707874998541884,Rob Gronkowski,TE,180.3,197.8
00-0027685,2020,REG,0,0,0.0,0,0.0,0.0,0.0,0,0,0.0,0.0,0.0,0.0,0,0.0,0.0,1,12.0,0,0.0,0.0,1.0,1.1454469277523458,0,61,82,726.0,5,1.0,0.0,723.0,170.0,33.0,32.73749560655138,0,18.312562567483138,2.6034939306586398,3.3299423136689406,6.236200515556218,0.0,103.80000000000001,14,0.18468468468468469,0.25034626038781166,0.1059850374064838,0.4773040353372764,0.21492007104795738,0.20833333333333334,0.19186046511627908,0.19387755102040816,0.21162670219064536,0.21360272350503257,1.635135135135135,0.12060713397052152,Emmanuel Sanders,WR,177.9,145.9
00-0027688,2020,REG,40,66,375.0,1,1.0,5.0,24.0,1,1,590.0,127.0,19.0,-9.664052741327854,1,2.264268758477904,0.1106560618713445,9,12.0,0,0.0,0.0,0.0,-4.819352985650767,0,0,0,0.0,0,0.0,0.0,0.0,0.0,0.0,0.0,0,0.0,0.0,0.0,0.0,0.0,18.2,4,0.0,0.0,0.0,0.0,0.0,0.0,0.0,0.0,0.0,0.0,0.0,0.07599164926931107,Colt McCoy,QB,19.950000000000003,48.7
00-0027688,2021,REG,74,99,740.0,3,1.0,6.0,40.0,3,1,512.0,452.0,39.0,14.313491760355214,0,6.5081855758129565,0.4698784475110569,22,37.0,0,1.0,0.0,6.0,-12.585922079223288,0,0,0,0.0,0,0.0,0.0,0.0,0.0,0.0,0.0,0,0.0,0.0,0.0,0.0,0.0,41.300000000000004,7,0.0,0.0,0.0,0.0,0.0,0.0,0.0,0.0,0.0,0.0,0.0,0.05991064175467101,Colt McCoy,QB,48.7,40.6
00-0027691,2020,REG,0,0,0.0,0,0.0,0.0,0.0,0,0,0.0,0.0,0.0,0.0,0,0.0,0.0,1,-3.0,0,0.0,0.0,0.0,-1.1336249657906592,0,4,5,34.0,0,0.0,0.0,48.0,5.0,2.0,-1.6239815693115816,0,3.1714285714285713,0.12832602339181287,0.13822666100764247,0.289247697793069,0.0,3.1000000000000005,3,0.041666666666666664,0.046511627906976744,0.017361111111111112,0.0997093023255814,0.03707742639040349,0.0,0.04081632653061224,0.03508771929824561,0.018538713195201745,0.029661941112322794,0.2833333333333333,0.021246035070919864,Andre Roberts,WR,7.1,6.4
00-0027696,2020,REG,0,0,0.0,0,0.0,0.0,0.0,0,0,0.0,0.0,0.0,0.0,0,0.0,0.0,0,0.0,0,0.0,0.0,0.0,0.0,0,50,76,456.0,8,1.0,0.0,519.0,198.0,32.0,7.926541196948899,0,41.710484283705384,1.9927601209730468,1.7066312081030073,4.1837820271316755,0.0,93.6,16,0.1237785016286645,0.10657084188911704,0.11531741409435062,0.2709244259542904,0.11617834394904458,0.3076923076923077,0.14678899082568808,0.16393442622950818,0.21193532582067615,0.1544811366976972,0.742671009771987,0.10125511211394725,Jimmy Graham,TE,154.1,48.7
00-0027793,2020,REG,0,0,0.0,0,0.0,0.0,0.0,0,0,0.0,0.0,0.0,0.0,0,0.0,0.0,2,-2.0,0,0.0,0.0,0.0,-0.8181816296419129,0,45,62,483.0,4,0.0,0.0,549.0,251.0,27.0,24.550108062686895,0,9.567434152502855,1.62656965777982,1.4663825083902626,3.4663222425429137,0.0,72.1,8,0.19558359621451105,0.18348930481283424,0.23457943925233646,0.44016683817203395,0.18670274449168922,0.18181818181818182,0.216,0.2108843537414966,0.18426046315493552,0.18572583195698775,1.523659305993691,0.1318723394671051,Antonio Brown,WR,147.4,121.10000000000001
00-0027939,2020,REG,242,368,2657.0,8,10.0,31.0,195.0,1,0,2496.0,1258.0,133.0,-4.540039214108631,1,15.637683400565004,1.0590464207823218,137,592.0,12,5.0,1.0,55.0,20.29355308785188,0,2,2,35.0,1,0.0,0.0,17.0,18.0,2.0,3.745527382241562,0,5.461538461538462,0.07037037037037036,0.09387755102040816,0.17126984126984127,0.0,258.98,15,0.004962779156327543,0.006298629121896999,0.01243953006219765,0.012483072032008914,0.011929107021131561,0.09090909090909091,0.013793103448275862,0.019230769230769232,0.05141909896511124,0.027725103798723436,0.08684863523573201,0.23557128156987345,Cam Newton,QB,285.55,91.20000000000002
00-0027942,2020,REG,0,0,0.0,0,0.0,0.0,0.0,0,0,0.0,0.0,0.0,0.0,0,0.0,0.0,0,0.0,0,0.0,0.0,0.0,0.0,0,47,104,523.0,2,0.0,0.0,1427.0,86.0,34.0,-15.264712276453274,0,5.719373676800746,2.8826458875807894,4.800183670172864,7.684097400492189,0.0,64.30000000000001,16,0.17900172117039587,0.3018828009308229,0.04799107142857143,0.5100088225002521,0.13788557869760085,0.10526315789473684,0.1691542288557214,0.16363636363636364,0.12157436829616884,0.13136109453702804,0.9001721170395869,0.0857591961905349,A.J. Green,WR,111.30000000000001,156.8
00-0027942,2021,REG,0,0,0.0,0,0.0,0.0,0.0,0,0,0.0,0.0,0.0,0.0,0,0.0,0.0,0,0.0,0,0.0,0.0,0.0,0.0,0,54,92,848.0,3,0.0,0.0,1109.0,181.0,37.0,29.420385656513346,0,12.32139607765746,2.637033525216123,4.299310286845871,6.9650674886162935,0.0,102.80000000000001,16,0.16312056737588654,0.2576074332171893,0.08727097396335583,0.45076679763758126,0.1955268618860964,0.11538461538461539,0.18226600985221675,0.17467248908296942,0.1554557386353559,0.1794984125858002,1.50354609929078,0.1015688763943049,A.J. Green,WR,156.8,59.6
00-0027944,2020,REG,0,0,0.0,0,0.0,0.0,0.0,0,0,0.0,0.0,0.0,0.0,0,0.0,0.0,0,0.0,0,0.0,0.0,0.0,0.0,0,51,68,771.0,3,0.0,0.0,764.0,231.0,36.0,53.42866038358502,0,11.073137477435772,1.802141847730083,2.2775575497440417,4.2975030564159535,0.0,95.10000000000001,9,0.19263456090651557,0.2335677162947111,0.26160815402038506,0.47580601439554226,0.2766415500538213,0.2,0.2571428571428571,0.25161290322580643,0.23832077502691065,0.26131324004305706,2.1841359773371103,0.16499525680986585,Julio Jones,WR,146.10000000000002,92.6
00-0027944,2021,REG,0,0,0.0,0,0.0,0.0,0.0,0,0,0.0,0.0,0.0,0.0,0,0.0,0.0,0,0.0,0,0.0,0.0,0.0,0.0,0,31,48,434.0,1,0.0,0.0,579.0,112.0,19.0,15.380997685733822,0,9.54805154552669,1.573468660968661,2.4068775343204414,4.0450172654773,0.0,49.400000000000006,10,0.15384615384615385,0.24399494310998734,0.11336032388663968,0.42596518525722066,0.19409660107334525,0.08333333333333333,0.16521739130434782,0.15748031496062992,0.13871496720333928,0.17194394752534287,1.391025641025641,0.09544839376023934,Julio Jones,WR,92.6,90.80000000000001
00-0027944,2022,REG,0,0,0.0,0,0.0,0.0,0.0,0,0,0.0,0.0,0.0,0.0,0,0.0,0.0,5,45.0,0,0.0,0.0,4.0,3.1908539203577675,0,24,43,299.0,2,0.0,0.0,603.0,114.0,13.0,7.485836521878732,0,4.970211174089011,1.0368018046890182,1.9982388025080835,2.9539698687891858,0.0,46.4,10,0.09429824561403509,0.19539857420609202,0.07579787234042554,0.29776622778592626,0.10125296308838469,0.11764705882352941,0.087248322147651,0.09036144578313253,0.10945001095595705,0.10453178223541364,0.6557017543859649,0.07207059642513462,Julio Jones,WR,90.80000000000001,41.599999999999994
00-0027948,2020,REG,9,16,143.0,2,0.0,1.0,7.0,1,0,108.0,80.0,5.0,-0.5905255725215492,0,1.3240740740740742,0.10600794323816456,9,16.0,0,0.0,0.0,0.0,-4.023622662352864,0,0,0,0.0,0,0.0,0.0,0.0,0.0,0.0,0.0,0,0.0,0.0,0.0,0.0,0.0,15.319999999999999,4,0.0,0.0,0.0,0.0,0.0,0.0,0.0,0.0,0.0,0.0,0.0,0.034220872051465324,Blaine Gabbert,QB,16.75,2.6500000000000004
00-0027948,2021,REG,7,11,67.0,0,0.0,1.0,10.0,0,0,90.0,39.0,4.0,0.1918351231798563,0,5.440476190476191,0.0,9,-7.0,0,0.0,0.0,0.0,-14.470991324749775,0,0,0,0.0,0,0.0,0.0,0.0,0.0,0.0,0.0,0,0.0,0.0,0.0,0.0,0.0,1.98,6,0.0,0.0,0.0,0.0,0.0,0.0,0.0,0.0,0.0,0.0,0.0,0.002740484429065744,Blaine Gabbert,QB,2.6500000000000004,5.45
00-0027948,2022,REG,6,8,29.0,1,0.0,0.0,0.0,0,0,20.0,37.0,2.0,0.2152441979269497,0,1.45,0.07338804154963942,0,0.0,0,0.0,0.0,0.0,0.0,0,0,0,0.0,0,0.0,0.0,0.0,0.0,0.0,0.0,0,0.0,0.0,0.0,0.0,0.0,5.16,1,0.0,0.0,0.0,0.0,0.0,0.0,0.0,0.0,0.0,0.0,0.0,0.07628622117090479,Blaine Gabbert,QB,5.45,7.75
00-0027966,2020,REG,0,0,0.0,0,0.0,0.0,0.0,0,0,0.0,0.0,0.0,0.0,0,0.0,0.0,72,299.0,2,0.0,0.0,14.0,-5.569566930731526,0,6,8,50.0,0,0.0,0.0,12.0,49.0,2.0,0.04204380888710224,0,8.127450980392156,0.3285971393388273,0.038478805764583304,0.5198308730434492,0.0,46.9,10,0.030303030303030304,0.004987531172069825,0.06257982120051085,0.04944457039220131,0.027442371020856202,0.0,0.02247191011235955,0.018691588785046728,0.013721185510428101,0.021953896816684963,0.1893939393939394,0.06152021212262176,Mark Ingram,RB,52.900000000000006,108.60000000000001
00-0027966,2021,REG,0,0,0.0,0,0.0,0.0,0.0,0,0,0.0,0.0,0.0,0.0,0,0.0,0.0,160,554.0,2,1.0,1.0,22.0,-31.323440707754344,0,27,35,162.0,0,0.0,0.0,-1.0,164.0,9.0,-2.091120018536458,0,23.401587301587302,1.0142649988135826,-0.0005869625768335808,1.5209866244165904,0.0,81.60000000000001,14,0.07592190889370933,-0.00029507229271171436,0.12032281731474688,0.11364680550639462,0.0533596837944664,0.0,0.06428571428571428,0.05660377358490566,0.0266798418972332,0.042687747035573126,0.351409978308026,0.10596776082120138,Mark Ingram,RB,108.60000000000001,48.1
00-0027973,2020,REG,216,333,2170.0,14,8.0,24.0,184.0,1,0,2289.0,1043.0,116.0,-11.200869862839083,0,9.863079766114591,0.806234315588982,28,114.0,0,1.0,1.0,11.0,2.241580728703687,0,1,1,-3.0,0,0.0,0.0,-7.0,4.0,0.0,-1.7065034480765462,0,0.0,0.03225806451612903,-0.034653465346534656,0.02412967103161929,0.0,135.9,11,0.002457002457002457,-0.002459592410400562,0.0029563932002956393,0.001717829757183236,-0.001053370786516854,0.0,0.0,0.0,-0.000526685393258427,-0.0008426966292134832,-0.007371007371007371,0.13805691696415967,Andy Dalton,QB,158.6,95.35000000000001
00-0027973,2021,REG,149,236,1515.0,8,9.0,18.0,143.0,1,1,1643.0,752.0,83.0,-31.21305377452016,2,8.755591810798045,0.4744862034357162,16,76.0,0,0.0,0.0,2.0,-0.7613289881432483,0,0,0,0.0,0,0.0,0.0,0.0,0.0,0.0,0.0,0,0.0,0.0,0.0,0.0,0.0,84.2,8,0.0,0.0,0.0,0.0,0.0,0.0,0.0,0.0,0.0,0.0,0.0,0.13704427083333331,Andy Dalton,QB,95.35000000000001,200.95000000000002
00-0027973,2022,REG,252,378,2871.0,18,9.0,25.0,189.0,4,1,2981.0,1318.0,135.0,17.990597040069932,1,14.018657302853672,1.185450478577533,30,54.0,0,1.0,0.0,6.0,-8.735762504770781,0,0,0,0.0,0,0.0,0.0,0.0,0.0,0.0,0.0,0,0.0,0.0,0.0,0.0,0.0,174.24,14,0.0,0.0,0.0,0.0,0.0,0.0,0.0,0.0,0.0,0.0,0.0,0.15822164105916967,Andy Dalton,QB,200.95000000000002,27.250000000000004
00-0027973,2023,REG,34,58,361.0,2,0.0,3.0,27.0,0,0,477.0,128.0,17.0,4.548329591227218,0,0.7568134171907757,0.06331220456200536,3,12.0,0,0.0,0.0,2.0,1.4284599639941007,0,0,0,0.0,0,0.0,0.0,0.0,0.0,0.0,0.0,0,0.0,0.0,0.0,0.0,0.0,23.64,2,0.0,0.0,0.0,0.0,0.0,0.0,0.0,0.0,0.0,0.0,0.0,0.11342481527684482,Andy Dalton,QB,27.250000000000004,68.85000000000001
00-0027981,2020,REG,0,0,0.0,0,0.0,0.0,0.0,0,0,0.0,0.0,0.0,0.0,0,0.0,0.0,0,0.0,0,0.0,0.0,0.0,0.0,0,28,37,334.0,1,1.0,1.0,261.0,164.0,16.0,8.672041541816728,0,29.290709728867622,1.2765015895400786,0.9646337836676901,2.5899960328775014,0.0,37.400000000000006,12,0.10192837465564739,0.08189519924694069,0.12693498452012383,0.21840872138102363,0.10868857793686951,0.038461538461538464,0.10738255033557047,0.09714285714285714,0.07357505819920399,0.09464317004180331,0.9201101928374655,0.055564051587908454,Kyle Rudolph,TE,65.4,57.7
00-0027981,2021,REG,0,0,0.0,0,0.0,0.0,0.0,0,0,0.0,0.0,0.0,0.0,0,0.0,0.0,0,0.0,0,0.0,0.0,0.0,0.0,0,26,39,257.0,1,0.0,0.0,240.0,137.0,12.0,7.179265411463514,1,17.110669552101776,1.3168996721316815,1.2933420156326323,2.880688919140365,0.0,33.7,15,0.07386363636363637,0.06048387096774194,0.09985422740524781,0.15918255131964812,0.08580968280467446,0.07142857142857142,0.08163265306122448,0.08074534161490683,0.07861912711662294,0.08293346052945387,0.48674242424242425,0.05904460488576798,Kyle Rudolph,TE,57.7,11.8
00-0028002,2020,REG,0,1,0.0,0,0.0,0.0,0.0,0,0,7.0,0.0,0.0,-0.5173710964154452,0,0.0,0.0,0,0.0,0,0.0,0.0,0.0,0.0,0,38,48,441.0,3,0.0,0.0,323.0,171.0,20.0,25.867501427764168,0,14.704105643467148,1.4614515852735477,1.2320695870863072,3.0546260888707364,0.0,62.1,10,0.1415929203539823,0.11180339217722396,0.1360381861575179,0.3018320942727526,0.1529656607700312,0.15,0.14925373134328357,0.14935064935064934,0.1514828303850156,0.15237252861602496,1.3008849557522124,0.10635133125092963,Randall Cobb,WR,100.1,95.6
00-0028002,2021,REG,0,0,0.0,0,0.0,0.0,0.0,0,0,0.0,0.0,0.0,0.0,0,0.0,0.0,1,1.0,0,0.0,0.0,0.0,-0.46127630572300404,0,28,39,375.0,5,0.0,0.0,307.0,138.0,21.0,21.414158601906966,0,13.942394888086737,1.1400074717081359,1.0913410351708377,2.4739499321817897,0.0,67.6,11,0.09974424552429667,0.09614782336360789,0.08868894601542417,0.22653462697733132,0.12750765045902754,0.22727272727272727,0.14583333333333334,0.1566265060240964,0.1773901888658774,0.14746066582176748,0.959079283887468,0.09332838705898433,Randall Cobb,WR,95.6,81.7
00-0028002,2022,REG,0,0,0.0,0,0.0,0.0,0.0,0,0,0.0,0.0,0.0,0.0,0,0.0,0.0,0,0.0,0,0.0,0.0,0.0,0.0,0,34,50,417.0,1,1.0,0.0,475.0,185.0,19.0,22.56483781379832,0,17.106273650701834,1.550428792332817,1.9515429347962694,3.6917232428566145,0.0,47.7,13,0.11494252873563218,0.1397881106533255,0.11620603015075377,0.2842442816261087,0.14002686366689054,0.05263157894736842,0.12751677852348994,0.11904761904761904,0.09632922130712948,0.12254780672298612,0.9586206896551724,0.07445412459446653,Randall Cobb,WR,81.7,14.9
00-0028042,2020,REG,0,0,0.0,0,0.0,0.0,0.0,0,0,0.0,0.0,0.0,0.0,0,0.0,0.0,0,0.0,0,0.0,0.0,0.0,0.0,0,7,11,63.0,0,0.0,0.0,21.0,52.0,4.0,1.0541954583022743,0,27.45,0.2734031891615143,0.06252461954300187,0.4538720174223728,0.0,6.300000000000001,9,0.029649595687331536,0.00668364099299809,0.057777777777777775,0.049821306325395776,0.02342878393454816,0.0,0.0273972602739726,0.025,0.01171439196727408,0.01874302714763853,0.16981132075471697,0.015233775456440564,Luke Stocker,TE,13.299999999999999,3.2
00-0028097,2020,REG,0,0,0.0,0,0.0,0.0,0.0,0,0,0.0,0.0,0.0,0.0,0,0.0,0.0,0,0.0,0,0.0,0.0,0.0,0.0,0,4,6,35.0,2,0.0,0.0,22.0,20.0,3.0,-0.13627341273240745,0,6.384615384615385,0.1788910621147463,0.06441348626603557,0.31342603355834436,0.0,15.5,5,0.033707865168539325,0.014588859416445624,0.03316749585406302,0.06223288528596549,0.02234993614303959,0.125,0.036585365853658534,0.05102040816326531,0.0736749680715198,0.04287994891443167,0.19662921348314608,0.032346891380797556,Lee Smith,TE,19.5,21.5
00-0028118,2020,REG,16,30,208.0,0,0.0,2.0,1.0,0,0,335.0,80.0,10.0,-0.19123305879765118,0,0.6208955223880597,0.010346467644596114,6,7.0,0,0.0,0.0,1.0,-5.524574456503615,0,0,0,0.0,0,0.0,0.0,0.0,0.0,0.0,0.0,0,0.0,0.0,0.0,0.0,0.0,9.02,1,0.0,0.0,0.0,0.0,0.0,0.0,0.0,0.0,0.0,0.0,0.0,0.13539477634344038,Tyrod Taylor,QB,11.1,91.4
00-0028118,2021,REG,91,150,966.0,5,5.0,13.0,119.0,0,0,1107.0,491.0,44.0,-14.875614879206069,0,6.39998851480026,0.6120331854352492,19,151.0,3,3.0,0.0,7.0,13.619090607910966,0,0,0,0.0,0,0.0,0.0,0.0,0.0,0.0,0.0,0,0.0,0.0,0.0,0.0,0.0,81.74,6,0.0,0.0,0.0,0.0,0.0,0.0,0.0,0.0,0.0,0.0,0.0,0.20789460298082302,Tyrod Taylor,QB,91.4,9.9
00-0028118,2022,REG,6,8,58.0,1,1.0,3.0,18.0,1,1,99.0,26.0,3.0,-4.385336910490878,1,1.8935185185185186,0.2416565112471205,5,70.0,0,1.0,0.0,5.0,9.137094320147298,0,0,0,0.0,0,0.0,0.0,0.0,0.0,0.0,0.0,0,0.0,0.0,0.0,0.0,0.0,11.319999999999999,2,0.0,0.0,0.0,0.0,0.0,0.0,0.0,0.0,0.0,0.0,0.0,0.07535614432166156,Tyrod Taylor,QB,9.9,100.75000000000001
00-0028118,2023,REG,116,180,1341.0,5,3.0,17.0,94.0,2,0,1541.0,578.0,52.0,2.116015696653961,0,6.960946885779897,0.7737828506503619,38,197.0,0,2.0,0.0,10.0,-0.41283654625414945,0,0,0,0.0,0,0.0,0.0,0.0,0.0,0.0,0.0,0,0.0,0.0,0.0,0.0,0.0,87.34,10,0.0,0.0,0.0,0.0,0.0,0.0,0.0,0.0,0.0,0.0,0.0,0.13339646271802547,Tyrod Taylor,QB,100.75000000000001,19.25
00-0028237,2020,REG,0,0,0.0,0,0.0,0.0,0.0,0,0,0.0,0.0,0.0,0.0,0,0.0,0.0,0,0.0,0,0.0,0.0,0.0,0.0,0,14,26,118.0,0,0.0,0.0,259.0,40.0,6.0,-6.594691073513939,0,3.024306455794659,0.7694174417730306,1.178889892615844,1.9793490874906368,0.0,11.8,5,0.15028901734104047,0.19270833333333334,0.07692307692307693,0.37960019267822737,0.11764705882352941,0.0,0.13636363636363635,0.125,0.058823529411764705,0.09411764705882353,0.6820809248554913,0.0767583006069261,Chris Hogan,WR,25.8,14.1
00-0028986,2020,REG,5,10,46.0,0,0.0,0.0,0.0,0,0,27.0,28.0,2.0,-4.156520829652436,0,1.7037037037037037,-0.0697043892053338,0,0.0,0,0.0,0.0,0.0,0.0,0,0,0,0.0,0,0.0,0.0,0.0,0.0,0.0,0.0,0,0.0,0.0,0.0,0.0,0.0,1.84,1,0.0,0.0,0.0,0.0,0.0,0.0,0.0,0.0,0.0,0.0,0.0,0.03565891472868217,Case Keenum,QB,2.3000000000000003,33.3
00-0028986,2021,REG,47,72,462.0,3,1.0,5.0,29.0,1,1,420.0,306.0,25.0,-8.276253173967334,0,4.198973849718636,0.24243895962832943,12,22.0,0,0.0,0.0,6.0,-4.510518270983809,0,0,0,0.0,0,0.0,0.0,0.0,0.0,0.0,0.0,0,0.0,0.0,0.0,0.0,0.0,28.68,5,0.0,0.0,0.0,0.0,0.0,0.0,0.0,0.0,0.0,0.0,0.0,0.07325670498084291,Case Keenum,QB,33.3,0.4
00-0028986,2022,REG,2,7,8.0,0,0.0,0.0,0.0,0,0,57.0,5.0,0.0,-5.786273917416111,0,0.25,-0.11744811192781658,5,0.0,0,0.0,0.0,0.0,-5.391547637234908,0,0,0,0.0,0,0.0,0.0,0.0,0.0,0.0,0.0,0,0.0,0.0,0.0,0.0,0.0,0.32,2,0.0,0.0,0.0,0.0,0.0,0.0,0.0,0.0,0.0,0.0,0.0,0.0012453300124533,Case Keenum,QB,0.4,12.65
00-0029000,2020,REG,1,1,20.0,1,0.0,0.0,0.0,0,0,20.0,0.0,1.0,2.913771021645516,0,1.0,0.0,0,0.0,0,0.0,0.0,0.0,0.0,0,82,107,967.0,4,0.0,0.0,832.0,355.0,53.0,60.38279756924594,0,20.45372598038382,2.9524937997322467,2.7332338160655167,6.342004370844231,0.0,125.5,15,0.1917562724014337,0.177701836821871,0.1938831239759694,0.42979587805964736,0.21987266939517963,0.1111111111111111,0.2398190045248869,0.22178988326848248,0.16549189025314537,0.19812035773836595,1.7329749103942653,0.13181130972799227,Cole Beasley,WR,236.20000000000002,172.2
00-0029000,2021,REG,0,1,0.0,0,0.0,0.0,0.0,0,0,19.0,0.0,0.0,-0.47759081999538466,0,0.0,0.0,0,0.0,0,0.0,0.0,0.0,0.0,0,82,112,693.0,1,1.0,0.0,630.0,305.0,34.0,5.137129305082187,1,28.944481890557235,2.9472603204445234,2.073978501991205,5.872675432060628,0.0,77.3,16,0.18421052631578946,0.12490087232355274,0.1901496259351621,0.37623648733252635,0.1675531914893617,0.030303030303030304,0.1574074074074074,0.14056224899598393,0.098928110896196,0.14010315925209543,1.1398026315789473,0.1004958552556872,Cole Beasley,WR,172.2,27.3
00-0029119,2020,REG,0,0,0.0,0,0.0,0.0,0.0,0,0,0.0,0.0,0.0,0.0,0,0.0,0.0,0,0.0,0,0.0,0.0,0.0,0.0,0,1,1,14.0,0,0.0,0.0,-4.0,18.0,1.0,0.8328605507267639,0,0.0,0.034482758620689655,-0.017777777777777778,0.03927969348659004,0.0,1.4000000000000001,1,0.03225806451612903,-0.016877637130801686,0.11612903225806452,0.0348849870695522,0.05090909090909091,0.0,0.058823529411764705,0.05,0.025454545454545455,0.04072727272727273,0.45161290322580644,0.02298850574712644,Derek Carrier,TE,2.4000000000000004,3.3
00-0029239,2021,REG,0,0,0.0,0,0.0,0.0,0.0,0,0,0.0,0.0,0.0,0.0,0,0.0,0.0,44,226.0,1,1.0,0.0,12.0,-2.1517142397894307,1,41,49,405.0,2,0.0,0.0,14.0,416.0,21.0,19.05911317576294,0,-9.866546044255024,1.7856346710426405,-0.10047899516257917,2.6081167099501554,0.0,83.1,16,0.09702970297029703,0.0033751205400192863,0.2283205268935236,0.148244650887461,0.10352760736196319,0.08333333333333333,0.11797752808988764,0.11386138613861387,0.09343047034764826,0.09948875255623722,0.801980198019802,0.0866208783538543,Brandon Bolden,RB,128.8,27.3
00-0029239,2022,REG,0,0,0.0,0,0.0,0.0,0.0,0,0,0.0,0.0,0.0,0.0,0,0.0,0.0,17,66.0,0,0.0,0.0,3.0,-6.284645778941922,0,9,9,57.0,1,0.0,0.0,30.0,27.0,2.0,1.0231501434346804,0,8.882051282051282,0.27739481641920666,0.09195908326861017,0.4804635829168371,0.0,18.3,8,0.03180212014134275,0.011282437006393382,0.031141868512110725,0.05672912981712883,0.026685393258426966,0.07142857142857142,0.021505376344086023,0.028037383177570093,0.04905698234349919,0.03563402889245586,0.20141342756183744,0.03861167684996606,Brandon Bolden,RB,27.3,9.1
00-0029263,2020,REG,384,558,4212.0,40,13.0,47.0,301.0,2,2,4809.0,1827.0,213.0,78.27155225282836,1,14.615686342499487,2.629492442354223,83,513.0,2,4.0,2.0,25.0,2.0186417865625117,0,0,0,0.0,0,0.0,0.0,0.0,0.0,0.0,0.0,0,0.0,0.0,0.0,0.0,0.0,359.78000000000003,16,0.0,0.0,0.0,0.0,0.0,0.0,0.0,0.0,0.0,0.0,0.0,0.21945833841649384,Russell Wilson,QB,419.6,271.95
00-0029263,2021,REG,259,400,3113.0,25,6.0,33.0,266.0,4,1,3955.0,1383.0,135.0,16.506031373268872,1,11.846254433540036,1.6655767463966682,43,183.0,2,2.0,0.0,17.0,-2.4279138694765168,0,0,0,0.0,0,0.0,0.0,0.0,0.0,0.0,0.0,0,0.0,0.0,0.0,0.0,0.0,242.82,14,0.0,0.0,0.0,0.0,0.0,0.0,0.0,0.0,0.0,0.0,0.0,0.19641499360975845,Russell Wilson,QB,271.95,261.0
00-0029263,2022,REG,292,483,3524.0,16,11.0,55.0,368.0,4,2,4264.0,1720.0,142.0,-55.99700972790031,0,13.181928406144483,0.9342129219847752,55,277.0,3,2.0,0.0,21.0,15.226056107818474,0,1,1,1.0,0,0.0,0.0,-1.0,2.0,0.0,-0.38463787781074643,0,0.0,0.04,-0.0035211267605633804,0.057535211267605635,0.0,224.76000000000002,15,0.002004008016032064,-0.00022747952684258417,0.0011402508551881414,0.0028240284025740285,0.0002789400278940028,0.0,0.0,0.0,0.0001394700139470014,0.00022315202231520224,0.002004008016032064,0.19595521222116136,Russell Wilson,QB,261.0,283.6
00-0029263,2023,REG,297,447,3070.0,26,8.0,45.0,258.0,7,4,3189.0,1735.0,135.0,-16.336197524169002,2,15.711004444947886,1.5927855881814104,80,341.0,3,3.0,1.0,38.0,17.56566172705452,0,0,0,0.0,0,0.0,0.0,0.0,0.0,0.0,0.0,0,0.0,0.0,0.0,0.0,0.0,256.90000000000003,15,0.0,0.0,0.0,0.0,0.0,0.0,0.0,0.0,0.0,0.0,0.0,0.21865690697080603,Russell Wilson,QB,283.6,222.7
00-0029293,2020,REG,0,0,0.0,0,0.0,0.0,0.0,0,0,0.0,0.0,0.0,0.0,0,0.0,0.0,0,0.0,0,0.0,0.0,0.0,0.0,0,76,115,978.0,9,0.0,0.0,1461.0,196.0,52.0,26.542726302278318,0,12.284880981601336,3.2413487872590734,4.534637000391576,8.036269081162713,0.0,151.8,16,0.19759450171821305,0.2933145954627585,0.10386857445680975,0.5310434289475264,0.2224243802592677,0.3333333333333333,0.23636363636363636,0.24696356275303644,0.27787885679630053,0.24460617087408082,1.6804123711340206,0.15314491623416787,Marvin Jones,WR,227.8,180.2
00-0029293,2021,REG,0,0,0.0,0,0.0,0.0,0.0,0,0,0.0,0.0,0.0,0.0,0,0.0,0.0,0,0.0,0,0.0,0.0,0.0,0.0,0,73,120,832.0,4,0.0,0.0,1438.0,120.0,42.0,25.553950244378093,0,10.746101416181212,3.5223477289330947,5.274380545799814,8.975587975459511,0.0,107.2,17,0.1986754966887417,0.30178384050367263,0.07317073170731707,0.5394403174360507,0.22645617855198694,0.3333333333333333,0.23595505617977527,0.24210526315789474,0.2798947559426601,0.24783160950825622,1.3774834437086092,0.14857444387645727,Marvin Jones,WR,180.2,131.9
00-0029293,2022,REG,0,0,0.0,0,0.0,0.0,0.0,0,0,0.0,0.0,0.0,0.0,0,0.0,0.0,0,0.0,0,0.0,0.0,0.0,0.0,0,46,81,529.0,3,0.0,0.0,1071.0,95.0,29.0,11.479467955404148,0,8.660894724278949,2.341933262686937,4.248675534454453,6.486972768148522,0.0,70.9,16,0.14111498257839722,0.2511137162954279,0.049273858921161824,0.41256344690393815,0.13281446146121015,0.125,0.145,0.14285714285714285,0.12890723073060506,0.13125156916896813,0.921602787456446,0.08297135394486557,Marvin Jones,WR,131.9,6.5
00-0029567,2020,REG,202,312,1852.0,10,8.0,18.0,145.0,1,0,2502.0,701.0,93.0,-33.65516300228922,0,5.955409343659161,0.5582134733051517,16,1.0,1,0.0,0.0,2.0,-6.658684139663819,0,0,0,0.0,0,0.0,0.0,0.0,0.0,0.0,0.0,0,0.0,0.0,0.0,0.0,0.0,104.18,9,0.0,0.0,0.0,0.0,0.0,0.0,0.0,0.0,0.0,0.0,0.0,0.13646485551858742,Nick Foles,QB,122.7,17.3
00-0029567,2021,REG,24,35,250.0,1,0.0,4.0,21.0,1,0,198.0,165.0,14.0,4.486182382183367,1,1.2626262626262625,0.14847836551298665,4,8.0,0,0.0,0.0,1.0,-0.015443912358023226,0,0,0,0.0,0,0.0,0.0,0.0,0.0,0.0,0.0,0,0.0,0.0,0.0,0.0,0.0,16.8,1,0.0,0.0,0.0,0.0,0.0,0.0,0.0,0.0,0.0,0.0,0.0,0.1791044776119403,Nick Foles,QB,17.3,4.05
00-0029604,2020,REG,349,516,4265.0,35,13.0,39.0,256.0,8,4,4103.0,1936.0,212.0,91.6894228925342,5,21.899808499296064,2.557740877313698,32,156.0,1,1.0,1.0,16.0,1.6465529236011207,0,0,0,0.0,0,0.0,0.0,0.0,0.0,0.0,0.0,0,0.0,0.0,0.0,0.0,0.0,306.2,16,0.0,0.0,0.0,0.0,0.0,0.0,0.0,0.0,0.0,0.0,0.0,0.1882685686178062,Kirk Cousins,QB,341.85,342.55
00-0029604,2021,REG,372,561,4221.0,33,7.0,28.0,197.0,10,2,4573.0,1813.0,192.0,71.63356777481539,0,15.249050312055731,1.8000000110233607,29,115.0,1,2.0,0.0,8.0,-4.479162720842506,0,0,0,0.0,0,0.0,0.0,0.0,0.0,0.0,0.0,0,0.0,0.0,0.0,0.0,0.0,300.34000000000003,16,0.0,0.0,0.0,0.0,0.0,0.0,0.0,0.0,0.0,0.0,0.0,0.19526180971823112,Kirk Cousins,QB,342.55,365.6
00-0029604,2022,REG,424,643,4547.0,29,14.0,46.0,329.0,5,3,4821.0,1967.0,230.0,18.464406551715793,3,16.98790585975999,1.8198971116843659,31,97.0,2,2.0,0.0,11.0,1.2276068408497767,0,0,0,0.0,0,0.0,0.0,0.0,0.0,0.0,0.0,0,0.0,0.0,0.0,0.0,0.0,291.58,17,0.0,0.0,0.0,0.0,0.0,0.0,0.0,0.0,0.0,0.0,0.0,0.17474320096846493,Kirk Cousins,QB,365.6,173.05
00-0029604,2023,REG,216,311,2331.0,18,5.0,17.0,110.0,4,3,2252.0,996.0,112.0,37.10304547110406,0,8.48299432724033,1.0611103338147516,14,25.0,0,2.0,1.0,6.0,1.6873686246108264,0,0,0,0.0,0,0.0,0.0,0.0,0.0,0.0,0.0,0,0.0,0.0,0.0,0.0,0.0,149.74,8,0.0,0.0,0.0,0.0,0.0,0.0,0.0,0.0,0.0,0.0,0.0,0.19518744460086554,Kirk Cousins,QB,173.05,214.4
00-0029608,2020,REG,0,0,0.0,0,0.0,0.0,0.0,0,0,0.0,0.0,0.0,0.0,0,0.0,0.0,0,0.0,0,0.0,0.0,0.0,0.0,0,56,93,762.0,5,0.0,0.0,1166.0,194.0,42.0,28.430317407048335,1,18.77344218687423,2.871297008944288,4.943176782840843,7.767169261405023,0.0,108.2,15,0.1830708661417323,0.31547619047619047,0.09349397590361445,0.5269872515935508,0.19247284667845416,0.20833333333333334,0.22105263157894736,0.21962616822429906,0.20040309000589374,0.19564494400943,1.5,0.11429287374883411,T.Y. Hilton,WR,167.4,74.10000000000001
00-0029608,2021,REG,0,0,0.0,0,0.0,0.0,0.0,0,0,0.0,0.0,0.0,0.0,0,0.0,0.0,0,0.0,0,0.0,0.0,0.0,0.0,0,23,37,331.0,3,0.0,0.0,476.0,71.0,15.0,20.310024556005374,0,11.879993375669224,1.3444107560887835,2.1260924451468695,3.504880845735984,0.0,51.1,10,0.1289198606271777,0.20220900594732372,0.09594594594594595,0.3551469956986255,0.18196811434854315,0.2,0.17857142857142858,0.18181818181818182,0.19098405717427158,0.18557449147883454,1.1533101045296168,0.09139572746558786,T.Y. Hilton,WR,74.10000000000001,25.9
00-0029632,2020,REG,0,0,0.0,0,0.0,0.0,0.0,0,0,0.0,0.0,0.0,0.0,0,0.0,0.0,1,3.0,0,0.0,0.0,1.0,0.4821899353992194,0,17,24,187.0,1,0.0,0.0,289.0,37.0,13.0,16.18049120499631,1,7.240781609195402,0.6872384461270129,0.8892106231361717,1.6533051053858396,0.0,27.0,7,0.09195402298850575,0.120216306156406,0.04567901234567901,0.23410407940788341,0.09055690072639225,0.1,0.12264150943396226,0.1206896551724138,0.09527845036319613,0.0924455205811138,0.7164750957854407,0.06322747521195574,Mohamed Sanu,WR,42.0,32.7
00-0029664,2021,REG,0,0,0.0,0,0.0,0.0,0.0,0,0,0.0,0.0,0.0,0.0,0,0.0,0.0,0,0.0,0,0.0,0.0,0.0,0.0,0,5,14,32.0,1,0.0,0.0,153.0,5.0,3.0,-12.496325224316571,0,3.45,0.4455061864117716,0.6359813795004501,1.1134462452679725,0.0,9.200000000000001,9,0.03888888888888889,0.05955624756714675,0.003711952487008166,0.10597833138705073,0.013876843018213356,0.07692307692307693,0.023622047244094488,0.02857142857142857,0.045399959970645144,0.02648608979918607,0.08888888888888889,0.01718213058419244,Josh Gordon,WR,14.200000000000001,0.0
00-0029701,2020,REG,315,481,3819.0,34,7.0,24.0,173.0,5,1,4024.0,1529.0,202.0,126.13042575347839,1,15.641026010670263,2.7587099896784797,43,266.0,7,1.0,0.0,22.0,25.38342217283207,2,1,1,0.0,0,0.0,0.0,0.0,0.0,0.0,-1.4736892051282982,0,0.0,0.030303030303030304,0.0,0.045454545454545456,0.0,347.36,16,0.002061855670103093,0.0,0.0,0.0030927835051546395,0.0,0.0,0.0,0.0,0.0,0.0,0.0,0.2173663455298757,Ryan Tannehill,QB,391.40000000000003,317.90000000000003
00-0029701,2021,REG,357,531,3734.0,22,14.0,47.0,327.0,6,3,3954.0,1778.0,192.0,24.610613446694344,1,17.13946540973682,2.2877356203065107,55,270.0,7,4.0,1.0,33.0,34.28934092627623,0,0,0,0.0,0,0.0,0.0,0.0,0.0,0.0,0.0,0,0.0,0.0,0.0,0.0,0.0,272.36,17,0.0,0.0,0.0,0.0,0.0,0.0,0.0,0.0,0.0,0.0,0.0,0.18865415252476275,Ryan Tannehill,QB,317.90000000000003,188.60000000000002
00-0029701,2022,REG,212,325,2536.0,14,6.0,33.0,238.0,2,1,2532.0,1179.0,116.0,19.717154413364575,1,12.503220433837251,1.1159025550601402,34,98.0,2,1.0,1.0,12.0,-3.553960902703693,0,0,0,0.0,0,0.0,0.0,0.0,0.0,0.0,0.0,0,0.0,0.0,0.0,0.0,0.0,165.24,12,0.0,0.0,0.0,0.0,0.0,0.0,0.0,0.0,0.0,0.0,0.0,0.18625307153001644,Ryan Tannehill,QB,188.60000000000002,96.2
00-0029738,2020,REG,0,0,0.0,0,0.0,0.0,0.0,0,0,0.0,0.0,0.0,0.0,0,0.0,0.0,0,0.0,0,0.0,0.0,0.0,0.0,0,21,28,312.0,4,0.0,0.0,199.0,177.0,16.0,22.770065922290087,0,52.329798892392276,0.8504894189740096,0.6350797164466765,1.720289929973688,0.0,55.2,12,0.06982543640897755,0.05572668720246429,0.11879194630872483,0.14931950437543778,0.09022556390977443,0.18181818181818182,0.10126582278481013,0.1111111111111111,0.13602187286397813,0.10854408749145592,0.7780548628428927,0.06787088499358701,Darren Fells,TE,76.2,8.3
00-0029892,2020,REG,0,0,0.0,0,0.0,0.0,0.0,0,0,0.0,0.0,0.0,0.0,0,0.0,0.0,17,64.0,2,0.0,0.0,12.0,4.827591393084731,0,19,29,202.0,4,1.0,0.0,188.0,101.0,10.0,-0.783810750086559,0,11.413257050056453,0.8914770704082038,0.8813861584673555,1.9541859165394546,0.0,62.6,16,0.05087719298245614,0.049696008458895054,0.04397039616891598,0.11607259624080025,0.04675925925925926,0.16,0.04608294930875576,0.05785123966942149,0.10337962962962963,0.06940740740740742,0.3543859649122807,0.055183607222560355,Kyle Juszczyk,RB,81.6,78.7
00-0029892,2021,REG,0,0,0.0,0,0.0,0.0,0.0,0,0,0.0,0.0,0.0,0.0,0,0.0,0.0,8,22.0,1,0.0,0.0,3.0,-1.8524113975581713,0,30,38,296.0,1,0.0,0.0,272.0,151.0,16.0,14.139383341952438,0,20.284682225986572,1.2746078307291122,1.2144208779135546,2.7620063606331566,0.0,43.800000000000004,15,0.08370044052863436,0.07831845666570689,0.07427447122479094,0.18820542612551705,0.0755873340143003,0.043478260869565216,0.0903954802259887,0.085,0.05953279744193276,0.06916551938535329,0.6519823788546255,0.053898513043732284,Kyle Juszczyk,RB,78.7,56.0
00-0029892,2022,REG,0,0,0.0,0,0.0,0.0,0.0,0,0,0.0,0.0,0.0,0.0,0,0.0,0.0,7,26.0,1,0.0,0.0,5.0,1.9088444688240997,0,19,23,200.0,1,0.0,0.0,63.0,149.0,9.0,6.573157199949492,0,30.35105401844532,0.7142198111891314,0.2695184580902472,1.2599926374468702,0.0,34.6,13,0.05609756097560976,0.022710886806056235,0.08637681159420289,0.10231505090825962,0.06474587245063128,0.043478260869565216,0.06,0.057803468208092484,0.05411206666009825,0.06049235013441807,0.4878048780487805,0.046272316033012184,Kyle Juszczyk,RB,56.0,49.4
00-0029892,2023,REG,0,0,0.0,0,0.0,0.0,0.0,0,0,0.0,0.0,0.0,0.0,0,0.0,0.0,5,6.0,0,0.0,0.0,2.0,-1.9073626617027912,0,14,17,119.0,2,0.0,0.0,73.0,58.0,8.0,9.338851278327638,0,22.711691086691086,0.6272188922188922,0.3479172608679064,1.1843704209358727,0.0,24.5,10,0.056291390728476824,0.0303156146179402,0.046031746031746035,0.10868957778706739,0.044485981308411214,0.1,0.06504065040650407,0.06993006993006994,0.07224299065420561,0.055588785046728977,0.39403973509933776,0.03872070803580408,Kyle Juszczyk,RB,49.4,57.6
00-0030035,2020,REG,0,0,0.0,0,0.0,0.0,0.0,0,0,0.0,0.0,0.0,0.0,0,0.0,0.0,3,15.0,0,0.0,0.0,0.0,-0.04136826784815639,0,74,108,925.0,14,0.0,0.0,1239.0,243.0,52.0,46.032115305780906,1,14.641908297777688,3.834007164650757,5.124744838601205,9.33833213399698,0.0,180.0,15,0.22929936305732485,0.33154937115333155,0.13078579117330463,0.6091885415086525,0.23370389085396664,0.4375,0.26804123711340205,0.2920353982300885,0.3356019454269833,0.27446311268317336,1.9639065817409767,0.16823197467247752,Adam Thielen,WR,252.0,199.8
00-0030035,2021,REG,0,0,0.0,0,0.0,0.0,0.0,0,0,0.0,0.0,0.0,0.0,0,0.0,0.0,1,2.0,0,0.0,0.0,0.0,-0.1940601826645434,0,67,95,726.0,10,1.0,0.0,903.0,239.0,37.0,24.06156817936718,0,10.933711930496013,2.6463330606747246,3.4857604881629842,6.409531932726176,0.0,132.8,13,0.19467213114754098,0.24511400651465798,0.14067098293113597,0.48809940193303786,0.19605725087766676,0.38461538461538464,0.2138728323699422,0.23618090452261306,0.2903363177465257,0.23376887762521034,1.4877049180327868,0.15405730499953738,Adam Thielen,WR,199.8,186.0
00-0030035,2022,REG,0,0,0.0,0,0.0,0.0,0.0,0,0,0.0,0.0,0.0,0.0,0,0.0,0.0,1,4.0,0,0.0,0.0,0.0,-0.13352352380752563,0,70,107,716.0,6,0.0,0.0,1036.0,152.0,45.0,11.078383340258071,1,12.246581013855955,2.916166059595195,3.901759757137019,7.105480919388706,0.0,110.0,17,0.15922619047619047,0.206580259222333,0.07186761229314421,0.4041034930921521,0.14860938148609382,0.2,0.18442622950819673,0.18613138686131386,0.17430469074304691,0.15888750518887507,1.0654761904761905,0.10787357217341276,Adam Thielen,WR,186.0,229.0
00-0030035,2023,REG,0,0,0.0,0,0.0,0.0,0.0,0,0,0.0,0.0,0.0,0.0,0,0.0,0.0,1,6.0,0,0.0,0.0,0.0,0.2364210255909711,0,103,137,1014.0,4,2.0,0.0,1058.0,340.0,56.0,59.67539748838629,1,17.142093564557,4.32465195634627,4.431789127138895,9.589230323516631,0.0,128.0,17,0.23378839590443687,0.23605533244087462,0.23627519110493397,0.539526859809355,0.31248073959938366,0.3076923076923077,0.37333333333333335,0.36809815950920244,0.31008652364584566,0.31152305321796847,1.7303754266211604,0.20493257629524483,Adam Thielen,WR,229.0,139.5
00-0030061,2020,REG,0,0,0.0,0,0.0,0.0,0.0,0,0,0.0,0.0,0.0,0.0,0,0.0,0.0,0,0.0,0,0.0,0.0,0.0,0.0,0,36,72,335.0,1,0.0,0.0,536.0,88.0,16.0,-19.265162982885926,1,7.707914403492321,2.0432192366910122,1.6711774154553554,4.234653045855267,0.0,41.5,11,0.17603911980440098,0.14373826763207295,0.08278457196613359,0.3790492938122598,0.13019821220365332,0.07142857142857142,0.13333333333333333,0.12686567164179105,0.10081339181611237,0.11844428404863695,0.8190709046454768,0.08304579841837938,Zach Ertz,TE,75.5,185.8
00-0030061,2021,REG,0,0,0.0,0,0.0,0.0,0.0,0,0,0.0,0.0,0.0,0.0,0,0.0,0.0,1,4.0,0,0.0,0.0,0.0,0.4552927357144654,0,74,112,763.0,5,0.0,0.0,844.0,340.0,40.0,10.337087929338539,0,24.562123000775056,3.188029990759804,3.5519477536077386,7.268408413665123,0.0,106.7,17,0.18512396694214875,0.18578032137354172,0.1474414570685169,0.4263102075120565,0.17508031206975677,0.23809523809523808,0.19900497512437812,0.20270270270270271,0.20658777508249743,0.18768329727485303,1.2611570247933885,0.11765701709835788,Zach Ertz,TE,185.8,111.60000000000001
00-0030061,2022,REG,0,0,0.0,0,0.0,0.0,0.0,0,0,0.0,0.0,0.0,0.0,0,0.0,0.0,0,0.0,0,0.0,0.0,0.0,0.0,0,47,69,406.0,4,0.0,0.0,548.0,130.0,24.0,6.274928354410032,2,9.016132912097985,1.7866616809780478,2.1494930264442393,4.184637639978039,0.0,68.6,10,0.17206982543640897,0.21101270696958027,0.10375099760574621,0.42691490373027763,0.16790736145574855,0.3076923076923077,0.19834710743801653,0.208955223880597,0.23779983457402815,0.19586435070306038,1.0124688279301746,0.1279298820300569,Zach Ertz,TE,111.60000000000001,51.7
00-0030061,2023,REG,0,0,0.0,0,0.0,0.0,0.0,0,0,0.0,0.0,0.0,0.0,0,0.0,0.0,0,0.0,0,0.0,0.0,0.0,0.0,0,27,43,187.0,1,0.0,0.0,332.0,46.0,8.0,-14.025217831120045,0,3.2349504584798705,1.3344603384752116,1.2600503709404582,2.8837257673711383,0.0,24.700000000000003,7,0.18695652173913044,0.17122227952552863,0.08,0.4174126062291186,0.136996336996337,0.16666666666666666,0.11428571428571428,0.11842105263157894,0.15183150183150185,0.14293040293040293,0.8130434782608695,0.09992269037495168,Zach Ertz,TE,51.7,212.9
00-0030068,2021,REG,0,0,0.0,0,0.0,0.0,0.0,0,0,0.0,0.0,0.0,0.0,0,0.0,0.0,2,-1.0,0,0.0,0.0,0.0,-1.2417586655938067,0,20,40,313.0,1,1.0,0.0,475.0,83.0,12.0,11.87448647992749,0,8.655108629454539,1.368573823595146,1.7280645485416188,3.262505919371852,0.0,37.199999999999996,14,0.09324009324009325,0.1280323450134771,0.06792144026186579,0.24228601587092155,0.10804280289955126,0.09090909090909091,0.0821917808219178,0.08280254777070063,0.09947594690432109,0.1046160605014592,0.7296037296037297,0.05725840357164308,Marquise Goodwin,WR,57.2,90.2
00-0030068,2022,REG,0,0,0.0,0,0.0,0.0,0.0,0,0,0.0,0.0,0.0,0.0,0,0.0,0.0,2,5.0,0,0.0,0.0,0.0,-0.5099560699309222,0,27,42,387.0,4,0.0,0.0,442.0,114.0,18.0,20.900176979249792,0,12.97574471929477,1.2211555213480758,1.6768430957394584,3.005523449039735,0.0,63.2,12,0.09905660377358491,0.14472822527832352,0.09283387622149837,0.26436748588303616,0.12801852464439298,0.2,0.12080536912751678,0.1301775147928994,0.16400926232219648,0.1424148197155144,0.9127358490566038,0.08685436967992913,Marquise Goodwin,WR,90.2,14.0
00-0030085,2020,REG,0,0,0.0,0,0.0,0.0,0.0,0,0,0.0,0.0,0.0,0.0,0,0.0,0.0,0,0.0,0,0.0,0.0,0.0,0.0,0,11,19,144.0,1,0.0,0.0,238.0,17.0,8.0,4.0013313359813765,0,6.390418219076006,0.5994807015430206,0.8843523261387474,1.518267680611654,0.0,20.400000000000002,7,0.08189655172413793,0.12205128205128205,0.021683673469387755,0.22048585322723252,0.0748829953198128,0.08333333333333333,0.08888888888888889,0.08823529411764706,0.07910816432657305,0.07657306292251691,0.6206896551724138,0.05143999213656172,Kenny Stills,WR,31.400000000000002,18.9
00-0030108,2020,REG,0,0,0.0,0,0.0,0.0,0.0,0,0,0.0,0.0,0.0,0.0,0,0.0,0.0,0,0.0,0,0.0,0.0,0.0,0.0,0,9,12,86.0,0,0.0,0.0,63.0,49.0,4.0,2.2589172719453927,0,11.653846153846153,0.40694692903995233,0.27853163518884905,0.8053925381921228,0.0,8.600000000000001,5,0.07272727272727272,0.0410958904109589,0.09780439121756487,0.1419676214196762,0.08206106870229007,0.0,0.08333333333333333,0.07407407407407407,0.04103053435114504,0.06564885496183206,0.5212121212121212,0.04755214525018913,Ryan Griffin,TE,17.6,65.10000000000001
00-0030108,2021,REG,0,0,0.0,0,0.0,0.0,0.0,0,0,0.0,0.0,0.0,0.0,0,0.0,0.0,0,0.0,0,0.0,0.0,0.0,0.0,0,27,42,261.0,2,1.0,0.0,223.0,149.0,14.0,3.003385997072008,0,25.034602103440847,1.1966846462153007,0.9404347153643996,2.4533312700780305,0.0,38.1,14,0.07954545454545454,0.05754838709677419,0.08418079096045197,0.16535689149560118,0.07381221719457014,0.11764705882352941,0.08187134502923976,0.0851063829787234,0.09572963800904977,0.082579185520362,0.4943181818181818,0.05773119080557625,Ryan Griffin,TE,65.10000000000001,6.6
00-0030155,2020,REG,0,0,0.0,0,0.0,0.0,0.0,0,0,0.0,0.0,0.0,0.0,0,0.0,0.0,0,0.0,0,0.0,0.0,0.0,0.0,0,7,14,45.0,0,0.0,0.0,92.0,25.0,2.0,-7.808701497329312,0,6.0095238095238095,0.35842582647093923,0.3327757935557017,0.7705817951954,0.0,4.5,7,0.050359712230215826,0.03658051689860835,0.03753753753753754,0.10480398186421042,0.026486168334314303,0.0,0.02247191011235955,0.019801980198019802,0.013243084167157151,0.021188934667451444,0.1618705035971223,0.019599154679937284,Demetrius Harris,TE,11.5,4.0
00-0030181,2020,REG,0,0,0.0,0,0.0,0.0,0.0,0,0,0.0,0.0,0.0,0.0,0,0.0,0.0,0,0.0,0,0.0,0.0,0.0,0.0,0,23,33,251.0,3,1.0,1.0,229.0,91.0,13.0,12.01016135867638,0,16.28738578361168,0.978964111287288,0.805755877237044,2.0324752809968625,0.0,41.1,13,0.07127429805615551,0.067116060961313,0.05022075055187638,0.16060429585328367,0.07317784256559767,0.14285714285714285,0.07975460122699386,0.08695652173913043,0.10801749271137026,0.0871137026239067,0.5421166306695464,0.051881829218939704,Jack Doyle,TE,84.1,77.2
00-0030279,2020,REG,0,1,0.0,0,0.0,0.0,0.0,0,0,15.0,0.0,0.0,-0.5174190076068044,0,0.0,0.0,1,-1.0,0,0.0,0.0,0.0,-1.052164508961141,0,100,147,992.0,8,3.0,2.0,1052.0,437.0,61.0,29.87666058192373,1,14.177532384777304,3.737009740041452,3.6425395130380998,8.155292269188848,0.0,145.1,14,0.261101243339254,0.24654323880946802,0.21828171828171827,0.5888864560564554,0.24843476083145505,0.2962962962962963,0.30808080808080807,0.30666666666666664,0.27236552856387564,0.2580070679244233,1.7619893428063944,0.17645534261565707,Keenan Allen,WR,243.1,255.8
00-0030279,2021,REG,0,1,0.0,0,0.0,0.0,0.0,0,0,14.0,0.0,0.0,-0.49345556169282645,1,0.0,0.0,0,0.0,0,0.0,0.0,0.0,0.0,0,106,157,1138.0,6,1.0,0.0,1306.0,341.0,66.0,31.648160211185925,0,14.939534107883633,4.110302646741504,4.853325426175573,9.562781768435157,0.0,151.8,16,0.24416796267496113,0.2697232548533664,0.14956140350877192,0.5820305478951349,0.24013504958852078,0.17142857142857143,0.27385892116182575,0.2608695652173913,0.2057818105085461,0.2263937539565309,1.7698289269051322,0.15203519573499405,Keenan Allen,WR,255.8,176.10000000000002
00-0030279,2022,REG,0,0,0.0,0,0.0,0.0,0.0,0,0,0.0,0.0,0.0,0.0,0,0.0,0.0,1,8.0,0,0.0,0.0,1.0,0.5883960318751633,0,66,89,752.0,4,1.0,1.0,770.0,257.0,38.0,27.14227377292331,0,11.911827758181975,2.331495921080699,2.967587907030431,5.57455541654235,0.0,98.0,10,0.2181372549019608,0.2891475779196395,0.16742671009771987,0.5585239446886527,0.2581531067627875,0.23529411764705882,0.26573426573426573,0.2625,0.24672361220492317,0.2535813089396418,1.8431372549019607,0.16453969018380288,Keenan Allen,WR,176.10000000000002,282.35
00-0030279,2023,REG,1,2,49.0,1,0.0,0.0,0.0,0,0,39.0,27.0,1.0,3.514876914501656,0,2.227272727272727,0.0,2,6.0,0,0.0,0.0,1.0,0.15395117574371397,0,108,150,1243.0,7,2.0,1.0,1452.0,396.0,56.0,60.83327256819728,0,11.012175396843434,4.080987874230866,5.422398485299409,9.917160751055885,0.0,170.86,13,0.3112033195020747,0.3879241250333957,0.24102251978088862,0.7771442792798287,0.3697204045211184,0.3333333333333333,0.3522012578616352,0.35,0.35152686892722584,0.36244299028356136,2.578838174273859,0.2407119674055659,Keenan Allen,WR,282.35,184.4
00-0030288,2020,REG,0,0,0.0,0,0.0,0.0,0.0,0,0,0.0,0.0,0.0,0.0,0,0.0,0.0,67,274.0,3,0.0,0.0,18.0,4.112434333722405,0,25,33,192.0,3,0.0,0.0,31.0,201.0,11.0,0.8191561441442392,0,86.2266081871345,1.2118459217204862,0.3518202581171856,2.064043063262759,0.0,82.60000000000001,10,0.11073825503355705,0.015531062124248497,0.18406593406593408,0.17853223224973438,0.08664259927797834,0.5,0.09482758620689655,0.11475409836065574,0.2933212996389892,0.1693140794223827,0.6442953020134228,0.13657595450852963,Rex Burkhead,RB,107.60000000000001,104.3
00-0030288,2021,REG,0,1,0.0,0,0.0,0.0,0.0,0,0,7.0,0.0,0.0,-0.4931206500623375,0,0.0,0.0,122,427.0,3,1.0,0.0,30.0,-5.235464330791729,0,25,32,186.0,0,0.0,0.0,50.0,141.0,9.0,3.539262187893489,0,20.435497835497834,1.0121357346357347,0.1898647004709561,1.651108892283271,0.0,79.3,14,0.07017543859649122,0.015124016938898971,0.10284463894967177,0.11736237144585601,0.06292286874154263,0.0,0.0661764705882353,0.05921052631578947,0.03146143437077131,0.050338294993234105,0.40789473684210525,0.10358114684092398,Rex Burkhead,RB,104.3,71.4
00-0030431,2020,REG,0,0,0.0,0,0.0,0.0,0.0,0,0,0.0,0.0,0.0,0.0,0,0.0,0.0,24,155.0,2,1.0,1.0,9.0,1.1141882756492123,0,90,129,936.0,6,1.0,0.0,898.0,494.0,46.0,12.133043187420958,0,28.814472120189905,3.732802794890164,3.7324902436867298,8.211947362915957,0.0,155.1,16,0.21864406779661016,0.22809245618491236,0.22004454342984409,0.5104400666428451,0.22376284962945256,0.3,0.22330097087378642,0.23008849557522124,0.26188142481472626,0.23901027970356206,1.5864406779661018,0.16868315646033777,Robert Woods,WR,272.4,135.2
00-0030431,2021,REG,0,0,0.0,0,0.0,0.0,0.0,0,0,0.0,0.0,0.0,0.0,0,0.0,0.0,8,46.0,1,0.0,0.0,1.0,1.9396912073134445,0,45,69,556.0,4,0.0,0.0,563.0,198.0,34.0,29.565317661937613,1,9.41497256872314,1.9589071515701506,1.9122299474569915,4.27692169057512,0.0,92.2,9,0.2123076923076923,0.20790251107828656,0.15639810426540285,0.48478354732416773,0.20028818443804033,0.17391304347826086,0.24817518248175183,0.2375,0.18710061395815059,0.19501315624608445,1.7107692307692308,0.14271745688310067,Robert Woods,WR,135.2,117.7
00-0030431,2022,REG,0,0,0.0,0,0.0,0.0,0.0,0,0,0.0,0.0,0.0,0.0,0,0.0,0.0,0,0.0,0,0.0,0.0,0.0,0.0,0,53,91,527.0,2,0.0,0.0,716.0,156.0,31.0,8.946638316698975,0,14.402275177698485,3.6104679733620806,3.7389797773363003,8.032987804178532,0.0,64.7,17,0.19956140350877194,0.20072890384076256,0.10123296560674887,0.459925228335768,0.16330957545708089,0.11764705882352941,0.20261437908496732,0.19411764705882353,0.14047831714030515,0.1541770721303706,1.155701754385965,0.10026578525914062,Robert Woods,WR,117.7,93.0
00-0030431,2023,REG,0,0,0.0,0,0.0,0.0,0.0,0,0,0.0,0.0,0.0,0.0,0,0.0,0.0,1,7.0,0,0.0,0.0,0.0,0.13571642304304987,0,40,75,426.0,1,0.0,0.0,732.0,126.0,26.0,2.1483266097997866,0,7.638205449329433,2.160214157813562,2.543369540826272,5.020679915298734,0.0,49.300000000000004,13,0.15889830508474576,0.18382722250125566,0.08677685950413223,0.3854092356281231,0.12485345838218054,0.05263157894736842,0.15757575757575756,0.14673913043478262,0.08874251866477448,0.11040908249521812,0.902542372881356,0.07986191847466417,Robert Woods,WR,93.0,42.5
00-0030456,2020,REG,0,0,0.0,0,0.0,0.0,0.0,0,0,0.0,0.0,0.0,0.0,0,0.0,0.0,124,416.0,3,1.0,1.0,23.0,-20.29637234826958,0,47,59,355.0,3,0.0,0.0,77.0,350.0,15.0,6.240529358006718,0,79.24654745838956,1.5989159055268407,0.3092513931370594,2.6148498334862027,0.0,111.10000000000001,16,0.10154905335628227,0.016289401311614132,0.1953125,0.1653551010837147,0.0935934616398629,0.15789473684210525,0.07462686567164178,0.08181818181818182,0.12574409924098406,0.10645371668031138,0.6110154905335629,0.12181966682590809,Giovani Bernard,RB,158.1,78.4
00-0030456,2021,REG,0,0,0.0,0,0.0,0.0,0.0,0,0,0.0,0.0,0.0,0.0,0,0.0,0.0,8,58.0,0,0.0,0.0,3.0,1.7233135008718818,0,23,29,123.0,3,1.0,0.0,30.0,134.0,8.0,-2.620225762556233,0,17.25052666631614,0.6569474979866017,0.1168990614668195,1.0672505900066762,0.0,36.1,10,0.0659090909090909,0.008805400645729381,0.08145896656534954,0.10590795688021985,0.03679329943164822,0.09090909090909091,0.045454545454545456,0.05263157894736842,0.06385119517036957,0.04761645772713676,0.27954545454545454,0.04908964050767493,Giovani Bernard,RB,78.4,4.7
00-0030465,2020,REG,0,0,0.0,0,0.0,0.0,0.0,0,0,0.0,0.0,0.0,0.0,0,0.0,0.0,0,0.0,0,0.0,0.0,0.0,0.0,0,0,1,0.0,0,0.0,0.0,3.0,0.0,0.0,1.0910411541117355,0,0.0,0.022222222222222223,0.0069767441860465115,0.03821705426356589,0.0,0.0,1,0.021739130434782608,0.0069124423963133645,0.0,0.0381386495692246,0.0,0.0,0.0,0.0,0.0,0.0,0.0,0.0,Kenjon Barner,RB,0.0,0.0
00-0030496,2020,REG,0,0,0.0,0,0.0,0.0,0.0,0,0,0.0,0.0,0.0,0.0,0,0.0,0.0,82,328.0,2,0.0,0.0,22.0,-15.833120424795197,0,16,20,138.0,0,1.0,0.0,10.0,136.0,7.0,3.7129141736077145,0,14.291666666666668,0.503017856953834,0.060971613386382406,0.7972069148012187,0.0,58.6,11,0.0447427293064877,0.002585983966899405,0.08187838651414811,0.06918288113325106,0.03945111492281304,0.0,0.041666666666666664,0.03626943005181347,0.01972555746140652,0.03156089193825043,0.3087248322147651,0.06333735205719042,Le'Veon Bell,RB,75.2,36.1
00-0030506,2020,REG,1,2,4.0,0,0.0,0.0,0.0,0,0,-2.0,7.0,1.0,0.4530931318295188,0,0.0,0.0,0,0.0,0,0.0,0.0,0.0,0.0,0,105,145,1416.0,11,1.0,1.0,1243.0,587.0,79.0,74.16691161171184,1,18.47157540386194,3.6962681054424036,3.7968827406948242,8.202220076649983,0.0,207.76,15,0.24247491638795987,0.25080710250201776,0.25813544415127526,0.5643580565835541,0.29580112805514935,0.2894736842105263,0.32644628099173556,0.32142857142857145,0.29263740613283784,0.2945356392862248,2.367892976588629,0.1852865555279091,Travis Kelce,TE,395.8,337.8
00-0030506,2021,REG,0,0,0.0,0,0.0,0.0,0.0,0,0,0.0,0.0,0.0,0.0,0,0.0,0.0,2,3.0,1,0.0,0.0,1.0,0.345061281172093,0,92,134,1125.0,9,1.0,1.0,994.0,564.0,62.0,50.8031916963652,0,20.278108965925078,3.5411274750833424,3.6309539221990095,7.85335895816432,0.0,170.8,16,0.20775193798449612,0.21099554234769688,0.2180131426362582,0.4804243408549017,0.24043599059628126,0.2647058823529412,0.24701195219123506,0.24912280701754386,0.2525709364746112,0.24528996894761326,1.744186046511628,0.1589971322435052,Travis Kelce,TE,337.8,391.0
00-0030506,2022,REG,0,0,0.0,0,0.0,0.0,0.0,0,0,0.0,0.0,0.0,0.0,0,0.0,0.0,2,5.0,0,0.0,0.0,1.0,0.48865970596671104,0,110,152,1338.0,12,1.0,1.0,1074.0,657.0,78.0,64.98388670637527,1,22.36961058818304,4.248591597310461,4.087938121141696,9.234444080764877,0.0,206.3,17,0.23348694316436253,0.22792869269949068,0.23215547703180212,0.5325733689061364,0.25485714285714284,0.2926829268292683,0.2867647058823529,0.28753993610223644,0.27377003484320556,0.26242229965156794,2.055299539170507,0.17014523937600862,Travis Kelce,TE,391.0,305.4
00-0030506,2023,REG,0,0,0.0,0,0.0,0.0,0.0,0,0,0.0,0.0,0.0,0.0,0,0.0,0.0,0,0.0,0,0.0,0.0,0.0,0.0,0,93,121,984.0,5,1.0,1.0,807.0,470.0,50.0,48.01501512007571,0,14.711325709680452,3.361666946743692,3.474720451365091,7.474804736071102,0.0,126.4,15,0.2137809187279152,0.22579742585338555,0.19121236777868186,0.5013093187745812,0.24581563827129652,0.19230769230769232,0.25,0.24336283185840707,0.21906166528949442,0.2351140490785757,1.7385159010600706,0.1603191769210534,Travis Kelce,TE,305.4,231.9
00-0030513,2020,REG,0,0,0.0,0,0.0,0.0,0.0,0,0,0.0,0.0,0.0,0.0,0,0.0,0.0,146,656.0,4,1.0,0.0,36.0,3.2498641531565227,0,23,26,176.0,1,0.0,0.0,-25.0,198.0,8.0,3.981081096382193,0,-11.461904761904762,0.836595819439419,-0.16230577826094258,1.1412796843764685,0.0,113.2,15,0.053061224489795916,-0.008185985592665358,0.10831509846827134,0.07304304826056159,0.04700854700854701,0.04,0.0425531914893617,0.04225352112676056,0.04350427350427351,0.04560683760683761,0.35918367346938773,0.09233522704161189,Latavius Murray,RB,146.2,103.60000000000001
00-0030513,2021,REG,0,0,0.0,0,0.0,0.0,0.0,0,0,0.0,0.0,0.0,0.0,0,0.0,0.0,119,501.0,6,0.0,0.0,36.0,-6.842852562328158,0,10,13,75.0,0,0.0,0.0,1.0,71.0,2.0,-0.5330616743885912,0,11.357142857142856,0.35740122949425274,-0.007959733280990366,0.5305300309446859,0.0,93.60000000000001,14,0.026804123711340205,0.00024906600249066,0.051711580480699196,0.04040543836900283,0.021632535333141044,0.0,0.011764705882352941,0.010752688172043012,0.010816267666570522,0.017306028266512837,0.15463917525773196,0.08404452088133174,Latavius Murray,RB,103.60000000000001,152.20000000000002
00-0030513,2022,REG,0,0,0.0,0,0.0,0.0,0.0,0,0,0.0,0.0,0.0,0.0,0,0.0,0.0,171,760.0,6,1.0,0.0,44.0,-5.9284636285571946,1,27,35,132.0,0,0.0,0.0,-63.0,188.0,4.0,-8.963229830212427,0,-4.2137085137085135,1.115907554028279,-0.2700053898599434,1.4848575581404582,0.0,127.2,13,0.08158508158508158,-0.01631279129984464,0.1334279630943932,0.10932738933774666,0.04416192706590833,0.0,0.031496062992125984,0.028169014084507043,0.022080963532954166,0.03532954165272666,0.3076923076923077,0.15106391316274145,Latavius Murray,RB,152.20000000000002,91.9
00-0030520,2020,REG,111,179,1072.0,7,5.0,9.0,53.0,1,1,1424.0,405.0,57.0,-17.798893215352646,1,3.6886130160862454,0.1312788027231272,6,17.0,0,1.0,1.0,2.0,-3.8118124931352213,0,0,0,0.0,0,0.0,0.0,0.0,0.0,0.0,0.0,0,0.0,0.0,0.0,0.0,0.0,60.58,5,0.0,0.0,0.0,0.0,0.0,0.0,0.0,0.0,0.0,0.0,0.0,0.14010175763182237,Mike Glennon,QB,69.30000000000001,38.800000000000004
00-0030525,2020,REG,0,0,0.0,0,0.0,0.0,0.0,0,0,0.0,0.0,0.0,0.0,0,0.0,0.0,0,0.0,0,0.0,0.0,0.0,0.0,0,5,5,20.0,0,0.0,0.0,-22.0,42.0,1.0,-0.30719311494613066,0,0.0,0.18951612903225806,-0.12544396992321039,0.1964634146021398,0.0,2.0,3,0.06097560975609756,-0.039285714285714285,0.09699769053117784,0.06003484320557491,0.026281208935611037,0.0,0.023809523809523808,0.018867924528301886,0.013140604467805518,0.02102496714848883,0.24390243902439024,0.02012419503219871,Tavon Austin,WR,7.0,53.4
00-0030564,2020,REG,0,0,0.0,0,0.0,0.0,0.0,0,0,0.0,0.0,0.0,0.0,0,0.0,0.0,1,1.0,0,0.0,0.0,0.0,0.9933590416330844,0,115,160,1407.0,6,3.0,2.0,1432.0,519.0,75.0,53.70943513266094,0,16.417185706114726,4.722254412880702,5.486062409774101,10.923625306162924,0.0,172.8,16,0.2782608695652174,0.32,0.2800863464651916,0.6733913043478261,0.3430034129692833,0.2222222222222222,0.35545023696682465,0.3403361344537815,0.28261281759575274,0.31884717481987107,2.4469565217391303,0.18628072855312044,DeAndre Hopkins,WR,287.8,147.20000000000002
00-0030564,2021,REG,0,0,0.0,0,0.0,0.0,0.0,0,0,0.0,0.0,0.0,0.0,0,0.0,0.0,0,0.0,0,0.0,0.0,0.0,0.0,0,42,64,572.0,8,0.0,0.0,788.0,140.0,32.0,42.37796969614686,0,8.925950410138704,2.034366827932508,3.283141433413751,5.349749245288388,0.0,105.2,10,0.2,0.2957957957957958,0.11146496815286625,0.5366366366366366,0.205607476635514,0.42105263157894735,0.25396825396825395,0.27586206896551724,0.3133300541072307,0.2486965076242007,1.7875,0.14552932336773838,DeAndre Hopkins,WR,147.20000000000002,151.7
00-0030564,2022,REG,0,0,0.0,0,0.0,0.0,0.0,0,0,0.0,0.0,0.0,0.0,0,0.0,0.0,0,0.0,0,0.0,0.0,0.0,0.0,0,64,96,717.0,3,2.0,1.0,976.0,165.0,35.0,8.66571795606147,0,7.194969754417803,2.665209496844445,3.7746467097950904,6.640066942123231,0.0,87.7,9,0.28152492668621704,0.4111204717775906,0.15942028985507245,0.7511837674513981,0.34805825242718447,0.3333333333333333,0.3723404255319149,0.36893203883495146,0.34069579288025886,0.34511326860841424,2.102639296187683,0.20826468973091702,DeAndre Hopkins,WR,151.7,223.6
00-0030564,2023,REG,0,1,0.0,0,0.0,0.0,0.0,0,0,-1.0,0.0,0.0,-0.4180150681640953,0,0.0,0.0,2,9.0,0,0.0,0.0,0.0,0.2670170360361226,0,75,137,1057.0,7,0.0,0.0,1934.0,223.0,48.0,19.165303081635933,0,10.755491086617702,4.804115555292026,7.06592016918937,12.152317451370598,0.0,148.6,17,0.2773279352226721,0.42328737141606476,0.13972431077694236,0.75462179996686,0.30096810933940776,0.5,0.3037974683544304,0.31976744186046513,0.4004840546697039,0.3407744874715262,2.139676113360324,0.18848838385541355,DeAndre Hopkins,WR,223.6,158.9
00-0030565,2020,REG,4,5,33.0,0,0.0,1.0,3.0,0,0,25.0,14.0,3.0,0.6387938609695993,0,1.32,0.07727208499262134,2,-2.0,0,1.0,0.0,0.0,-3.00831707182806,0,0,0,0.0,0,0.0,0.0,0.0,0.0,0.0,0.0,0,0.0,0.0,0.0,0.0,0.0,1.12,1,0.0,0.0,0.0,0.0,0.0,0.0,0.0,0.0,0.0,0.0,0.0,0.009344234940764225,Geno Smith,QB,1.4500000000000002,61.300000000000004
00-0030565,2021,REG,65,95,702.0,5,1.0,13.0,117.0,1,1,664.0,360.0,31.0,-1.2367402815664583,0,4.7418994812536885,0.5064178641288855,9,42.0,1,0.0,0.0,3.0,3.6669028171454556,0,0,0,0.0,0,0.0,0.0,0.0,0.0,0.0,0.0,0,0.0,0.0,0.0,0.0,0.0,54.28,4,0.0,0.0,0.0,0.0,0.0,0.0,0.0,0.0,0.0,0.0,0.0,0.1767732690679346,Geno Smith,QB,61.300000000000004,366.15000000000003
00-0030565,2022,REG,399,572,4282.0,30,11.0,46.0,348.0,5,2,4311.0,1780.0,206.0,28.773135374029334,0,18.60339895734846,2.1191096622892127,68,366.0,1,3.0,2.0,24.0,1.3382587222828484,0,0,0,0.0,0,0.0,0.0,0.0,0.0,0.0,0.0,0,0.0,0.0,0.0,0.0,0.0,303.88,17,0.0,0.0,0.0,0.0,0.0,0.0,0.0,0.0,0.0,0.0,0.0,0.19749395585826812,Geno Smith,QB,366.15000000000003,259.5
00-0030565,2023,REG,323,499,3624.0,20,9.0,31.0,231.0,4,2,3500.0,1714.0,169.0,32.440536514174156,2,15.825713940295476,1.5576720868736302,37,155.0,1,1.0,1.0,10.0,-4.9264974177931435,0,1,1,-2.0,0,0.0,0.0,-8.0,6.0,0.0,-1.4415200678631663,0,0.0,0.038461538461538464,-0.0625,0.013942307692307698,0.0,226.26,15,0.0019569471624266144,-0.0021984061555372354,0.0033917467495760316,0.001176695819210133,-0.0005420054200542005,0.0,0.0,0.0,-0.00027100271002710027,-0.00043360433604336043,-0.003913894324853229,0.18527637371596278,Geno Smith,QB,259.5,309.20000000000005
00-0030578,2020,REG,0,0,0.0,0,0.0,0.0,0.0,0,0,0.0,0.0,0.0,0.0,0,0.0,0.0,64,232.0,1,0.0,0.0,12.0,-9.040312266384717,0,21,25,132.0,0,0.0,0.0,90.0,114.0,7.0,-0.6680522247625049,0,13.204761904761906,0.6926754304796021,0.34582871253681663,1.2810932444951748,1.0,48.400000000000006,15,0.04325259515570934,0.019667832167832168,0.07219759341355288,0.08061315846782974,0.036065573770491806,0.0,0.035,0.03125,0.018032786885245903,0.028852459016393446,0.22837370242214533,0.053045937476114045,Cordarrelle Patterson,WR,63.6,234.6
00-0030578,2021,REG,0,1,0.0,0,0.0,0.0,0.0,0,0,18.0,0.0,0.0,-0.5996399439172819,0,0.0,0.0,153,618.0,6,1.0,0.0,29.0,-15.485663559607929,0,52,69,548.0,5,0.0,0.0,214.0,385.0,26.0,19.0910259758063,0,-4.7657231657231645,2.045510090268155,0.7365968612121053,3.583882938250706,0.0,182.6,16,0.12754158964879853,0.05412240768841679,0.23053892215568864,0.23461031062393123,0.1431183076521285,0.25,0.13756613756613756,0.14832535885167464,0.19655915382606426,0.16449464612170278,1.0129390018484288,0.18646277103071152,Cordarrelle Patterson,RB,234.6,148.7
00-0030578,2022,REG,0,0,0.0,0,0.0,0.0,0.0,0,0,0.0,0.0,0.0,0.0,0,0.0,0.0,144,695.0,8,1.0,1.0,39.0,-0.25217030422188547,0,21,31,122.0,0,0.0,0.0,75.0,116.0,6.0,-18.13727469034199,0,3.3945707070707076,1.2210725799256692,0.3424803947742078,2.071345146230449,1.0,133.70000000000002,13,0.09253731343283582,0.02262443438914027,0.12705366922234393,0.15690551766056593,0.05364995602462621,0.0,0.05217391304347826,0.048,0.026824978012313105,0.04291996481970097,0.3641791044776119,0.1717247963057523,Cordarrelle Patterson,RB,148.7,36.900000000000006
00-0030578,2023,REG,0,0,0.0,0,0.0,0.0,0.0,0,0,0.0,0.0,0.0,0.0,0,0.0,0.0,50,181.0,0,1.0,0.0,9.0,-7.982268733801776,0,9,12,38.0,1,0.0,0.0,10.0,37.0,2.0,-4.695393458852777,0,-0.21666666666666673,0.48411272164368135,0.04466016106900199,0.7574311952138235,0.0,27.900000000000002,12,0.031746031746031744,0.0031746031746031746,0.028527370855821126,0.05015873015873015,0.013328656611715188,0.07692307692307693,0.014285714285714285,0.0196078431372549,0.04512586676739606,0.026047540673987537,0.10052910052910052,0.038661414022882534,Cordarrelle Patterson,RB,36.900000000000006,37.5
00-0030663,2020,REG,0,0,0.0,0,0.0,0.0,0.0,0,0,0.0,0.0,0.0,0.0,0,0.0,0.0,0,0.0,0,0.0,0.0,0.0,0.0,0,33,48,432.0,3,1.0,0.0,428.0,187.0,23.0,18.345950578026663,0,13.741874938202178,1.8589225714733857,1.9458903921580226,4.150507131720694,0.0,61.2,13,0.13636363636363635,0.13762057877813505,0.17266851338873498,0.31464191756796256,0.16737698566447112,0.14285714285714285,0.17164179104477612,0.16774193548387098,0.15511706426080699,0.1624730171030055,1.2272727272727273,0.08420186996084882,Willie Snead,WR,104.6,7.800000000000001
00-0030874,2021,REG,0,0,0.0,0,0.0,0.0,0.0,0,0,0.0,0.0,0.0,0.0,0,0.0,0.0,40,164.0,2,0.0,0.0,11.0,-1.3214001172333125,0,16,23,103.0,1,0.0,0.0,41.0,109.0,3.0,-5.5267005378264,0,-20.208874458874458,0.7827314455681545,0.1702523927652419,1.2932738432879012,0.0,44.7,10,0.07348242811501597,0.017664799655320983,0.11043566362715299,0.12435548189678074,0.05173279758915118,0.125,0.029411764705882353,0.03636363636363636,0.08836639879457558,0.06638623807132095,0.329073482428115,0.08228946369502739,Damien Williams,RB,60.7,0.2
00-0030874,2022,REG,0,0,0.0,0,0.0,0.0,0.0,0,0,0.0,0.0,0.0,0.0,0,0.0,0.0,2,2.0,0,0.0,0.0,0.0,-1.1297846529632807,0,0,0,0.0,0,0.0,0.0,0.0,0.0,0.0,0.0,0,0.0,0.0,0.0,0.0,0.0,0.2,1,0.0,0.0,0.0,0.0,0.0,0.0,0.0,0.0,0.0,0.0,0.0,0.0025575447570332483,Damien Williams,RB,0.2,7.5
00-0030968,2020,REG,0,0,0.0,0,0.0,0.0,0.0,0,0,0.0,0.0,0.0,0.0,0,0.0,0.0,4,7.0,0,0.0,0.0,4.0,3.1995780938887037,0,11,15,59.0,0,0.0,0.0,28.0,44.0,4.0,-2.5534509741701186,0,14.5,0.40813505217529983,0.09360957414642732,0.6777292801654489,0.0,6.6000000000000005,12,0.0334075723830735,0.0071246819338422395,0.03508771929824561,0.05581110412168404,0.01791135397692775,0.0,0.023255813953488372,0.02072538860103627,0.008955676988463874,0.014329083181542199,0.13140311804008908,0.01581510702154808,Keith Smith,RB,17.6,17.7
00-0030968,2021,REG,0,0,0.0,0,0.0,0.0,0.0,0,0,0.0,0.0,0.0,0.0,0,0.0,0.0,9,31.0,0,0.0,0.0,3.0,-3.4974448425346054,0,9,10,56.0,0,0.0,0.0,21.0,38.0,3.0,1.6876383495982736,0,11.3,0.2983281503442794,0.1114621707056026,0.5255157450103408,0.0,8.700000000000001,9,0.03058103975535168,0.00897819581017529,0.04413472706155633,0.053054116281167754,0.026987951807228915,0.0,0.02912621359223301,0.02654867256637168,0.013493975903614458,0.021590361445783135,0.1712538226299694,0.02595307917888563,Keith Smith,RB,17.7,2.0
00-0030968,2022,REG,0,0,0.0,0,0.0,0.0,0.0,0,0,0.0,0.0,0.0,0.0,0,0.0,0.0,1,2.0,0,0.0,0.0,1.0,0.1993505461141467,0,1,2,8.0,0,0.0,0.0,2.0,8.0,0.0,-1.6073799715081623,0,0.0,0.12698412698412698,0.008333333333333333,0.1963095238095238,0.0,1.0,2,0.06060606060606061,0.006269592476489028,0.07079646017699115,0.09592476489028214,0.029850746268656716,0.0,0.0,0.0,0.014925373134328358,0.023880597014925373,0.24242424242424243,0.015323322096230461,Keith Smith,RB,2.0,6.300000000000001
00-0031045,2020,REG,0,0,0.0,0,0.0,0.0,0.0,0,0,0.0,0.0,0.0,0.0,0,0.0,0.0,81,356.0,4,0.0,0.0,20.0,0.6652354206636408,0,16,20,93.0,0,1.0,0.0,47.0,108.0,4.0,-0.9464918978440484,0,-5.55124716553288,0.6237983396307507,0.3034719300111451,1.1481278604539278,0.0,68.9,10,0.057803468208092484,0.016743854649091557,0.10102899906454631,0.10010028603141197,0.03593508500772798,0.0,0.030303030303030304,0.025157232704402517,0.01796754250386399,0.028748068006182383,0.26878612716763006,0.08124246425905725,Carlos Hyde,RB,85.4,45.800000000000004
00-0031051,2020,REG,0,0,0.0,0,0.0,0.0,0.0,0,0,0.0,0.0,0.0,0.0,0,0.0,0.0,0,0.0,0,0.0,0.0,0.0,0.0,0,33,52,458.0,3,0.0,0.0,643.0,177.0,22.0,27.627609191676296,0,10.772188650741196,1.458871474858317,2.0853564939134355,3.6480567580268803,0.0,63.8,9,0.16300940438871472,0.2327180600796236,0.1591726618705036,0.43068855464677097,0.16956682710107368,0.125,0.1732283464566929,0.16556291390728478,0.14728341355053684,0.16065346168085895,1.4357366771159874,0.09985146063706882,John Brown,WR,115.4,0.0
00-0031051,2021,REG,0,0,0.0,0,0.0,0.0,0.0,0,0,0.0,0.0,0.0,0.0,0,0.0,0.0,0,0.0,0,0.0,0.0,0.0,0.0,0,0,3,0.0,0,0.0,0.0,93.0,0.0,0.0,-5.6706744490657,0,0.0,0.09730691056910569,0.4207001865559367,0.4404504964428142,0.0,0.0,3,0.03,0.11847133757961784,0.0,0.13977707006369428,0.0,0.0,0.0,0.0,0.0,0.0,0.0,0.0,John Brown,WR,0.0,11.2
00-0031062,2020,REG,0,0,0.0,0,0.0,0.0,0.0,0,0,0.0,0.0,0.0,0.0,0,0.0,0.0,35,121.0,2,1.0,0.0,6.0,-6.708244395325892,0,49,62,375.0,1,0.0,0.0,-40.0,411.0,20.0,-0.018926412005249915,0,9.184737484737486,2.336971316922858,-0.20965926507349417,3.358695489832841,0.0,67.6,14,0.16847826086956522,-0.015904572564612324,0.3205928237129485,0.239993733252658,0.14619883040935672,0.1,0.15748031496062992,0.15328467153284672,0.12309941520467836,0.1369590643274854,1.0190217391304348,0.11922290388548057,James White,RB,116.6,31.200000000000003
00-0031235,2020,REG,1,1,18.0,0,0.0,0.0,0.0,0,0,17.0,1.0,1.0,0.5891706984839402,0,1.0588235294117647,0.0,3,72.0,1,0.0,0.0,2.0,5.054920660681091,0,23,43,319.0,3,0.0,0.0,584.0,46.0,17.0,2.1501875737073544,0,3.663738227631913,1.5397891582102108,2.4657353002009175,4.0356984474559585,0.0,63.82,7,0.2037914691943128,0.3205268935236004,0.09236947791164658,0.5621087186103495,0.210978835978836,0.1875,0.20238095238095238,0.2,0.199239417989418,0.20628306878306882,1.5118483412322274,0.134275727674843,Odell Beckham,WR,87.0,192.9
00-0031235,2023,REG,0,0,0.0,0,0.0,0.0,0.0,0,0,0.0,0.0,0.0,0.0,0,0.0,0.0,0,0.0,0,0.0,0.0,0.0,0.0,0,35,64,565.0,3,1.0,1.0,888.0,155.0,27.0,21.68043598897827,0,18.474923255075332,2.201955246966555,3.4129190690042077,5.691976218752778,0.0,72.5,14,0.15384615384615385,0.24666666666666667,0.09705698184095178,0.42810256410256414,0.16880788766059157,0.125,0.17307692307692307,0.16666666666666666,0.14690394383029579,0.16004631012847326,1.3581730769230769,0.08117005693230041,Odell Beckham Jr.,WR,114.9,14.5
00-0031236,2020,REG,0,0,0.0,0,0.0,0.0,0.0,0,0,0.0,0.0,0.0,0.0,0,0.0,0.0,0,0.0,0,0.0,0.0,0.0,0.0,0,81,119,1150.0,6,0.0,0.0,1408.0,345.0,51.0,48.26113919501093,0,12.179173764828716,3.553528908670583,4.5353612351100585,8.505046227582916,0.0,151.0,15,0.23062015503875968,0.30149892933618844,0.18638573743922204,0.5871293760270904,0.24870242214532873,0.1875,0.24056603773584906,0.2336065573770492,0.21810121107266436,0.236461937716263,2.2286821705426356,0.1549083236515631,Brandin Cooks,WR,232.0,231.8
00-0031236,2021,REG,0,0,0.0,0,0.0,0.0,0.0,0,0,0.0,0.0,0.0,0.0,0,0.0,0.0,2,21.0,0,0.0,0.0,1.0,0.8301585712470114,0,90,134,1037.0,6,0.0,0.0,1423.0,344.0,45.0,24.50105738538634,0,12.673416050367416,4.35361048534085,6.3857109386125765,11.000413385040078,0.0,141.8,16,0.2581888246628131,0.3756599788806758,0.21419676214196762,0.6878112200987603,0.3071682464454976,0.3157894736842105,0.30405405405405406,0.30538922155688625,0.31147886006485404,0.3088924918932402,1.998073217726397,0.20605543406759472,Brandin Cooks,WR,231.8,145.6
00-0031236,2022,REG,0,0,0.0,0,0.0,0.0,0.0,0,0,0.0,0.0,0.0,0.0,0,0.0,0.0,2,7.0,0,0.0,0.0,0.0,-0.5028223688714206,0,57,93,699.0,3,0.0,0.0,1013.0,205.0,29.0,5.043835464450634,0,9.959249557944641,2.747584422869096,3.9289699912680454,6.8716556281912755,0.0,88.6,13,0.2012987012987013,0.29846788450206246,0.13712374581939799,0.5407223595497019,0.23735144312393888,0.21428571428571427,0.23577235772357724,0.23357664233576642,0.22581857870482658,0.23273829735629398,1.5129870129870129,0.15570527216340496,Brandin Cooks,WR,145.6,182.5
00-0031236,2023,REG,0,0,0.0,0,0.0,0.0,0.0,0,0,0.0,0.0,0.0,0.0,0,0.0,0.0,5,35.0,0,0.0,0.0,1.0,1.7098924642195925,0,54,81,657.0,8,1.0,0.0,1069.0,125.0,38.0,34.77321821005462,1,11.45541476741169,2.288525463451934,3.729938221258292,6.043744950058706,0.0,119.2,16,0.140625,0.23098530682800344,0.06641870350690754,0.3957257454624028,0.14914869466515324,0.23529411764705882,0.1784037558685446,0.1862348178137652,0.19222140615610603,0.16637777926153435,1.140625,0.10782543734047188,Brandin Cooks,WR,182.5,69.6
00-0031237,2020,REG,340,492,3733.0,15,11.0,31.0,205.0,2,2,3507.0,1884.0,174.0,33.511927450437895,1,16.435146775132367,1.6573605645456808,53,279.0,5,4.0,1.0,18.0,11.535348646393466,0,0,0,0.0,0,0.0,0.0,0.0,0.0,0.0,0.0,0,0.0,0.0,0.0,0.0,0.0,241.22,15,0.0,0.0,0.0,0.0,0.0,0.0,0.0,0.0,0.0,0.0,0.0,0.1884914123181271,Teddy Bridgewater,QB,276.55,231.20000000000002
00-0031237,2021,REG,285,426,3052.0,18,7.0,31.0,211.0,0,0,3424.0,1387.0,146.0,57.955571553219876,1,12.792732508133325,1.8710742564610716,30,106.0,2,1.0,1.0,16.0,1.6456387290329593,0,0,0,0.0,0,0.0,0.0,0.0,0.0,0.0,0.0,0,0.0,0.0,0.0,0.0,0.0,202.68,14,0.0,0.0,0.0,0.0,0.0,0.0,0.0,0.0,0.0,0.0,0.0,0.17244078410019056,Teddy Bridgewater,QB,231.20000000000002,44.85
00-0031237,2022,REG,49,79,683.0,4,4.0,7.0,45.0,0,0,704.0,307.0,32.0,0.3831824399777548,0,2.8350672607282292,0.30523962713942804,3,27.0,0,0.0,0.0,2.0,3.3702399597968906,0,0,0,0.0,0,0.0,0.0,0.0,0.0,0.0,0.0,0,0.0,0.0,0.0,0.0,0.0,38.02,5,0.0,0.0,0.0,0.0,0.0,0.0,0.0,0.0,0.0,0.0,0.0,0.09284039851533504,Teddy Bridgewater,QB,44.85,-0.2
00-0031260,2020,REG,1,1,28.0,0,0.0,0.0,0.0,0,0,28.0,0.0,1.0,1.8633733799215406,0,1.0,0.0,3,5.0,0,0.0,0.0,2.0,-0.5711841466836631,0,72,110,670.0,6,0.0,0.0,770.0,288.0,36.0,7.755255846641633,0,14.401439608294448,3.0931080660842283,3.4186769740021075,7.032735980927818,0.0,104.62,16,0.18302828618968386,0.20749124225276205,0.1315669255367748,0.44053542308673543,0.17650158061116966,0.375,0.1956521739130435,0.21,0.2757507903055848,0.21620126448893576,1.1148086522462561,0.13570078522365814,Logan Thomas,TE,189.3,53.6
00-0031260,2021,REG,0,0,0.0,0,0.0,0.0,0.0,0,0,0.0,0.0,0.0,0.0,0,0.0,0.0,0,0.0,0,0.0,0.0,0.0,0.0,0,18,25,196.0,3,1.0,1.0,249.0,67.0,10.0,4.5747595037391875,0,5.140851210155464,0.8188948306595365,1.2233917645216894,2.084716481154487,0.0,35.6,5,0.16025641025641027,0.24292682926829268,0.11472602739726027,0.43472607879924957,0.17785843920145192,0.375,0.19230769230769232,0.21666666666666667,0.276429219600726,0.21728675136116155,1.2564102564102564,0.13144342537642847,Logan Thomas,TE,53.6,77.3
00-0031260,2022,REG,0,0,0.0,0,0.0,0.0,0.0,0,0,0.0,0.0,0.0,0.0,0,0.0,0.0,0,0.0,0,0.0,0.0,0.0,0.0,0,39,61,323.0,1,0.0,0.0,430.0,126.0,15.0,-8.530384151428546,0,9.701236705069658,2.0170961108700487,1.5417955228716977,4.1049010323152615,0.0,38.300000000000004,13,0.14186046511627906,0.11974380395433026,0.10632911392405063,0.3085857408378828,0.11353251318101933,0.05263157894736842,0.10416666666666667,0.09815950920245399,0.08308204606419387,0.10135232633428916,0.7511627906976744,0.0748088648020904,Logan Thomas,TE,77.3,124.8
00-0031273,2020,REG,0,0,0.0,0,0.0,0.0,0.0,0,0,0.0,0.0,0.0,0.0,0,0.0,0.0,0,0.0,0,0.0,0.0,0.0,0.0,0,28,34,282.0,2,0.0,0.0,291.0,71.0,17.0,23.421315205123452,0,12.792426792063482,0.8596878141173703,0.79138345616017,1.8435001404881746,0.0,40.2,13,0.06601941747572816,0.061522198731501054,0.0446821900566394,0.1482468851987931,0.0695780903034789,0.05263157894736842,0.08292682926829269,0.07818930041152264,0.06110483462542366,0.0661887880322568,0.5475728155339806,0.04622099327694643,Cameron Brate,TE,105.7,86.3
00-0031273,2021,REG,0,0,0.0,0,0.0,0.0,0.0,0,0,0.0,0.0,0.0,0.0,0,0.0,0.0,0,0.0,0,0.0,0.0,0.0,0.0,0,30,57,245.0,4,0.0,0.0,434.0,81.0,15.0,-2.1851556426469148,0,12.438534175425655,1.3840879172165828,1.3370896112015151,3.012094603665935,0.0,48.5,16,0.08370044052863436,0.07966226138032305,0.03379224030037547,0.18928046989720998,0.04896083133493206,0.10256410256410256,0.05976095617529881,0.06551724137931035,0.07576246694951731,0.059681485580766164,0.35976505139500736,0.043792118534386575,Cameron Brate,TE,86.3,45.2
00-0031280,2020,REG,348,517,4103.0,27,9.0,26.0,150.0,8,7,4184.0,1956.0,193.0,60.1711940404073,1,16.3279998885134,2.2411699245610306,39,140.0,3,3.0,1.0,16.0,7.822110942363957,0,0,0,0.0,0,0.0,0.0,0.0,0.0,0.0,0.0,0,0.0,0.0,0.0,0.0,0.0,272.12,16,0.0,0.0,0.0,0.0,0.0,0.0,0.0,0.0,0.0,0.0,0.0,0.17806336783970894,Derek Carr,QB,311.15000000000003,325.5
00-0031280,2021,REG,428,626,4804.0,23,14.0,40.0,241.0,9,5,5084.0,2283.0,217.0,40.301518820790776,0,16.915385942731543,1.9410622244629554,40,108.0,0,4.0,0.0,9.0,-4.127118461962333,0,0,0,0.0,0,0.0,0.0,0.0,0.0,0.0,0.0,0,0.0,0.0,0.0,0.0,0.0,256.96000000000004,17,0.0,0.0,0.0,0.0,0.0,0.0,0.0,0.0,0.0,0.0,0.0,0.16796747329751216,Derek Carr,QB,325.5,254.3
00-0031280,2022,REG,305,502,3522.0,24,14.0,27.0,191.0,3,0,4602.0,1509.0,161.0,29.295583846643776,0,11.745561091345287,1.1180340252896626,24,102.0,0,1.0,0.0,10.0,1.731023923435714,0,0,0,0.0,0,0.0,0.0,0.0,0.0,0.0,0.0,0,0.0,0.0,0.0,0.0,0.0,219.08,15,0.0,0.0,0.0,0.0,0.0,0.0,0.0,0.0,0.0,0.0,0.0,0.17195962386775718,Derek Carr,QB,254.3,275.9
00-0031280,2023,REG,375,548,3878.0,25,8.0,31.0,218.0,5,2,4280.0,1696.0,185.0,25.91905731362155,2,16.60523925953741,1.9716220940066789,32,40.0,0,2.0,1.0,4.0,-20.27587383863353,0,0,0,0.0,0,0.0,0.0,0.0,0.0,0.0,0.0,0,0.0,0.0,0.0,0.0,0.0,241.12,17,0.0,0.0,0.0,0.0,0.0,0.0,0.0,0.0,0.0,0.0,0.0,0.15908161245629082,Derek Carr,QB,275.9,170.35000000000002
00-0031285,2020,REG,0,0,0.0,0,0.0,0.0,0.0,0,0,0.0,0.0,0.0,0.0,0,0.0,0.0,54,172.0,1,0.0,0.0,9.0,-9.08425383042777,0,7,10,58.0,0,0.0,0.0,-14.0,70.0,3.0,1.2837847552727908,0,-19.875,0.36138478379857686,-0.08302015519250316,0.48396306706311315,0.0,29.000000000000004,5,0.06666666666666667,-0.0137524557956778,0.17369727047146402,0.08899803536345777,0.0651685393258427,0.0,0.06521739130434782,0.061224489795918366,0.03258426966292135,0.05213483146067416,0.38666666666666666,0.11654257041113632,Devonta Freeman,RB,36.0,146.6
00-0031319,2020,REG,0,0,0.0,0,0.0,0.0,0.0,0,0,0.0,0.0,0.0,0.0,0,0.0,0.0,3,19.0,0,0.0,0.0,1.0,1.2487400487880222,0,3,6,26.0,0,0.0,0.0,33.0,12.0,1.0,0.7865765070467853,0,2.5,0.16449408404732763,0.09139235036707226,0.31071577132794204,1.0,10.5,5,0.033707865168539325,0.019855595667870037,0.019834710743801654,0.06644627428710502,0.019984627209838585,0.0,0.01694915254237288,0.015151515151515152,0.009992313604919293,0.015987701767870868,0.14606741573033707,0.03230128726611475,Diontae Spencer,WR,7.5,0.7
00-0031325,2020,REG,0,1,0.0,0,1.0,0.0,0.0,0,0,24.0,0.0,0.0,-1.9586510438239202,0,0.0,0.0,1,3.0,0,0.0,0.0,0.0,-0.21544046787312254,0,37,55,421.0,2,1.0,1.0,443.0,157.0,27.0,21.287328498766737,0,9.569567993212061,1.454047914612911,1.5021936518773893,3.232607428233539,0.0,50.4,10,0.13447432762836187,0.12792376552122436,0.10122501611863315,0.3040505038595223,0.13243158225857188,0.08333333333333333,0.16666666666666666,0.15591397849462366,0.1078824577959526,0.12261193247352417,1.0293398533007334,0.07968200134930621,Sammy Watkins,WR,89.7,70.4
00-0031325,2021,REG,0,0,0.0,0,0.0,0.0,0.0,0,0,0.0,0.0,0.0,0.0,0,0.0,0.0,0,0.0,0,0.0,0.0,0.0,0.0,0,27,49,394.0,1,1.0,1.0,630.0,107.0,17.0,-1.9972376012962414,0,7.122488268996785,1.543832775065832,2.0751884307137383,3.7683810640983646,0.0,43.400000000000006,11,0.12596401028277635,0.18850987432675045,0.09353146853146853,0.3397539148855649,0.13961729270021261,0.08333333333333333,0.13076923076923078,0.1267605633802817,0.11147531301677296,0.12836050082683675,1.012853470437018,0.07338072505159583,Sammy Watkins,WR,70.4,48.7
00-0031345,2020,REG,94,140,1096.0,7,5.0,11.0,77.0,1,0,879.0,714.0,55.0,24.87557400059915,0,7.547815875459169,0.9379620672754891,10,25.0,0,1.0,0.0,3.0,1.8931924603600483,0,0,0,0.0,0,0.0,0.0,0.0,0.0,0.0,0.0,0,0.0,0.0,0.0,0.0,0.0,64.34,6,0.0,0.0,0.0,0.0,0.0,0.0,0.0,0.0,0.0,0.0,0.0,0.11498320108656801,Jimmy Garoppolo,QB,75.30000000000001,292.85
00-0031345,2021,REG,301,441,3810.0,20,12.0,29.0,201.0,4,2,3306.0,1966.0,172.0,93.07486054271166,1,18.513674619696044,2.2818547448456825,38,51.0,3,5.0,1.0,15.0,3.3076189078896627,0,0,0,0.0,0,0.0,0.0,0.0,0.0,0.0,0.0,0,0.0,0.0,0.0,0.0,0.0,227.5,15,0.0,0.0,0.0,0.0,0.0,0.0,0.0,0.0,0.0,0.0,0.0,0.16374681503447677,Jimmy Garoppolo,QB,292.85,189.15
00-0031345,2022,REG,207,308,2437.0,16,4.0,18.0,100.0,1,1,2124.0,1443.0,114.0,75.50642052189109,0,13.034163987447904,1.4181268162793,23,33.0,2,1.0,1.0,11.0,-3.066392077616431,0,0,0,0.0,0,0.0,0.0,0.0,0.0,0.0,0.0,0,0.0,0.0,0.0,0.0,0.0,164.78,11,0.0,0.0,0.0,0.0,0.0,0.0,0.0,0.0,0.0,0.0,0.0,0.16830085386281,Jimmy Garoppolo,QB,189.15,74.15
00-0031345,2023,REG,110,169,1205.0,7,9.0,14.0,101.0,0,0,1364.0,468.0,60.0,-19.161635413862108,1,5.848699342114885,0.4281019083343922,20,39.0,0,1.0,0.0,6.0,-2.7111202365194913,0,0,0,0.0,0,0.0,0.0,0.0,0.0,0.0,0.0,0,0.0,0.0,0.0,0.0,0.0,64.1,7,0.0,0.0,0.0,0.0,0.0,0.0,0.0,0.0,0.0,0.0,0.0,0.12755203565885304,Jimmy Garoppolo,QB,74.15,23.2
00-0031376,2020,REG,0,0,0.0,0,0.0,0.0,0.0,0,0,0.0,0.0,0.0,0.0,0,0.0,0.0,81,319.0,5,0.0,0.0,16.0,-10.439695873967139,0,33,46,253.0,1,0.0,0.0,156.0,178.0,12.0,-9.541061513119038,0,23.112671045429668,1.3613639535447282,0.6557637256467199,2.5010805382697963,0.0,93.2,14,0.09465020576131687,0.04801477377654663,0.08755533694048205,0.1803871276632126,0.06757478632478632,0.047619047619047616,0.06451612903225806,0.06280193236714976,0.05759691697191697,0.06358363858363858,0.5205761316872428,0.09800723793547986,Jerick McKinnon,RB,126.2,87.4
00-0031376,2021,REG,0,0,0.0,0,0.0,0.0,0.0,0,0,0.0,0.0,0.0,0.0,0,0.0,0.0,12,62.0,0,0.0,0.0,2.0,-1.933192994678393,0,13,20,107.0,1,0.0,0.0,-9.0,134.0,7.0,2.1758417758974247,0,-8.884415584415585,0.4608850931677019,-0.04862765648898811,0.6572882802092611,0.0,22.9,7,0.06349206349206349,-0.0038281582305401958,0.1106523534269199,0.09217556865366308,0.04958294717330862,0.06666666666666667,0.05737704918032787,0.058394160583941604,0.05812480691998764,0.052999691071980236,0.3396825396825397,0.049825126297673904,Jerick McKinnon,RB,87.4,208.5
00-0031376,2022,REG,0,0,0.0,0,0.0,0.0,0.0,0,0,0.0,0.0,0.0,0.0,0,0.0,0.0,72,291.0,1,0.0,0.0,12.0,-9.96355854565627,0,56,71,512.0,9,1.0,1.0,48.0,541.0,28.0,22.60151935874825,1,30.241471734892787,1.8973212533296222,0.16883010364858736,2.9641629525484445,0.0,140.3,17,0.10906298003072197,0.010186757215619695,0.1911660777385159,0.17174387581857872,0.09752380952380953,0.21951219512195122,0.10294117647058823,0.1182108626198083,0.15851800232288038,0.12192148664343788,0.7864823348694316,0.1055944055944056,Jerick McKinnon,RB,208.5,87.9
00-0031381,2020,REG,0,0,0.0,0,0.0,0.0,0.0,0,0,0.0,0.0,0.0,0.0,0,0.0,0.0,0,0.0,0,0.0,0.0,0.0,0.0,0,115,149,1374.0,18,1.0,1.0,1330.0,597.0,73.0,77.43359819182902,0,15.191236043386786,4.7605967891495,5.543559306564494,11.021386698319397,0.0,243.40000000000003,14,0.3232104121475054,0.373385738349242,0.3102910602910603,0.7835242089006517,0.3724586608837083,0.43902439024390244,0.3945945945945946,0.4026548672566372,0.4057415255638054,0.3857718067557472,2.980477223427332,0.23584222786675968,Davante Adams,WR,401.7,365.3
00-0031381,2021,REG,0,0,0.0,0,0.0,0.0,0.0,0,0,0.0,0.0,0.0,0.0,0,0.0,0.0,0,0.0,0,0.0,0.0,0.0,0.0,0,123,169,1553.0,11,0.0,0.0,1614.0,601.0,84.0,71.96588018300136,0,17.690573937346155,5.068822851721333,5.93186289938119,11.755538307148834,0.0,221.3,16,0.3039568345323741,0.36573759347382734,0.26452464788732394,0.748525326577623,0.35766927683095345,0.2972972972972973,0.37333333333333335,0.36259541984732824,0.3274832870641254,0.34559488092422225,2.7931654676258995,0.21725412991077628,Davante Adams,WR,365.3,335.5
00-0031381,2022,REG,0,0,0.0,0,0.0,1.0,10.0,0,0,0.0,0.0,0.0,-1.8045640784548596,0,0.0,0.0,3,-1.0,0,0.0,0.0,0.0,-3.830479648313485,0,100,180,1516.0,14,1.0,0.0,2129.0,493.0,65.0,34.971585395342906,0,11.19748507456346,5.576177032367095,7.131117176492586,13.356047572095452,0.0,235.5,17,0.30716723549488056,0.3972756111214779,0.2769662921348315,0.7785713421395032,0.36250597800095646,0.5,0.33678756476683935,0.3574660633484163,0.43125298900047826,0.3900047824007652,2.5870307167235493,0.22945191426500156,Davante Adams,WR,335.5,265.40000000000003
00-0031381,2023,REG,0,0,0.0,0,0.0,0.0,0.0,0,0,0.0,0.0,0.0,0.0,0,0.0,0.0,0,0.0,0,0.0,0.0,0.0,0.0,0,103,175,1144.0,8,0.0,0.0,1896.0,336.0,59.0,13.48143869957893,0,14.137004756266109,5.528750209490108,7.609418523979678,13.619718281020937,0.0,162.4,17,0.3141831238779174,0.4428871758934828,0.2085661080074488,0.8255844265316624,0.3120567375886525,0.4,0.3241758241758242,0.3316831683168317,0.35602836879432626,0.32964539007092203,2.0538599640933572,0.21387013070736702,Davante Adams,WR,265.40000000000003,239.29999999999998
00-0031382,2020,REG,4,4,74.0,1,0.0,0.0,0.0,0,0,58.0,16.0,4.0,7.160423681838438,0,3.2,0.0,4,10.0,1,0.0,0.0,2.0,1.1697791883489117,0,72,101,840.0,3,1.0,0.0,826.0,347.0,46.0,48.569121688554716,0,19.390962870533528,3.606466403966404,3.596628657611857,7.927339666277906,0.0,115.96000000000001,15,0.22544642857142858,0.21594771241830066,0.2698289269051322,0.5109278127917833,0.2459016393442623,0.1111111111111111,0.25136612021857924,0.23333333333333334,0.1785063752276867,0.21894353369763206,1.875,0.1381916567412178,Jarvis Landry,WR,223.9,133.0
00-0031382,2021,REG,0,0,0.0,0,0.0,1.0,1.0,1,1,0.0,0.0,0.0,-4.688111118914094,0,0.0,0.0,6,40.0,2,1.0,0.0,4.0,5.013085333448405,0,52,87,570.0,2,1.0,1.0,696.0,273.0,28.0,-13.1820960384178,0,14.510868414681385,2.9378012287729653,3.0172088235796486,6.518748019665202,0.0,81.0,12,0.2396694214876033,0.24369747899159663,0.22105263157894736,0.5544621154246823,0.22565320665083136,0.13333333333333333,0.22764227642276422,0.21739130434782608,0.17949326999208234,0.20718923198733177,1.5702479338842976,0.1412579391210145,Jarvis Landry,WR,133.0,58.2
00-0031384,2020,REG,0,0,0.0,0,0.0,0.0,0.0,0,0,0.0,0.0,0.0,0.0,0,0.0,0.0,0,0.0,0,0.0,0.0,0.0,0.0,0,24,31,345.0,2,0.0,0.0,305.0,95.0,16.0,22.554315667191986,0,12.852382660867498,0.8396930663788627,1.042195873854403,1.989076711266376,0.0,46.5,8,0.09935897435897435,0.11384845091452034,0.13085399449035812,0.2401172222700778,0.17875647668393782,0.16666666666666666,0.17204301075268819,0.17142857142857143,0.17271157167530224,0.1763385146804836,1.1057692307692308,0.098422448694681,Richard Rodgers,TE,70.5,3.1
00-0031384,2021,REG,0,0,0.0,0,0.0,0.0,0.0,0,0,0.0,0.0,0.0,0.0,0,0.0,0.0,0,0.0,0,0.0,0.0,0.0,0.0,0,2,2,11.0,0,0.0,0.0,1.0,10.0,0.0,0.06639155221637338,0,11.0,0.058823529411764705,0.004545454545454545,0.09141711229946523,0.0,1.1,1,0.058823529411764705,0.004545454545454545,0.10416666666666667,0.09187165775401068,0.05851063829787234,0.0,0.0,0.0,0.02925531914893617,0.04680851063829788,0.3235294117647059,0.036376437455996245,Richard Rodgers,TE,3.1,1.4
00-0031387,2020,REG,0,0,0.0,0,0.0,0.0,0.0,0,0,0.0,0.0,0.0,0.0,0,0.0,0.0,0,0.0,0,0.0,0.0,0.0,0.0,0,56,91,558.0,5,1.0,1.0,658.0,192.0,30.0,1.577922497644681,1,12.171401448838452,2.1998498271530513,2.441059545192839,5.008516422364564,0.0,85.8,15,0.14869281045751634,0.15522528898325078,0.097809475292919,0.3472194468728751,0.14637985309548793,0.15151515151515152,0.15544041450777202,0.15486725663716813,0.14894750230531972,0.14740691277942064,0.9117647058823529,0.09831655434451009,Eric Ebron,TE,159.0,32.5
00-0031395,2020,REG,21,38,243.0,1,1.0,2.0,23.0,0,0,348.0,52.0,10.0,-5.159788555433671,0,0.6982758620689655,-0.009609035181335827,3,28.0,0,0.0,0.0,2.0,1.5951905510155484,0,0,0,0.0,0,0.0,0.0,0.0,0.0,0.0,0.0,0,0.0,0.0,0.0,0.0,0.0,14.520000000000001,1,0.0,0.0,0.0,0.0,0.0,0.0,0.0,0.0,0.0,0.0,0.0,0.19252187748607796,Garrett Gilbert,QB,16.95,9.700000000000001
00-0031408,2020,REG,0,0,0.0,0,0.0,0.0,0.0,0,0,0.0,0.0,0.0,0.0,0,0.0,0.0,0,0.0,0,0.0,0.0,0.0,0.0,0,70,109,1006.0,13,0.0,0.0,1320.0,265.0,55.0,51.876845885751464,0,12.773115804562607,2.8602639032955257,3.7032160237807767,6.882647071589832,0.0,178.6,16,0.17412140575079874,0.23404255319148937,0.1402116402116402,0.4484161511793896,0.2106365159128978,0.30952380952380953,0.23109243697478993,0.24285714285714285,0.26008016271835366,0.23041397463508018,1.6070287539936101,0.14499515905140736,Mike Evans,WR,292.0,315.1
00-0031408,2021,REG,0,0,0.0,0,0.0,0.0,0.0,0,0,0.0,0.0,0.0,0.0,0,0.0,0.0,1,10.0,0,0.0,0.0,1.0,0.6375567223876715,0,74,114,1035.0,14,0.0,0.0,1497.0,239.0,56.0,65.69545162617443,0,12.550445483145518,2.6702531096609188,4.251970190843358,6.98175879808173,0.0,188.5,16,0.16285714285714287,0.2663227183775129,0.09598393574297188,0.45734388898772466,0.20093185789167153,0.3333333333333333,0.21455938697318008,0.23102310231023102,0.2671325956125024,0.2274121529800039,1.4785714285714286,0.1437222137053503,Mike Evans,WR,315.1,241.8
00-0031408,2022,REG,0,0,0.0,0,0.0,0.0,0.0,0,0,0.0,0.0,0.0,0.0,0,0.0,0.0,0,0.0,0,0.0,0.0,0.0,0.0,0,77,127,1124.0,6,0.0,0.0,1677.0,216.0,52.0,27.038298192754155,0,10.968019583540327,2.9550831618169635,5.339639278969312,8.170372238003964,0.0,148.4,15,0.18814814814814815,0.3540215326155795,0.10222432560340748,0.5654394483146858,0.25904586310209726,0.2608695652173913,0.23963133640552994,0.24166666666666667,0.2599577141597443,0.2594106035251561,1.665185185185185,0.1602833046520558,Mike Evans,WR,241.8,319.0
00-0031408,2023,REG,0,0,0.0,0,0.0,0.0,0.0,0,0,0.0,0.0,0.0,0.0,0,0.0,0.0,0,0.0,0,0.0,0.0,0.0,0.0,0,79,136,1255.0,13,0.0,0.0,1906.0,322.0,54.0,55.03550365635298,0,12.01056165550079,4.2822851085261755,6.873293172070753,11.23473288323879,0.0,203.5,17,0.23943661971830985,0.3917780061664954,0.16709911779968864,0.6725773345106612,0.31033630069238377,0.4642857142857143,0.2872340425531915,0.3101851851851852,0.387311007489049,0.3411261834110499,2.209507042253521,0.20450860022007294,Mike Evans,WR,319.0,262.6
00-0031428,2020,REG,0,0,0.0,0,0.0,0.0,0.0,0,0,0.0,0.0,0.0,0.0,0,0.0,0.0,1,-1.0,0,0.0,0.0,0.0,-0.9035451177041978,0,102,151,1250.0,6,0.0,0.0,1450.0,319.0,68.0,35.1943996496704,0,14.105296331315037,4.10628408765901,5.315327319271555,9.880155254978604,0.0,160.9,16,0.24592833876221498,0.29774127310061604,0.18578916715200933,0.6070855266238153,0.3184713375796178,0.23076923076923078,0.3119266055045872,0.30327868852459017,0.2746202841744243,0.3009309162175404,2.035830618892508,0.18537582851501905,Allen Robinson,WR,274.4,85.0
00-0031428,2021,REG,0,0,0.0,0,0.0,0.0,0.0,0,0,0.0,0.0,0.0,0.0,0,0.0,0.0,0,0.0,0,0.0,0.0,0.0,0.0,0,38,66,410.0,1,0.0,0.0,755.0,92.0,22.0,8.681412072468035,1,7.207398136076109,2.3957352932076694,3.3255233099413513,5.92146925677045,0.0,49.0,12,0.1864406779661017,0.25116433799068527,0.09603340292275574,0.4805924873417008,0.1802990325417766,0.1111111111111111,0.1981981981981982,0.19166666666666668,0.14570507182644385,0.16646144825564352,1.1581920903954803,0.10562610786003934,Allen Robinson,WR,85.0,84.9
00-0031428,2022,REG,0,0,0.0,0,0.0,0.0,0.0,0,0,0.0,0.0,0.0,0.0,0,0.0,0.0,0,0.0,0,0.0,0.0,0.0,0.0,0,33,52,339.0,3,0.0,0.0,502.0,71.0,23.0,9.003204972820457,0,6.919049653037103,1.5876386764614538,2.3261028422204033,4.009730004246463,0.0,51.900000000000006,10,0.14772727272727273,0.21253175275190517,0.05634920634920635,0.39161631129243324,0.14291736930860033,0.2727272727272727,0.19008264462809918,0.19696969696969696,0.20782232101793652,0.1688793499923348,0.9630681818181818,0.11066503297791913,Allen Robinson,WR,84.9,65.2
00-0031428,2023,REG,0,0,0.0,0,0.0,0.0,0.0,0,0,0.0,0.0,0.0,0.0,0,0.0,0.0,0,0.0,0,0.0,0.0,0.0,0.0,0,34,49,280.0,0,0.0,0.0,370.0,68.0,9.0,-4.572062466759873,0,11.237670454700988,1.644674646828187,1.6075721237440768,3.592312456863134,0.0,28.0,15,0.10675381263616558,0.10586552217453506,0.04409857328145266,0.24482313669387643,0.09268454154253558,0.0,0.0661764705882353,0.06040268456375839,0.04634227077126779,0.07414763323402847,0.6100217864923747,0.05937332414004443,Allen Robinson,WR,65.2,6.0
00-0031484,2020,REG,0,0,0.0,0,0.0,0.0,0.0,0,0,0.0,0.0,0.0,0.0,0,0.0,0.0,0,0.0,0,0.0,0.0,0.0,0.0,0,6,8,52.0,0,0.0,0.0,32.0,33.0,1.0,-0.7028197830659337,0,14.354978354978355,0.25454658359070126,0.1296051878828587,0.47254350690405295,0.0,5.200000000000001,7,0.03333333333333333,0.017438692098092644,0.03806228373702422,0.06395095367847412,0.028384279475982533,0.0,0.011494252873563218,0.010752688172043012,0.014192139737991267,0.022707423580786028,0.21666666666666667,0.018884467525460313,Chris Manhertz,TE,11.200000000000001,19.1
00-0031484,2021,REG,0,0,0.0,0,0.0,0.0,0.0,0,0,0.0,0.0,0.0,0.0,0,0.0,0.0,0,0.0,0,0.0,0.0,0.0,0.0,0,6,9,71.0,1,0.0,0.0,68.0,26.0,4.0,3.1535110025433823,0,11.372222222222222,0.2728144168388071,0.21753021251711138,0.5614927740201886,0.0,13.1,8,0.03169014084507042,0.028052805280528052,0.034666666666666665,0.06997745549202808,0.040455840455840456,0.14285714285714285,0.04938271604938271,0.056818181818181816,0.09165649165649165,0.06093610093610094,0.25,0.033344972067039104,Chris Manhertz,TE,19.1,10.2
00-0031484,2022,REG,0,0,0.0,0,0.0,0.0,0.0,0,0,0.0,0.0,0.0,0.0,0,0.0,0.0,0,0.0,0,0.0,0.0,0.0,0.0,0,6,8,42.0,0,0.0,0.0,21.0,35.0,2.0,-0.6929761746432632,0,24.375,0.2477251633923298,0.06701145356284424,0.41849576258248566,0.0,4.2,6,0.038461538461538464,0.013435700575815739,0.052870090634441085,0.06844086815296029,0.03041274438812455,0.0,0.028985507246376812,0.025974025974025976,0.015206372194062274,0.02433019551049964,0.20192307692307693,0.0212748206240614,Chris Manhertz,TE,10.2,3.6
00-0031484,2023,REG,0,0,0.0,0,0.0,0.0,0.0,0,0,0.0,0.0,0.0,0.0,0,0.0,0.0,0,0.0,0,0.0,0.0,0.0,0.0,0,2,4,16.0,0,0.0,0.0,12.0,10.0,1.0,0.0510975641082041,0,5.333333333333334,0.14617662031455136,0.02743411804480507,0.23846881310319057,0.0,1.6,4,0.03418803418803419,0.01485148514851485,0.02304147465437788,0.06316323940086317,0.019583843329253364,0.0,0.02631578947368421,0.022222222222222223,0.009791921664626682,0.015667074663402693,0.13675213675213677,0.01201281366791244,Chris Manhertz,TE,3.6,12.0
00-0031503,2020,REG,7,11,75.0,0,0.0,2.0,11.0,0,0,51.0,61.0,5.0,0.800061114063864,0,1.2352941176470589,-0.030327849536056453,8,-6.0,0,0.0,0.0,0.0,-3.091606155212503,0,0,0,0.0,0,0.0,0.0,0.0,0.0,0.0,0.0,0,0.0,0.0,0.0,0.0,0.0,2.3999999999999995,3,0.0,0.0,0.0,0.0,0.0,0.0,0.0,0.0,0.0,0.0,0.0,0.008250825082508248,Jameis Winston,QB,9.950000000000001,129.1
00-0031503,2021,REG,95,161,1170.0,14,3.0,11.0,69.0,2,1,1340.0,578.0,56.0,21.81038703891622,0,8.473253915703815,1.0331438035513412,32,166.0,1,0.0,0.0,17.0,16.88067298324313,0,0,0,0.0,0,0.0,0.0,0.0,0.0,0.0,0.0,0,0.0,0.0,0.0,0.0,0.0,117.4,7,0.0,0.0,0.0,0.0,0.0,0.0,0.0,0.0,0.0,0.0,0.0,0.2084369007882963,Jameis Winston,QB,129.1,50.5
00-0031503,2022,REG,73,115,858.0,4,5.0,11.0,74.0,1,0,1315.0,202.0,35.0,-7.012922977354351,1,2.0833969584821412,0.22493001491643086,5,16.0,0,2.0,0.0,0.0,-3.2193307182751596,0,0,0,0.0,0,0.0,0.0,0.0,0.0,0.0,0.0,0,0.0,0.0,0.0,0.0,0.0,43.92,3,0.0,0.0,0.0,0.0,0.0,0.0,0.0,0.0,0.0,0.0,0.0,0.1659738492933263,Jameis Winston,QB,50.5,14.600000000000001
00-0031503,2023,REG,25,47,264.0,2,3.0,2.0,13.0,0,0,610.0,85.0,10.0,-9.789019574831215,0,1.9229083132852178,-0.07833685762309125,5,-6.0,0,0.0,0.0,0.0,-4.470470019150525,0,0,0,0.0,0,0.0,0.0,0.0,0.0,0.0,0.0,0,0.0,0.0,0.0,0.0,0.0,11.959999999999999,6,0.0,0.0,0.0,0.0,0.0,0.0,0.0,0.0,0.0,0.0,0.0,0.02669047087703637,Jameis Winston,QB,14.600000000000001,147.35
00-0031544,2020,REG,0,0,0.0,0,0.0,0.0,0.0,0,0,0.0,0.0,0.0,0.0,0,0.0,0.0,6,14.0,0,0.0,0.0,1.0,-1.223347019054927,1,92,130,1114.0,5,0.0,0.0,1145.0,413.0,54.0,38.7771745387538,0,15.852020084272992,3.3872785307936115,4.146017690923892,7.983130179837141,0.0,144.8,16,0.20344287949921752,0.2405967640260559,0.2004854368932039,0.497641730469671,0.24695189536688095,0.2,0.23376623376623376,0.23046875,0.22347594768344048,0.23756151629350478,1.7433489827856026,0.15565225393403184,Amari Cooper,WR,234.8,220.9
00-0031544,2021,REG,0,0,0.0,0,0.0,0.0,0.0,0,0,0.0,0.0,0.0,0.0,0,0.0,0.0,0,0.0,0,0.0,0.0,0.0,0.0,0,68,104,865.0,8,1.0,0.0,1152.0,229.0,45.0,48.26934522552408,0,13.02106232241102,2.7641756857202484,3.86066914567734,6.848731930554511,0.0,134.5,15,0.1867145421903052,0.2594594594594595,0.11707566462167689,0.4876393808530254,0.19784995425434584,0.21052631578947367,0.20361990950226244,0.20463320463320464,0.20418813502190974,0.20038522656137142,1.5529622980251347,0.12277340576459032,Amari Cooper,WR,220.9,246.0
00-0031544,2022,REG,0,1,0.0,0,1.0,0.0,0.0,0,0,18.0,0.0,0.0,-4.980502444552258,0,0.0,0.0,0,0.0,0,0.0,0.0,0.0,0.0,0,78,132,1160.0,9,0.0,0.0,1642.0,299.0,61.0,53.46498704082711,0,13.1432754376283,4.509779335500398,7.263630743976345,11.849210524034039,0.0,168.0,17,0.24444444444444444,0.3687401751628116,0.1876961707470182,0.6616588067969159,0.31266846361185985,0.47368421052631576,0.33516483516483514,0.3482587064676617,0.39317633706908783,0.34487161299475105,2.1481481481481484,0.17885705976443214,Amari Cooper,WR,246.0,237.9
00-0031544,2023,REG,0,0,0.0,0,0.0,0.0,0.0,0,0,0.0,0.0,0.0,0.0,0,0.0,0.0,0,0.0,0,0.0,0.0,0.0,0.0,0,72,128,1250.0,5,2.0,1.0,1834.0,271.0,50.0,45.991484781054254,1,10.163866300468868,3.550554291990126,6.1569395693627,9.635689136539078,0.0,155.0,15,0.22495606326889278,0.37520458265139117,0.16990595611285267,0.6375977610244521,0.35350678733031676,0.2631578947368421,0.32051282051282054,0.3142857142857143,0.3083323410335794,0.33543700881162186,2.196836555360281,0.18536059576691927,Amari Cooper,WR,237.9,132.8
00-0031545,2021,REG,0,0,0.0,0,0.0,0.0,0.0,0,0,0.0,0.0,0.0,0.0,0,0.0,0.0,0,0.0,0,0.0,0.0,0.0,0.0,0,1,5,38.0,0,0.0,0.0,158.0,9.0,1.0,-1.2480545353610069,0,1.3103448275862069,0.14821428571428572,0.5780115717115067,0.6269295287694833,0.0,3.8000000000000003,3,0.045454545454545456,0.1941031941031941,0.02368421052631579,0.22346437346437348,0.05093833780160858,0.0,0.027777777777777776,0.024390243902439025,0.02546916890080429,0.04075067024128687,0.34545454545454546,0.018487136034509324,Kevin White,WR,4.800000000000001,9.4
00-0031547,2020,REG,0,0,0.0,0,0.0,0.0,0.0,0,0,0.0,0.0,0.0,0.0,0,0.0,0.0,0,0.0,0,0.0,0.0,0.0,0.0,0,63,103,793.0,4,1.0,0.0,1010.0,173.0,45.0,19.317443866528524,0,12.897821553531855,2.9562030648312776,3.6428973076919764,6.9843327126313,0.0,103.30000000000001,14,0.20682730923694778,0.2562801319462065,0.12013888888888889,0.5152650694123869,0.22554038680318544,0.18181818181818182,0.24064171122994651,0.23444976076555024,0.20367928431068363,0.21679594580618475,1.5923694779116466,0.13641882136763356,DeVante Parker,WR,166.3,103.5
00-0031547,2021,REG,0,0,0.0,0,0.0,0.0,0.0,0,0,0.0,0.0,0.0,0.0,0,0.0,0.0,0,0.0,0,0.0,0.0,0.0,0.0,0,40,73,515.0,2,0.0,0.0,856.0,104.0,29.0,24.061896761366867,0,5.704694701091393,2.1902616801518833,3.262948421862939,5.5694564155318815,0.0,63.5,9,0.22955974842767296,0.3580092011710581,0.14730878186968838,0.6307469835783559,0.29311326124075127,0.25,0.3020833333333333,0.2980769230769231,0.2715566306203756,0.28449060899260104,1.619496855345912,0.1619515553608312,DeVante Parker,WR,103.5,102.9
00-0031547,2022,REG,0,0,0.0,0,0.0,0.0,0.0,0,0,0.0,0.0,0.0,0.0,0,0.0,0.0,0,0.0,0,0.0,0.0,0.0,0.0,0,31,47,539.0,3,0.0,0.0,745.0,105.0,25.0,15.64754109456332,0,8.898842831217266,1.4874600990231919,2.8530653523667513,4.228335895191513,0.0,71.9,12,0.11989795918367346,0.26607142857142857,0.07306889352818371,0.392704081632653,0.18433652530779754,0.23076923076923078,0.2,0.2028985507246377,0.20755287803851416,0.1936230664000842,1.375,0.10689132196206344,DeVante Parker,WR,102.9,72.4
00-0031549,2020,REG,0,0,0.0,0,0.0,0.0,0.0,0,0,0.0,0.0,0.0,0.0,0,0.0,0.0,0,0.0,0,0.0,0.0,0.0,0.0,0,48,82,896.0,8,0.0,0.0,1269.0,230.0,37.0,36.94452028729543,0,20.870453619642763,2.4621672960857066,4.257909284543698,6.673787443309148,0.0,137.6,16,0.14882032667876588,0.28250222617987536,0.11186770428015565,0.4492322709620491,0.20442619210586357,0.2857142857142857,0.1796116504854369,0.19230769230769232,0.24507023891007462,0.220683810827548,1.6261343012704175,0.12144848254832419,Nelson Agholor,WR,185.6,106.2
00-0031549,2021,REG,0,0,0.0,0,0.0,0.0,0.0,0,0,0.0,0.0,0.0,0.0,0,0.0,0.0,3,11.0,0,0.0,0.0,0.0,-0.5019328654743731,0,37,64,473.0,3,0.0,0.0,914.0,104.0,23.0,3.639473476525111,0,9.488864967413042,2.217822331177594,3.7263559018393604,5.935182628053943,0.0,66.4,14,0.1419068736141907,0.25213793103448273,0.06388206388206388,0.41457065524887227,0.13422247446083996,0.15,0.14375,0.14444444444444443,0.14211123723041996,0.13737797956867198,1.048780487804878,0.08316175524385536,Nelson Agholor,WR,106.2,75.2
00-0031549,2022,REG,0,0,0.0,0,0.0,0.0,0.0,0,0,0.0,0.0,0.0,0.0,0,0.0,0.0,0,0.0,0,0.0,0.0,0.0,0.0,0,31,53,362.0,2,2.0,2.0,653.0,147.0,12.0,-12.491907305548832,0,5.813991399430997,1.7393097507068096,2.9178952410286647,4.651491294780279,0.0,44.2,14,0.11963882618510158,0.19245505452402004,0.09722222222222222,0.33342228289686837,0.11606284065405578,0.14285714285714285,0.08759124087591241,0.09271523178807947,0.1294599917555993,0.12142170109467319,0.8171557562076749,0.0712148187431342,Nelson Agholor,WR,75.2,111.2
00-0031549,2023,REG,0,0,0.0,0,0.0,0.0,0.0,0,0,0.0,0.0,0.0,0.0,0,0.0,0.0,0,0.0,0,0.0,0.0,0.0,0.0,0,35,45,381.0,4,1.0,0.0,418.0,141.0,19.0,17.871011294482273,0,19.145543084840618,1.5331592258541806,1.7218273722205222,3.5050179993356365,0.0,62.1,16,0.09533898305084745,0.10484073238023577,0.08089500860585198,0.2268810604804598,0.10264008620689655,0.14814814814814814,0.11046511627906977,0.11557788944723618,0.12539411717752236,0.11174169859514688,0.8072033898305084,0.06606430894419572,Nelson Agholor,WR,111.2,52.6
00-0031558,2020,REG,0,0,0.0,0,0.0,0.0,0.0,0,0,0.0,0.0,0.0,0.0,0,0.0,0.0,0,0.0,0,0.0,0.0,0.0,0.0,0,8,10,102.0,1,0.0,0.0,38.0,66.0,4.0,2.242727103672223,0,17.66086956521739,0.2921482002364355,0.1526267829802174,0.5450610484408055,0.0,16.200000000000003,6,0.04672897196261682,0.025165562913907286,0.09415121255349501,0.09022590827505106,0.06265356265356266,0.1,0.0449438202247191,0.050505050505050504,0.08132678132678134,0.07012285012285013,0.4766355140186916,0.04057543341940244,Maxx Williams,TE,24.200000000000003,41.3
00-0031558,2021,REG,0,0,0.0,0,0.0,0.0,0.0,0,0,0.0,0.0,0.0,0.0,0,0.0,0.0,0,0.0,0,0.0,0.0,0.0,0.0,0,16,17,193.0,1,0.0,0.0,90.0,125.0,9.0,15.071474200405646,0,7.597558084400189,0.5334957258765576,0.3632411331902694,1.0545123820480249,0.0,25.3,5,0.10303030303030303,0.0703125,0.17099863201094392,0.21079545454545454,0.12764550264550265,0.1,0.13846153846153847,0.13333333333333333,0.11382275132275133,0.12211640211640212,1.1696969696969697,0.07681148638595446,Maxx Williams,TE,41.3,4.800000000000001
00-0031585,2020,REG,0,0,0.0,0,0.0,0.0,0.0,0,0,0.0,0.0,0.0,0.0,0,0.0,0.0,0,0.0,0,0.0,0.0,0.0,0.0,0,5,8,49.0,2,0.0,0.0,67.0,13.0,4.0,3.0374506296939217,0,4.107323232323233,0.24463094376887481,0.24321031952923042,0.5371936393237735,0.0,16.9,5,0.04395604395604396,0.04102878138395591,0.02495201535508637,0.09875709104123066,0.033447098976109216,0.18181818181818182,0.05128205128205128,0.06741573033707865,0.10763264039714551,0.06312131554452374,0.2692307692307692,0.040630797773654914,MyCole Pruitt,TE,21.9,46.5
00-0031585,2021,REG,0,0,0.0,0,0.0,0.0,0.0,0,0,0.0,0.0,0.0,0.0,0,0.0,0.0,0,0.0,0,0.0,0.0,0.0,0.0,0,14,18,145.0,3,0.0,0.0,118.0,59.0,10.0,8.843136147828773,1,10.364045584045584,0.6205480696552125,0.6568179028737139,1.3905946364944186,0.0,34.5,10,0.05787781350482315,0.05341783612494341,0.05152838427947598,0.12955098915718946,0.06505159264244055,0.25,0.09009009009009009,0.10569105691056911,0.15752579632122027,0.10204127411395245,0.4662379421221865,0.05693423802033198,MyCole Pruitt,TE,46.5,55.0
00-0031585,2022,REG,0,0,0.0,0,0.0,0.0,0.0,0,0,0.0,0.0,0.0,0.0,0,0.0,0.0,0,0.0,0,0.0,0.0,0.0,0.0,0,16,21,150.0,4,0.0,0.0,118.0,75.0,10.0,8.150616070022807,0,16.34781446175308,0.8578259216132215,0.5807592330727535,1.6932703455707596,0.0,39.0,10,0.08366533864541832,0.050556983718937444,0.11346444780635401,0.16594359494327746,0.09236453201970443,0.4444444444444444,0.11904761904761904,0.15053763440860216,0.2684044882320744,0.16278051450465245,0.5976095617529881,0.08070906582924896,MyCole Pruitt,TE,55.0,26.0
00-0031585,2023,REG,0,0,0.0,0,0.0,0.0,0.0,0,0,0.0,0.0,0.0,0.0,0,0.0,0.0,0,0.0,0,0.0,0.0,0.0,0.0,0,9,12,110.0,1,1.0,0.0,62.0,51.0,6.0,8.236088730598567,0,11.366666666666667,0.3439693343292414,0.2044971468441183,0.659102004284745,0.0,17.0,9,0.037267080745341616,0.022174535050071532,0.050595238095238096,0.07364024915806965,0.04862953138815208,0.1,0.05555555555555555,0.059322033898305086,0.07431476569407604,0.05890362511052167,0.3416149068322981,0.03699593044765076,MyCole Pruitt,TE,26.0,16.0
00-0031588,2020,REG,0,0,0.0,0,0.0,0.0,0.0,0,0,0.0,0.0,0.0,0.0,0,0.0,0.0,1,1.0,0,0.0,0.0,0.0,-0.7308593108318746,0,127,166,1535.0,8,0.0,0.0,1674.0,464.0,73.0,84.82890373178043,0,15.5758667065184,4.78593727300563,5.582653273580231,11.086763201014607,0.0,201.60000000000002,16,0.2785234899328859,0.32612507305669197,0.23843782117163412,0.6786852933446824,0.3207271207689093,0.2,0.30416666666666664,0.2892857142857143,0.26036356038445463,0.29658169661512745,2.575503355704698,0.19167726355332082,Stefon Diggs,WR,391.70000000000005,298.2
00-0031588,2021,REG,0,0,0.0,0,0.0,1.0,2.0,0,0,0.0,0.0,0.0,-0.836327348719351,0,0.0,0.0,0,0.0,0,0.0,0.0,0.0,0.0,0,103,164,1225.0,10,1.0,0.0,1827.0,326.0,66.0,31.989855666641777,0,11.939804097156946,4.602143666906507,6.005575245547312,11.107118172242878,0.0,182.5,17,0.250381679389313,0.3411764705882353,0.1861793260993718,0.6485136955545577,0.2752808988764045,0.2777777777777778,0.2796610169491525,0.27941176470588236,0.27652933832709115,0.2757802746566792,1.8702290076335877,0.16730149428655142,Stefon Diggs,WR,298.2,342.5
00-0031588,2022,REG,0,0,0.0,0,0.0,0.0,0.0,0,0,0.0,0.0,0.0,0.0,0,0.0,0.0,1,-3.0,0,0.0,0.0,0.0,-1.292416772339493,0,108,154,1429.0,11,1.0,0.0,1729.0,419.0,72.0,75.10441460938806,0,14.154954087692612,4.395609960104593,5.404155027082752,10.376323459114815,0.0,208.60000000000002,16,0.2682926829268293,0.32709042754445705,0.2630257376020088,0.6641113664258096,0.3330226054532743,0.3142857142857143,0.33962264150943394,0.3360323886639676,0.3236541598694943,0.3292752272197623,2.489547038327526,0.1990018479640967,Stefon Diggs,WR,342.5,289.8
00-0031588,2023,REG,0,0,0.0,0,0.0,0.0,0.0,0,0,0.0,0.0,0.0,0.0,0,0.0,0.0,1,5.0,0,0.0,0.0,1.0,0.8734940083231777,0,107,160,1183.0,8,2.0,1.0,1658.0,399.0,58.0,38.23109516930596,1,15.142222466326558,5.111883488872405,5.77208199972532,11.708282633116331,0.0,166.8,17,0.2763385146804836,0.330147351652728,0.20223010643689812,0.6786256533429078,0.2747329307942406,0.27586206896551724,0.2914572864321608,0.2894736842105263,0.27529749987987895,0.27495875842849593,2.0431778929188256,0.17144216801082002,Stefon Diggs,WR,289.8,122.05
00-0031595,2020,REG,0,0,0.0,0,0.0,0.0,0.0,0,0,0.0,0.0,0.0,0.0,0,0.0,0.0,7,18.0,0,0.0,0.0,6.0,0.9501900421455503,0,4,4,28.0,0,0.0,0.0,6.0,22.0,1.0,2.9287636800436303,0,8.5,0.13542908072319837,0.02454146904167671,0.22032264941397126,0.0,4.6,6,0.018957345971563982,0.00410958904109589,0.02857142857142857,0.031723690190222684,0.0166073546856465,0.0,0.012195121951219513,0.010638297872340425,0.00830367734282325,0.0132858837485172,0.13270142180094788,0.013063158854087552,Michael Burton,RB,12.1,15.100000000000001
00-0031595,2021,REG,0,0,0.0,0,0.0,0.0,0.0,0,0,0.0,0.0,0.0,0.0,0,0.0,0.0,8,26.0,1,0.0,0.0,8.0,7.497271633154014,0,3,3,31.0,0,0.0,0.0,-5.0,36.0,2.0,0.7912325963843614,0,-12.166666666666668,0.07777777777777778,-0.018398164305637614,0.10378795165272034,0.0,11.7,9,0.00949367088607595,-0.0021691973969631237,0.026865671641791045,0.012505148411543425,0.0119276644863409,0.0,0.015037593984962405,0.01282051282051282,0.00596383224317045,0.009542131589072722,0.0981012658227848,0.015103877689414957,Michael Burton,RB,15.100000000000001,3.8
00-0031595,2022,REG,0,0,0.0,0,0.0,0.0,0.0,0,0,0.0,0.0,0.0,0.0,0,0.0,0.0,5,7.0,0,0.0,0.0,2.0,-1.9252195887966082,0,2,3,11.0,0,0.0,0.0,-2.0,8.0,0.0,-0.25816596730146557,0,0.8,0.07411222553537544,-0.022804229433306906,0.09520537769974832,0.0,1.8,6,0.01171875,-0.001129305477131564,0.0072992700729927005,0.01667468061829475,0.00560081466395112,0.0,0.0,0.0,0.00280040733197556,0.004480651731160896,0.04296875,0.006080389144905273,Michael Burton,RB,3.8,4.7
00-0031595,2023,REG,0,0,0.0,0,0.0,0.0,0.0,0,0,0.0,0.0,0.0,0.0,0,0.0,0.0,7,9.0,0,0.0,0.0,4.0,-4.633036294020712,1,3,3,8.0,0,0.0,0.0,2.0,6.0,2.0,0.5167685634223744,0,2.666666666666667,0.0931547619047619,0.011147338362528236,0.14753527971091263,0.0,3.7,8,0.012295081967213115,0.0011210762331838565,0.006622516556291391,0.019339483937366758,0.004944375772558714,0.0,0.030303030303030304,0.025,0.002472187886279357,0.003955500618046971,0.03278688524590164,0.010639649367973068,Michael Burton,RB,4.7,29.3
00-0031598,2020,REG,0,0,0.0,0,0.0,0.0,0.0,0,0,0.0,0.0,0.0,0.0,0,0.0,0.0,0,0.0,0,0.0,0.0,0.0,0.0,0,14,17,113.0,2,0.0,0.0,93.0,34.0,8.0,6.218766208156012,0,9.181267806267806,0.6613354609774047,0.6032768966642725,1.4142970191310977,0.0,23.3,9,0.068,0.043035631652012955,0.04509283819628647,0.13642850532161038,0.06326987681970885,0.14285714285714285,0.08602150537634409,0.09345794392523364,0.10306350983842585,0.07918733002719565,0.452,0.05029394315301225,Nick Boyle,TE,37.300000000000004,1.2
00-0031610,2020,REG,0,0,0.0,0,0.0,0.0,0.0,0,0,0.0,0.0,0.0,0.0,0,0.0,0.0,0,0.0,0,0.0,0.0,0.0,0.0,0,107,145,1196.0,9,2.0,2.0,1128.0,572.0,69.0,56.33483374726996,1,18.31186831243457,4.45577575966716,3.974657406550379,9.465923824086005,0.0,171.60000000000002,16,0.2631578947368421,0.25111308993766696,0.2782101167315175,0.5956273140553967,0.2728724617841661,0.32142857142857145,0.33495145631067963,0.3333333333333333,0.29715051660636876,0.28258368371304715,2.17059891107078,0.1823035950321289,Darren Waller,TE,279.6,148.10000000000002
00-0031610,2021,REG,0,0,0.0,0,0.0,0.0,0.0,0,0,0.0,0.0,0.0,0.0,0,0.0,0.0,0,0.0,0,0.0,0.0,0.0,0.0,0,55,93,665.0,2,0.0,0.0,918.0,242.0,31.0,12.168439853651792,0,8.23426498023866,2.546214240964712,2.880318468138109,5.835544289143744,0.0,78.5,11,0.22355769230769232,0.2556390977443609,0.1567357512953368,0.5398478166570272,0.20268210911307527,0.11764705882352941,0.22794117647058823,0.21568627450980393,0.16016458396830235,0.1856750990551661,1.5985576923076923,0.1292552573486697,Darren Waller,TE,148.10000000000002,84.8
00-0031610,2022,REG,0,0,0.0,0,0.0,0.0,0.0,0,0,0.0,0.0,0.0,0.0,0,0.0,0.0,0,0.0,0,0.0,0.0,0.0,0.0,0,28,43,388.0,3,0.0,0.0,577.0,80.0,18.0,5.846365661119105,0,5.548921505767234,1.2583119176375992,1.8926755642363031,3.212340771421811,0.0,56.8,8,0.14675767918088736,0.21651031894934333,0.09828009828009827,0.39334477393080575,0.19103889709502708,0.21428571428571427,0.17475728155339806,0.1794871794871795,0.2026623056903707,0.19568826053316452,1.3242320819112627,0.12536219029034354,Darren Waller,TE,84.8,113.2
00-0031687,2020,REG,0,0,0.0,0,0.0,0.0,0.0,0,0,0.0,0.0,0.0,0.0,0,0.0,0.0,104,521.0,2,1.0,1.0,22.0,-10.629114004172152,0,16,19,156.0,1,0.0,0.0,20.0,136.0,5.0,5.39668927132152,0,6.145363408521304,0.553912005750241,0.06144924154120948,0.8738824777042082,0.0,83.7,8,0.06551724137931035,0.010706638115631691,0.11714039621016366,0.10684117256147087,0.07620908646800195,0.06666666666666667,0.049019607843137254,0.05128205128205128,0.0714378765673343,0.0743006025077349,0.5379310344827586,0.1367664407802683,Raheem Mostert,RB,99.7,2.0
00-0031687,2021,REG,0,0,0.0,0,0.0,0.0,0.0,0,0,0.0,0.0,0.0,0.0,0,0.0,0.0,2,20.0,0,0.0,0.0,1.0,1.5217217085883021,0,0,0,0.0,0,0.0,0.0,0.0,0.0,0.0,0.0,0,0.0,0.0,0.0,0.0,0.0,2.0,1,0.0,0.0,0.0,0.0,0.0,0.0,0.0,0.0,0.0,0.0,0.0,0.019275250578257516,Raheem Mostert,RB,2.0,168.3
00-0031687,2022,REG,0,0,0.0,0,0.0,0.0,0.0,0,0,0.0,0.0,0.0,0.0,0,0.0,0.0,181,891.0,3,1.0,1.0,44.0,-0.9878382243332453,0,31,42,202.0,2,0.0,0.0,48.0,179.0,11.0,1.4352303486020004,0,22.06904761904762,1.28363979571784,0.1534491245065558,2.032874080731349,0.0,137.3,16,0.07734806629834254,0.009886714727085478,0.10480093676814989,0.12393147122918219,0.045291479820627804,0.06896551724137931,0.054455445544554455,0.05627705627705628,0.05712849853100356,0.05002628730477811,0.3720073664825046,0.11579744048438145,Raheem Mostert,RB,168.3,271.7
00-0031687,2023,REG,0,0,0.0,0,0.0,0.0,0.0,0,0,0.0,0.0,0.0,0.0,0,0.0,0.0,209,1012.0,18,2.0,1.0,59.0,17.179602537857136,0,25,32,175.0,3,2.0,0.0,-20.0,213.0,6.0,-1.2302540645607873,0,4.095218378113115,1.0387514556099748,-0.15526941401025074,1.449438593607787,0.0,242.70000000000002,15,0.06387225548902195,-0.0053533190578158455,0.10304789550072568,0.09152572798728024,0.04081156716417911,0.1111111111111111,0.029850746268656716,0.039473684210526314,0.0759613391376451,0.05487147595356551,0.34930139720558884,0.17305355157344915,Raheem Mostert,RB,271.7,70.9
00-0031690,2020,REG,0,0,0.0,0,0.0,0.0,0.0,0,0,0.0,0.0,0.0,0.0,0,0.0,0.0,0,0.0,0,0.0,0.0,0.0,0.0,0,0,1,0.0,0,0.0,0.0,34.0,0.0,0.0,-2.2974512535729446,0,0.0,0.038461538461538464,0.13385826771653545,0.1513930950938825,0.0,0.0,1,0.038461538461538464,0.13385826771653545,0.0,0.16477892186553605,0.0,0.0,0.0,0.0,0.0,0.0,0.0,0.0,Eric Tomlinson,TE,0.0,1.7000000000000002
00-0031690,2021,REG,0,0,0.0,0,0.0,0.0,0.0,0,0,0.0,0.0,0.0,0.0,0,0.0,0.0,0,0.0,0,0.0,0.0,0.0,0.0,0,1,1,7.0,0,0.0,0.0,3.0,4.0,0.0,0.30538763641379774,0,2.3333333333333335,0.024390243902439025,0.009287925696594427,0.04308691384127464,0.0,0.7000000000000001,1,0.024390243902439025,0.009287925696594427,0.028368794326241134,0.04401570641093408,0.02631578947368421,0.0,0.0,0.0,0.013157894736842105,0.021052631578947368,0.17073170731707318,0.014056556970398546,Eric Tomlinson,TE,1.7000000000000002,28.9
00-0031763,2020,REG,0,0,0.0,0,0.0,0.0,0.0,0,0,0.0,0.0,0.0,0.0,0,0.0,0.0,0,0.0,0,0.0,0.0,0.0,0.0,0,1,2,8.0,0,0.0,0.0,16.0,4.0,0.0,1.1507289875298738,0,0.5,0.06451612903225806,0.06153846153846154,0.13985111662531016,0.0,0.8,1,0.0625,0.05653710247349823,0.030303030303030304,0.1389796819787986,0.03162055335968379,0.0,0.0,0.0,0.015810276679841896,0.025296442687747035,0.25,0.02063746847053428,DeAndre Carter,WR,6.8,80.5
00-0031763,2021,REG,0,0,0.0,0,0.0,0.0,0.0,0,0,0.0,0.0,0.0,0.0,0,0.0,0.0,10,89.0,0,1.0,0.0,4.0,2.6877549971686676,0,24,44,296.0,3,0.0,0.0,485.0,78.0,17.0,9.942710329416977,0,9.523910090395349,1.3662064818628663,1.7965106534609807,3.3068671802169862,1.0,62.5,15,0.08712871287128712,0.12646675358539766,0.045774647887323945,0.23186647217524883,0.08708443659899971,0.16666666666666666,0.10179640718562874,0.10810810810810811,0.12687555163283318,0.1030008826125331,0.5861386138613861,0.07139555614249397,DeAndre Carter,WR,80.5,118.0
00-0031763,2022,REG,0,0,0.0,0,0.0,0.0,0.0,0,0,0.0,0.0,0.0,0.0,0,0.0,0.0,2,-15.0,0,0.0,0.0,0.0,-3.1077726249350235,0,46,65,538.0,3,1.0,1.0,576.0,206.0,29.0,13.81492393538428,0,17.074238723180297,1.5694646388534026,2.3107280450731924,3.971706589831338,0.0,68.3,16,0.09558823529411764,0.13448517394349754,0.08411596570028583,0.2509704920959745,0.11808604038630377,0.11538461538461539,0.13063063063063063,0.12903225806451613,0.11673532788545958,0.1175457553859661,0.7911764705882353,0.07349820594930359,DeAndre Carter,WR,118.0,9.700000000000001
00-0031763,2023,REG,0,0,0.0,0,0.0,0.0,0.0,0,0,0.0,0.0,0.0,0.0,0,0.0,0.0,3,18.0,0,0.0,0.0,2.0,4.044256906607188,0,4,7,39.0,0,0.0,0.0,4.0,50.0,0.0,-2.609521462970684,0,0.0,0.2501115988988988,0.02471958224575487,0.3924711059203766,0.0,5.7,8,0.029045643153526972,0.002131060202450719,0.07042253521126761,0.04527331289225103,0.02182428651371013,0.0,0.0,0.0,0.010912143256855064,0.017459429210968103,0.16182572614107885,0.016251172765044904,DeAndre Carter,WR,9.700000000000001,16.2
00-0031787,2020,REG,0,0,0.0,0,0.0,0.0,0.0,0,0,0.0,0.0,0.0,0.0,0,0.0,0.0,0,0.0,0,0.0,0.0,0.0,0.0,0,1,1,22.0,1,0.0,0.0,22.0,0.0,1.0,3.948037074704189,0,1.0,0.02631578947368421,0.05612244897959184,0.0787593984962406,0.0,8.2,1,0.025,0.054455445544554455,0.0,0.08106435643564358,0.06128133704735376,0.5,0.05263157894736842,0.09523809523809523,0.28064066852367686,0.149025069637883,0.55,0.06842183549010858,Jake Kumerow,WR,9.2,4.8
00-0031787,2021,REG,0,0,0.0,0,0.0,0.0,0.0,0,0,0.0,0.0,0.0,0.0,0,0.0,0.0,0,0.0,0,0.0,0.0,0.0,0.0,0,2,6,28.0,0,0.0,0.0,86.0,7.0,2.0,-0.4224363178364001,0,1.643939393939394,0.14869464492559922,0.2656405123831353,0.40899032605659347,0.0,2.8,4,0.03468208092485549,0.06018194541637509,0.014957264957264958,0.1001686777203833,0.025454545454545455,0.0,0.03076923076923077,0.02666666666666667,0.012727272727272728,0.020363636363636365,0.16184971098265896,0.010921501706484642,Jake Kumerow,WR,4.8,10.4
00-0031800,2020,REG,12,19,137.0,1,0.0,1.0,7.0,0,0,255.0,49.0,6.0,2.3747805972525384,0,0.5372549019607843,0.13541837854894118,3,22.0,0,0.0,0.0,2.0,3.2053524116636254,0,0,0,0.0,0,0.0,0.0,0.0,0.0,0.0,0.0,0,0.0,0.0,0.0,0.0,0.0,11.68,1,0.0,0.0,0.0,0.0,0.0,0.0,0.0,0.0,0.0,0.0,0.0,0.14324258032867304,Taylor Heinicke,QB,40.95,255.05
00-0031800,2021,REG,321,494,3419.0,20,15.0,38.0,278.0,4,2,3779.0,1747.0,167.0,-26.516315579167383,0,15.028159855213122,1.4416649963210024,60,313.0,1,3.0,0.0,20.0,4.294262290615814,1,1,1,-2.0,0,0.0,0.0,-4.0,2.0,0.0,-1.095608004834503,0,0.0,0.041666666666666664,-0.024242424242424242,0.04553030303030303,0.0,221.86,16,0.0019267822736030828,-0.0010196278358399185,0.0011117287381878821,0.0020744711417326894,-0.0005630630630630631,0.0,0.0,0.0,-0.00028153153153153153,-0.00045045045045045046,-0.0038535645472061657,0.17533121440035246,Taylor Heinicke,QB,255.05,134.55
00-0031800,2022,REG,161,259,1859.0,12,6.0,19.0,141.0,6,5,2146.0,772.0,93.0,-12.710993751717222,0,8.073794788400424,0.5839413055268882,28,96.0,1,1.0,0.0,6.0,-4.391686998074874,0,0,0,0.0,0,0.0,0.0,0.0,0.0,0.0,0.0,0,0.0,0.0,0.0,0.0,0.0,115.96000000000001,9,0.0,0.0,0.0,0.0,0.0,0.0,0.0,0.0,0.0,0.0,0.0,0.1631447142575762,Taylor Heinicke,QB,134.55,74.9
00-0031800,2023,REG,74,136,890.0,5,4.0,8.0,47.0,0,0,1136.0,508.0,41.0,-1.6432791084098852,0,4.260695290591735,0.13366719763034482,15,124.0,1,1.0,0.0,5.0,10.075049788429169,0,0,0,0.0,0,0.0,0.0,0.0,0.0,0.0,0.0,0,0.0,0.0,0.0,0.0,0.0,66.0,5,0.0,0.0,0.0,0.0,0.0,0.0,0.0,0.0,0.0,0.0,0.0,0.17465862178469355,Taylor Heinicke,QB,74.9,3.4000000000000004
00-0031806,2020,REG,0,0,0.0,0,0.0,0.0,0.0,0,0,0.0,0.0,0.0,0.0,0,0.0,0.0,101,419.0,5,0.0,0.0,28.0,-11.315900691501012,0,23,33,162.0,0,1.0,1.0,-5.0,178.0,9.0,-2.89763496808075,0,21.477272727272727,0.9798480980024081,-0.08834716620661073,1.4079291306589847,0.0,86.10000000000001,16,0.05593220338983051,-0.00127000254000508,0.07928730512249443,0.08288230305274169,0.038728185512789864,0.0,0.043689320388349516,0.03982300884955752,0.019364092756394932,0.030982548410231892,0.2745762711864407,0.07508499538891412,Malcolm Brown,RB,115.4,22.5
00-0031806,2021,REG,0,0,0.0,0,0.0,0.0,0.0,0,0,0.0,0.0,0.0,0.0,0,0.0,0.0,33,125.0,1,0.0,0.0,6.0,-8.538267752272077,0,3,5,10.0,0,0.0,0.0,-2.0,8.0,0.0,-2.2526608449989,0,3.3333333333333335,0.12216312056737588,-0.007388558882492813,0.17807268963331885,0.0,19.5,6,0.02100840336134454,-0.0011648223645894002,0.014109347442680775,0.030580747150345287,0.00693000693000693,0.0,0.0,0.0,0.003465003465003465,0.005544005544005544,0.04201680672268908,0.04401236258362349,Malcolm Brown,RB,22.5,22.8
00-0031868,2020,REG,0,0,0.0,0,0.0,0.0,0.0,0,0,0.0,0.0,0.0,0.0,0,0.0,0.0,2,15.0,0,1.0,0.0,1.0,0.9283406171016395,0,47,77,604.0,1,1.0,0.0,882.0,172.0,29.0,16.151309471417342,0,11.158405783537056,2.8519842914172178,4.472808240338818,7.408942205362998,0.0,67.9,14,0.19106699751861042,0.3163558106169297,0.1246376811594203,0.5396851447714595,0.21365405022992573,0.1,0.20863309352517986,0.20134228187919462,0.15682702511496288,0.19092324018394058,1.498759305210918,0.11249485989543559,Damiere Byrd,WR,114.9,64.9
00-0031868,2021,REG,0,0,0.0,0,0.0,0.0,0.0,0,0,0.0,0.0,0.0,0.0,0,0.0,0.0,0,0.0,0,0.0,0.0,0.0,0.0,0,26,38,329.0,1,0.0,0.0,325.0,116.0,18.0,7.920832560497477,1,15.435815882749345,1.0239210558530334,1.1988742203539307,2.3750935380273015,0.0,40.900000000000006,11,0.09405940594059406,0.10634816753926701,0.08814589665653495,0.22616764294230474,0.12382386149793,0.08333333333333333,0.13138686131386862,0.12751677852348994,0.10357859741563166,0.11572575586501066,0.8143564356435643,0.0757147060820752,Damiere Byrd,WR,64.9,51.8
00-0031868,2022,REG,0,0,0.0,0,0.0,0.0,0.0,0,0,0.0,0.0,0.0,0.0,0,0.0,0.0,0,0.0,0,0.0,0.0,0.0,0.0,0,13,23,268.0,2,0.0,0.0,468.0,105.0,9.0,7.558480436913669,0,7.524586596669962,0.9477202961794536,2.2018037044992695,2.962843037418669,0.0,38.8,12,0.07744107744107744,0.156312625250501,0.12352941176470589,0.24121171636201696,0.1350806451612903,0.18181818181818182,0.08737864077669903,0.09649122807017543,0.15844941348973607,0.14442815249266863,0.9023569023569024,0.06316610979684413,Damiere Byrd,WR,51.8,0.0
00-0031941,2020,REG,1,1,43.0,1,0.0,0.0,0.0,0,0,27.0,16.0,1.0,3.8461674444843084,0,1.5925925925925926,0.0,1,14.0,0,0.0,0.0,1.0,0.9034782014787197,0,59,89,699.0,6,0.0,0.0,673.0,327.0,32.0,24.324352867736742,0,13.03665341241482,2.9566372057598125,2.464922707917919,6.160401704182262,0.0,113.02,12,0.23116883116883116,0.18809390721073224,0.27735368956743,0.49722837252183255,0.27793240556660037,0.42857142857142855,0.27586206896551724,0.2923076923076923,0.3532519170690145,0.308060210167566,1.8155844155844156,0.197769602207404,Jamison Crowder,WR,172.45,105.7
00-0031941,2021,REG,0,0,0.0,0,0.0,1.0,3.0,0,0,0.0,0.0,0.0,-1.3508157203905284,1,0.0,0.0,0,0.0,0,0.0,0.0,0.0,0.0,0,51,71,447.0,2,1.0,1.0,448.0,174.0,22.0,6.594944275106748,1,12.334459799264021,2.007993109161366,1.995965525462625,4.409165531565887,0.0,58.7,12,0.16027088036117382,0.14545454545454545,0.10998735777496839,0.3567699569053971,0.14924874791318865,0.125,0.14864864864864866,0.14634146341463414,0.13712437395659433,0.14439899833055092,1.0090293453724606,0.11151773914811426,Jamison Crowder,WR,105.7,12.0
00-0031941,2022,REG,0,0,0.0,0,0.0,0.0,0.0,0,0,0.0,0.0,0.0,0.0,0,0.0,0.0,0,0.0,0,0.0,0.0,0.0,0.0,0,6,13,60.0,0,0.0,0.0,121.0,30.0,4.0,-1.0964831524179317,0,3.5273477812177507,0.35059294711746525,0.44199047453158713,0.8352827528483088,0.0,6.0,4,0.07647058823529412,0.102803738317757,0.058365758754863814,0.1969488730071468,0.0488997555012225,0.0,0.06349206349206349,0.0547945205479452,0.02444987775061125,0.039119804400978,0.35294117647058826,0.02797333209007413,Jamison Crowder,WR,12.0,37.900000000000006
00-0031941,2023,REG,0,0,0.0,0,0.0,0.0,0.0,0,0,0.0,0.0,0.0,0.0,0,0.0,0.0,0,0.0,0,0.0,0.0,0.0,0.0,0,16,20,159.0,1,0.0,0.0,122.0,80.0,8.0,5.320990374864893,0,3.537566844919786,0.45367806213394446,0.34808336488765174,0.924175448622273,0.0,21.9,7,0.06666666666666667,0.06024691358024691,0.06962576153176675,0.14819753086419754,0.07985936715218483,0.07692307692307693,0.08333333333333333,0.08256880733944955,0.07839122203763088,0.07927210910636326,0.53,0.056328399025028245,Jamison Crowder,WR,37.900000000000006,34.1
00-0031951,2020,REG,0,0,0.0,0,0.0,0.0,0.0,0,0,0.0,0.0,0.0,0.0,0,0.0,0.0,0,0.0,0,0.0,0.0,0.0,0.0,0,28,38,262.0,0,0.0,0.0,274.0,94.0,12.0,10.244991644402035,0,17.8811501926741,1.0433954577928213,0.8529833771855375,2.1621815507191084,0.0,26.200000000000003,15,0.06563039723661486,0.060579261552067214,0.05742211362248015,0.14690900509657606,0.06887486855941115,0.0,0.06091370558375635,0.05405405405405406,0.034437434279705574,0.05509989484752892,0.4525043177892919,0.040624812616177966,James O'Shaughnessy,TE,54.2,48.4
00-0032009,2020,REG,0,0,0.0,0,0.0,1.0,0.0,0,0,0.0,0.0,0.0,-0.4747732928954065,0,0.0,0.0,0,0.0,0,0.0,0.0,0.0,0.0,0,23,35,228.0,2,0.0,0.0,335.0,45.0,11.0,5.427032957863097,0,4.599247933348356,1.047666288015321,1.2266815143352994,2.430176492057691,0.0,34.8,7,0.1394422310756972,0.15566914498141263,0.06040268456375839,0.3336986625986759,0.11303916707982152,0.1111111111111111,0.10891089108910891,0.1092436974789916,0.11207513909546632,0.11265355588607945,0.9083665338645418,0.07639641544846545,Adam Humphries,WR,57.8,79.3
00-0032054,2020,REG,0,0,0.0,0,0.0,0.0,0.0,0,0,0.0,0.0,0.0,0.0,0,0.0,0.0,1,6.0,0,0.0,0.0,0.0,0.3008314555045217,0,30,60,505.0,3,0.0,0.0,906.0,160.0,20.0,0.9599217566556781,0,9.72252713793917,2.182690316929447,3.3941316762501095,5.649927648769247,0.0,69.10000000000001,12,0.1652892561983471,0.29131832797427654,0.1386481802426343,0.4809885466769419,0.21281078803202697,0.21428571428571427,0.17857142857142858,0.18253968253968253,0.2135482511588706,0.21310577328276442,1.3911845730027548,0.11923669265569353,Breshad Perriman,WR,99.10000000000001,34.900000000000006
00-0032054,2021,REG,0,0,0.0,0,0.0,0.0,0.0,0,0,0.0,0.0,0.0,0.0,0,0.0,0.0,1,-3.0,0,0.0,0.0,0.0,-0.7378263422288001,0,11,18,167.0,1,0.0,0.0,169.0,102.0,5.0,7.000882647704898,0,7.458073260999196,0.40652739989807696,0.48902583549518586,0.9521091846937455,0.0,22.400000000000002,5,0.07692307692307693,0.09194776931447225,0.125,0.18894283083619318,0.09355742296918768,0.07142857142857142,0.056818181818181816,0.058823529411764705,0.08249299719887955,0.08913165266106443,0.7136752136752137,0.053577157523259554,Breshad Perriman,WR,34.900000000000006,23.3
00-0032058,2020,REG,0,0,0.0,0,0.0,0.0,0.0,0,0,0.0,0.0,0.0,0.0,0,0.0,0.0,28,53.0,0,0.0,0.0,3.0,-8.44488981727045,0,4,5,34.0,0,0.0,0.0,13.0,21.0,2.0,0.9780899219913408,0,3.0,0.1841931216931217,0.07851269965959676,0.33124857230140026,0.0,8.700000000000001,6,0.024390243902439025,0.00935251798561151,0.027559055118110236,0.04406738024214775,0.02125,0.0,0.024390243902439025,0.020618556701030927,0.010625,0.017,0.16585365853658537,0.020991735537190085,Tevin Coleman,RB,12.700000000000001,51.5
00-0032058,2021,REG,0,0,0.0,0,0.0,0.0,0.0,0,0,0.0,0.0,0.0,0.0,0,0.0,0.0,84,356.0,0,0.0,0.0,19.0,-5.879638561309548,0,11,16,49.0,0,0.0,0.0,-23.0,88.0,2.0,-2.324677706230432,0,-6.968073593073593,0.526666934089893,-0.03435592574643409,0.7659512531123355,0.0,40.5,11,0.045714285714285714,-0.008607784431137725,0.08065994500458296,0.061685201026518394,0.021528998242530756,0.0,0.019801980198019802,0.017857142857142856,0.010764499121265378,0.017223198594024606,0.14,0.06547664454446055,Tevin Coleman,RB,51.5,22.000000000000004
00-0032062,2020,REG,0,0,0.0,0,0.0,0.0,0.0,0,0,0.0,0.0,0.0,0.0,0,0.0,0.0,1,2.0,0,0.0,0.0,1.0,0.7348881615325809,0,11,15,110.0,0,0.0,0.0,77.0,48.0,7.0,1.5218927577952854,0,19.75574712643678,0.3842757078259587,0.2548610205898158,0.7548162761518091,0.0,11.200000000000001,11,0.03289473684210526,0.02177601809954751,0.030456852791878174,0.06676291974279591,0.03150057273768614,0.0,0.03932584269662921,0.03482587064676617,0.01575028636884307,0.025200458190148912,0.2412280701754386,0.018566840626254518,Blake Bell,TE,22.200000000000003,20.0
00-0032062,2021,REG,0,0,0.0,0,0.0,0.0,0.0,0,0,0.0,0.0,0.0,0.0,0,0.0,0.0,4,10.0,0,0.0,0.0,4.0,3.2836653463891707,0,9,13,87.0,0,0.0,0.0,31.0,67.0,4.0,1.2283455611323006,0,8.125641025641027,0.35727780898755945,0.10245277412056,0.6076336553657311,0.0,9.700000000000001,11,0.028888888888888888,0.008982903506230079,0.03667214012041598,0.050519656138317395,0.026670754138565296,0.0,0.022727272727272728,0.019801980198019802,0.013335377069282648,0.02133660331085224,0.19333333333333333,0.01605177771292211,Blake Bell,TE,20.0,11.399999999999999
00-0032062,2022,REG,0,0,0.0,0,0.0,0.0,0.0,0,0,0.0,0.0,0.0,0.0,0,0.0,0.0,0,0.0,0,0.0,0.0,0.0,0.0,0,2,2,20.0,1,0.0,0.0,12.0,8.0,1.0,1.8368982071406208,0,1.4166666666666667,0.06605691056910569,0.03870967741935484,0.12618214004720693,0.0,8.0,2,0.029411764705882353,0.021897810218978103,0.028368794326241134,0.061635895234006005,0.03773584905660377,0.25,0.037037037037037035,0.06451612903225806,0.14386792452830188,0.08018867924528303,0.29411764705882354,0.04887585532746823,Blake Bell,TE,11.399999999999999,11.6
00-0032063,2020,REG,0,0,0.0,0,0.0,0.0,0.0,0,0,0.0,0.0,0.0,0.0,0,0.0,0.0,165,642.0,6,1.0,1.0,38.0,-19.472752833105897,0,59,70,373.0,2,0.0,0.0,-39.0,422.0,17.0,-6.551974284023301,0,-8.62900432900433,2.139584625614037,-0.21726984925567563,3.057288043942083,0.0,147.5,14,0.14613778705636743,-0.011701170117011701,0.22786177105831534,0.2098457444909418,0.10392867093898021,0.13333333333333333,0.1,0.10270270270270271,0.11863100213615677,0.10980960341785084,0.778705636743215,0.171289691097913,Mike Davis,RB,206.5,138.20000000000002
00-0032063,2021,REG,0,0,0.0,0,0.0,0.0,0.0,0,0,0.0,0.0,0.0,0.0,0,0.0,0.0,138,503.0,3,2.0,1.0,21.0,-17.808107149001444,0,44,58,259.0,1,2.0,2.0,-52.0,306.0,12.0,-23.21665930790607,0,5.669266191325013,1.7954733587798104,-0.24081035746783894,2.5246427879422284,0.0,94.2,17,0.1012216404886562,-0.01255129133478156,0.1766743648960739,0.14179142766515904,0.06496112365186857,0.05,0.061224489795918366,0.06018518518518518,0.057480561825934286,0.06196889892149486,0.45200698080279234,0.10661276884623692,Mike Davis,RB,138.20000000000002,4.2
00-0032098,2020,REG,0,0,0.0,0,0.0,0.0,0.0,0,0,0.0,0.0,0.0,0.0,0,0.0,0.0,0,0.0,0,0.0,0.0,0.0,0.0,0,2,2,31.0,0,0.0,0.0,10.0,21.0,2.0,4.369224509166088,0,1.8,0.06601731601731602,0.04149377593360996,0.128071617179501,0.0,3.1,2,0.029850746268656716,0.017889087656529516,0.07446808510638298,0.05908738952820869,0.0640495867768595,0.0,0.08,0.06896551724137931,0.03202479338842975,0.0512396694214876,0.4626865671641791,0.029317084387215447,Daniel Brown,WR,5.1,4.9
00-0032104,2020,REG,0,0,0.0,0,0.0,0.0,0.0,0,0,0.0,0.0,0.0,0.0,0,0.0,0.0,8,42.0,0,0.0,0.0,4.0,1.8992711064929608,0,8,9,58.0,2,0.0,0.0,-5.0,63.0,4.0,4.559923368593445,0,-5.5,0.26597744360902253,-0.021241596172559416,0.38409704809274225,0.0,22.0,6,0.041474654377880185,-0.0031545741324921135,0.07015590200445435,0.059688322260826585,0.03242034656232532,0.125,0.043010752688172046,0.05504587155963303,0.07871017328116266,0.05093627724986026,0.2672811059907834,0.044159208666980684,Ameer Abdullah,RB,30.0,89.5
00-0032104,2021,REG,0,0,0.0,0,0.0,0.0,0.0,0,0,0.0,0.0,0.0,0.0,0,0.0,0.0,51,166.0,0,0.0,0.0,8.0,-10.994161704570974,0,38,53,289.0,1,0.0,0.0,43.0,294.0,13.0,-6.715099529536824,0,-11.829730661495368,1.5943796204898795,0.06935697632443423,2.4401193141619233,0.0,51.5,15,0.10037878787878787,0.012126339537507051,0.18631178707224336,0.16026925344818746,0.08859595340282035,0.058823529411764705,0.08280254777070063,0.08045977011494253,0.07370974140729253,0.08264146860460922,0.5473484848484849,0.07806503384271858,Ameer Abdullah,RB,89.5,54.1
00-0032104,2022,REG,0,0,0.0,0,0.0,0.0,0.0,0,0,0.0,0.0,0.0,0.0,0,0.0,0.0,4,20.0,0,0.0,0.0,2.0,-0.3118092714165157,0,25,32,211.0,1,0.0,0.0,95.0,195.0,8.0,-1.7838534197261198,0,43.675000000000004,0.9696689830203762,0.27420823292445434,1.6464492375776822,0.0,29.1,13,0.07223476297968397,0.02357320099255583,0.14338235294117646,0.12721070526357062,0.06848425835767608,0.047619047619047616,0.05442176870748299,0.05357142857142857,0.058051652988361846,0.0643112162099504,0.4762979683972912,0.05054940947824787,Ameer Abdullah,RB,54.1,41.0
00-0032104,2023,REG,0,0,0.0,0,0.0,0.0,0.0,0,0,0.0,0.0,0.0,0.0,0,0.0,0.0,15,89.0,0,0.0,0.0,6.0,2.6026256582267893,0,19,24,131.0,0,0.0,0.0,46.0,88.0,4.0,-14.259469358250936,0,18.251495726495726,0.8241655048346366,0.13531866595366374,1.3309713234195195,0.0,22.0,16,0.046875,0.011622031328954016,0.05774278215223097,0.07961012506316321,0.037839399191218946,0.0,0.024096385542168676,0.021621621621621623,0.018919699595609473,0.03027151935297516,0.255859375,0.03482012433332201,Ameer Abdullah,RB,41.0,125.2
00-0032128,2020,REG,0,0,0.0,0,0.0,0.0,0.0,0,0,0.0,0.0,0.0,0.0,0,0.0,0.0,0,0.0,0,0.0,0.0,0.0,0.0,0,40,63,471.0,2,1.0,1.0,652.0,180.0,24.0,12.111614303506485,0,13.33919911298188,1.720178121818611,2.3027744282429103,4.192209282497954,0.0,57.1,14,0.11954459203036052,0.16102741417633984,0.12413793103448276,0.3081388193866127,0.13624529939253688,0.09090909090909091,0.13559322033898305,0.1306532663316583,0.1135771951508139,0.1271780576958477,0.8937381404174574,0.08140646221432285,Chris Conley,WR,97.10000000000001,64.6
00-0032128,2021,REG,0,0,0.0,0,0.0,0.0,0.0,0,0,0.0,0.0,0.0,0.0,0,0.0,0.0,1,3.0,0,0.0,0.0,1.0,0.4300111241172999,0,22,37,323.0,2,1.0,1.0,340.0,126.0,15.0,10.734472966737542,0,10.804370176588739,1.2742665587230804,1.8428410145489542,3.2013885482688886,0.0,42.6,14,0.08131868131868132,0.1045510455104551,0.08502024291497975,0.20561885838638608,0.10638998682476944,0.125,0.10869565217391304,0.11038961038961038,0.11569499341238472,0.11011198945981557,0.7098901098901099,0.06358017400889729,Chris Conley,WR,64.6,8.600000000000001
00-0032128,2022,REG,0,0,0.0,0,0.0,0.0,0.0,0,0,0.0,0.0,0.0,0.0,0,0.0,0.0,0,0.0,0,0.0,0.0,0.0,0.0,0,4,7,46.0,0,0.0,0.0,87.0,3.0,2.0,0.42514541291166097,0,2.1875,0.27417903733693205,0.4093766412859021,0.6978322049055296,0.0,4.6000000000000005,4,0.05982905982905983,0.08904810644831115,0.0084985835694051,0.16098207490223868,0.06060606060606061,0.0,0.05405405405405406,0.04878048780487805,0.030303030303030304,0.04848484848484849,0.39316239316239315,0.02959801762114538,Chris Conley,WR,8.600000000000001,15.4
00-0032128,2023,REG,0,0,0.0,0,0.0,0.0,0.0,0,0,0.0,0.0,0.0,0.0,0,0.0,0.0,0,0.0,0,0.0,0.0,0.0,0.0,0,3,6,69.0,0,0.0,0.0,74.0,28.0,2.0,1.337810616765637,0,0.9324324324324325,0.24,0.29365079365079366,0.5655555555555556,0.0,6.9,1,0.23076923076923078,0.29365079365079366,0.3181818181818182,0.5810744810744811,0.36507936507936506,0.0,0.2,0.18181818181818182,0.18253968253968253,0.2920634920634921,2.6538461538461537,0.13207043756670223,Chris Conley,WR,15.4,13.6
00-0032134,2020,REG,0,0,0.0,0,0.0,0.0,0.0,0,0,0.0,0.0,0.0,0.0,0,0.0,0.0,0,0.0,0,0.0,0.0,0.0,0.0,0,8,11,87.0,1,0.0,0.0,94.0,30.0,6.0,5.250519627103433,0,1.8532608695652173,0.24455205811138014,0.2608593272846347,0.5494296162663145,0.0,14.7,2,0.1134020618556701,0.12097812097812098,0.14285714285714285,0.26688558956600195,0.17092337917485265,0.3333333333333333,0.17647058823529413,0.1891891891891892,0.25212835625409297,0.2034053700065488,0.8969072164948454,0.1259292133584822,C.J. Uzomah,TE,22.7,163.9
00-0032134,2021,REG,0,0,0.0,0,0.0,0.0,0.0,0,0,0.0,0.0,0.0,0.0,0,0.0,0.0,0,0.0,0,0.0,0.0,0.0,0.0,0,49,63,493.0,5,0.0,0.0,274.0,300.0,24.0,19.42378815087177,0,27.3984804165811,1.9364311138872232,0.9900237488525273,3.597663295027604,0.0,79.3,16,0.11977186311787072,0.06472950626033545,0.12975778546712802,0.23144139968507446,0.10556745182012849,0.14285714285714285,0.11764705882352941,0.12133891213389121,0.12421229733863567,0.11302539002753136,0.9372623574144486,0.08013240896883393,C.J. Uzomah,TE,163.9,56.2
00-0032134,2022,REG,0,0,0.0,0,0.0,0.0,0.0,0,0,0.0,0.0,0.0,0.0,0,0.0,0.0,0,0.0,0,0.0,0.0,0.0,0.0,0,21,27,232.0,2,0.0,0.0,196.0,105.0,10.0,11.249330801598262,0,17.4934188328809,0.8935784129198452,0.6194004970597637,1.773947967321602,0.0,35.2,12,0.06264501160092807,0.05365453052285792,0.07516105941302792,0.13689114181967846,0.07926204304748889,0.25,0.07518796992481203,0.0851063829787234,0.16463102152374445,0.11340963443799112,0.5382830626450116,0.06173924506745178,C.J. Uzomah,TE,56.2,19.8
00-0032135,2020,REG,0,0,0.0,0,0.0,0.0,0.0,0,0,0.0,0.0,0.0,0.0,0,0.0,0.0,0,0.0,0,0.0,0.0,0.0,0.0,0,14,22,129.0,2,0.0,0.0,118.0,76.0,6.0,-4.079514953948092,0,10.603174603174603,0.6537910068840439,0.4882727821307078,1.3224774578175613,0.0,24.900000000000002,12,0.05104408352668213,0.03125,0.054873646209386284,0.10156612529002321,0.039777983348751156,0.09090909090909091,0.036585365853658534,0.043010752688172046,0.06534353712892103,0.05000420486081911,0.29930394431554525,0.034740828064158895,Jesse James,TE,38.9,19.2
00-0032141,2020,REG,0,0,0.0,0,0.0,0.0,0.0,0,0,0.0,0.0,0.0,0.0,0,0.0,0.0,0,0.0,0,0.0,0.0,0.0,0.0,0,9,12,83.0,1,0.0,0.0,79.0,35.0,6.0,4.2518372736813035,0,17.61904761904762,0.4419983714588699,0.3883510830794738,0.9348433153439364,0.0,14.3,6,0.06153846153846154,0.04903786468032278,0.04807692307692308,0.13153798405195055,0.04958183990442055,0.06666666666666667,0.07317073170731707,0.07216494845360824,0.0581242532855436,0.05299880525686978,0.4256410256410256,0.03415620968687698,Geoff Swaim,TE,24.8,70.0
00-0032141,2021,REG,0,0,0.0,0,0.0,0.0,0.0,0,0,0.0,0.0,0.0,0.0,0,0.0,0.0,0,0.0,0,0.0,0.0,0.0,0.0,0,31,40,210.0,3,0.0,0.0,146.0,139.0,12.0,9.252059686812572,0,24.936450825160502,1.4546206174777603,0.7923409727830538,2.7365696071647783,0.0,39.0,16,0.08281573498964803,0.0409652076318743,0.08383594692400483,0.1569957685899715,0.061367621274108705,0.14285714285714285,0.06857142857142857,0.07653061224489796,0.10211238206562578,0.07766552559071553,0.43478260869565216,0.05196039133597589,Geoff Swaim,TE,70.0,23.8
00-0032141,2022,REG,0,0,0.0,0,0.0,0.0,0.0,0,0,0.0,0.0,0.0,0.0,0,0.0,0.0,0,0.0,0,0.0,0.0,0.0,0.0,0,12,16,58.0,1,0.0,0.0,34.0,43.0,4.0,-1.8323340706701856,0,12.333333333333332,0.5854745403501151,0.17207836410393618,0.998666665397928,0.0,11.8,11,0.04984423676012461,0.013654618473895583,0.039126478616924476,0.08569004991930337,0.02423735896364396,0.07692307692307693,0.03636363636363636,0.04065040650406504,0.05058021794336044,0.03477450255553055,0.1806853582554517,0.029808872523233384,Geoff Swaim,TE,23.8,19.4
00-0032141,2023,REG,0,0,0.0,0,0.0,0.0,0.0,0,0,0.0,0.0,0.0,0.0,0,0.0,0.0,0,0.0,0,0.0,0.0,0.0,0.0,0,10,11,94.0,0,0.0,0.0,60.0,30.0,4.0,6.6409618902544025,0,9.69141414141414,0.368113898358588,0.2552902938230942,0.730874053214048,0.0,9.4,7,0.047619047619047616,0.031496062992125984,0.04838709677419355,0.09662542182227221,0.06714285714285714,0.0,0.05714285714285714,0.05194805194805195,0.03357142857142857,0.053714285714285714,0.4069264069264069,0.035446738534624524,Geoff Swaim,TE,19.4,1.7000000000000002
00-0032144,2020,REG,0,0,0.0,0,0.0,0.0,0.0,0,0,0.0,0.0,0.0,0.0,0,0.0,0.0,215,986.0,9,2.0,2.0,46.0,-16.683528906292118,0,32,44,158.0,1,2.0,2.0,9.0,162.0,7.0,-18.34335127542556,0,4.363095238095239,1.2540604984683932,-0.01161060909375422,1.8729633213369619,0.0,166.4,15,0.08270676691729323,0.001941747572815534,0.10298792116973936,0.12561354843419226,0.04535017221584386,0.047619047619047616,0.04142011834319527,0.042105263157894736,0.04648460991744574,0.04580394729648461,0.29699248120300753,0.163015792154865,Melvin Gordon,RB,198.4,195.1
00-0032144,2021,REG,0,0,0.0,0,0.0,0.0,0.0,0,0,0.0,0.0,0.0,0.0,0,0.0,0.0,203,918.0,8,3.0,3.0,48.0,-18.874554949667072,0,28,38,213.0,2,0.0,0.0,12.0,186.0,9.0,-2.617552531461195,0,0.5051282051282046,1.265495054542369,0.0403830271003487,1.9265107007837976,0.0,167.1,16,0.07584830339321358,0.002801774457156199,0.1183206106870229,0.11601387465554533,0.059183106418449566,0.10526315789473684,0.05325443786982249,0.05851063829787234,0.0822231321565932,0.06839911671370702,0.4251497005988024,0.15183352010957538,Melvin Gordon,RB,195.1,87.1
00-0032144,2022,REG,0,0,0.0,0,0.0,0.0,0.0,0,0,0.0,0.0,0.0,0.0,0,0.0,0.0,90,318.0,2,4.0,2.0,15.0,-29.615228895578124,0,25,32,223.0,0,1.0,0.0,23.0,206.0,11.0,1.0003796159971676,0,-16.994444444444444,0.9660947670928416,0.06570599550598577,1.4951363474934523,0.0,62.1,10,0.09221902017291066,0.007232704402515723,0.16401273885350318,0.14411469378137856,0.09094616639477977,0.0,0.11,0.102803738317757,0.04547308319738989,0.07275693311582382,0.6426512968299711,0.11820106394528279,Melvin Gordon,RB,87.1,19.7
00-0032156,2021,REG,108,188,1154.0,11,3.0,9.0,64.0,3,1,1329.0,507.0,61.0,-6.704305688234496,0,5.1788240283477185,0.23951729112280734,9,20.0,1,0.0,0.0,2.0,-3.77158512477763,0,0,0,0.0,0,0.0,0.0,0.0,0.0,0.0,0.0,0,0.0,0.0,0.0,0.0,0.0,90.16000000000001,6,0.0,0.0,0.0,0.0,0.0,0.0,0.0,0.0,0.0,0.0,0.0,0.17042189626493273,Trevor Siemian,QB,101.7,12.000000000000002
00-0032156,2022,REG,15,26,184.0,1,1.0,2.0,14.0,0,0,171.0,116.0,7.0,-7.1543913324834385,0,1.0406976744186047,-0.007208756543740001,4,8.0,0,0.0,0.0,1.0,-0.8665187659207731,0,0,0,0.0,0,0.0,0.0,0.0,0.0,0.0,0.0,0,0.0,0.0,0.0,0.0,0.0,10.16,2,0.0,0.0,0.0,0.0,0.0,0.0,0.0,0.0,0.0,0.0,0.0,0.06614583333333333,Trevor Siemian,QB,12.000000000000002,34.2
00-0032187,2020,REG,0,0,0.0,0,0.0,0.0,0.0,0,0,0.0,0.0,0.0,0.0,0,0.0,0.0,147,691.0,6,0.0,0.0,38.0,-3.6567891617305577,0,33,46,314.0,2,2.0,1.0,168.0,235.0,16.0,1.3371908572957691,0,4.447269232166258,1.3220871355764099,0.5512937237936858,2.3690363100201948,0.0,146.5,12,0.10849056603773585,0.04361370716510903,0.15856950067476383,0.19762681478869099,0.0826533298236378,0.08,0.09248554913294797,0.09090909090909091,0.08132666491181889,0.08212266385891023,0.7405660377358491,0.14749868524848803,David Johnson,RB,179.5,81.3
00-0032187,2021,REG,0,0,0.0,0,0.0,0.0,0.0,0,0,0.0,0.0,0.0,0.0,0,0.0,0.0,67,228.0,0,1.0,1.0,7.0,-21.67845288425451,0,32,42,225.0,1,0.0,0.0,87.0,191.0,11.0,-8.568709173098455,0,10.568073593073594,1.4602269983406029,0.2910261745328821,2.394058819683922,0.0,49.300000000000004,13,0.10218978102189781,0.027306967984934087,0.154281098546042,0.175130245920794,0.08070301291248207,0.058823529411764705,0.09166666666666666,0.08759124087591241,0.06976327116212339,0.07632711621233859,0.5474452554744526,0.08645992853496681,David Johnson,RB,81.3,9.100000000000001
00-0032200,2020,REG,0,0,0.0,0,0.0,0.0,0.0,0,0,0.0,0.0,0.0,0.0,0,0.0,0.0,19,101.0,0,0.0,0.0,4.0,0.03106250218115747,0,3,6,27.0,0,0.0,0.0,10.0,33.0,1.0,-2.394389351422433,0,0.0,0.18576088403674612,0.033159345925303375,0.3018528682028315,0.0,12.8,4,0.046511627906976744,0.012165450121654502,0.058823529411764705,0.07949980195778872,0.02621359223300971,0.0,0.019230769230769232,0.017241379310344827,0.013106796116504855,0.02097087378640777,0.20930232558139536,0.03820116054158607,Ty Montgomery,RB,19.5,29.9
00-0032200,2021,REG,0,0,0.0,0,0.0,0.0,0.0,0,0,0.0,0.0,0.0,0.0,0,0.0,0.0,15,44.0,0,0.0,0.0,2.0,-6.020450344483834,0,16,26,95.0,0,0.0,0.0,46.0,87.0,5.0,-4.376274906502047,0,4.4399999999999995,0.8890847492027237,0.24294944112653177,1.503691732592658,0.0,13.9,11,0.0790273556231003,0.019126819126819128,0.07760927743086529,0.13384248873610574,0.042715827338129495,0.0,0.049019607843137254,0.041666666666666664,0.021357913669064747,0.0341726618705036,0.2887537993920973,0.036594619734168846,Ty Montgomery,WR,29.9,10.3
00-0032200,2022,REG,0,0,0.0,0,0.0,0.0,0.0,0,0,0.0,0.0,0.0,0.0,0,0.0,0.0,2,-2.0,0,0.0,0.0,0.0,-3.0911792758852243,0,3,4,15.0,1,0.0,0.0,13.0,7.0,1.0,2.1808464441564865,0,1.1538461538461537,0.13333333333333333,0.04659498207885305,0.23261648745519714,0.0,7.3,1,0.13333333333333333,0.04659498207885305,0.08045977011494253,0.23727598566308244,0.07042253521126761,1.0,0.1,0.18181818181818182,0.5352112676056338,0.2563380281690141,0.5,0.16448419035451933,Ty Montgomery,WR,10.3,9.9
00-0032208,2021,REG,0,0,0.0,0,0.0,0.0,0.0,0,0,0.0,0.0,0.0,0.0,0,0.0,0.0,1,0.0,0,0.0,0.0,0.0,-0.5280084691476077,0,7,14,110.0,0,0.0,0.0,210.0,27.0,3.0,-0.9020297382123899,0,1.8843843843843844,0.44823028673835125,0.9136750659096367,1.3119179762442725,0.0,11.0,5,0.08139534883720931,0.1990521327014218,0.03994082840236687,0.2813347294169514,0.09001636661211129,0.0,0.05263157894736842,0.046875,0.045008183306055646,0.07201309328968904,0.6395348837209303,0.040351506456241026,Phillip Dorsett,WR,18.0,51.7
00-0032208,2022,REG,0,1,0.0,0,0.0,0.0,0.0,0,0,12.0,0.0,0.0,-0.536111096618697,0,0.0,0.0,0,0.0,0,0.0,0.0,0.0,0.0,0,20,40,257.0,1,0.0,0.0,445.0,62.0,11.0,-3.7097915057484996,0,8.566258594346829,1.278353828091475,1.9981965010728606,3.316268292888215,0.0,31.7,14,0.08385744234800839,0.12489475161380859,0.03974358974358974,0.22570196481305946,0.08526874585268746,0.058823529411764705,0.08333333333333333,0.08053691275167785,0.07204613763222609,0.0799797025645029,0.5387840670859538,0.05195666592969269,Phillip Dorsett,WR,51.7,0.0
00-0032211,2020,REG,0,0,0.0,0,0.0,0.0,0.0,0,0,0.0,0.0,0.0,0.0,0,0.0,0.0,0,0.0,0,0.0,0.0,0.0,0.0,0,100,132,1054.0,10,1.0,0.0,1285.0,327.0,57.0,73.64311364111445,0,16.175702657527715,3.8878273164293593,4.499158156254134,8.981151684021933,0.0,165.4,16,0.2344582593250444,0.2658254033926355,0.17762085822922324,0.5643477117016751,0.24829210836277973,0.25,0.2638888888888889,0.26171875,0.24914605418138985,0.2486336866902238,1.8721136767317939,0.1618884957911431,Tyler Lockett,WR,274.7,239.4
00-0032211,2021,REG,0,0,0.0,0,0.0,0.0,0.0,0,0,0.0,0.0,0.0,0.0,0,0.0,0.0,2,9.0,0,0.0,0.0,0.0,-0.15522209840128198,0,73,107,1175.0,8,0.0,0.0,1562.0,277.0,41.0,52.56914624355258,1,14.901420085278772,3.881308294954305,5.971998832839836,10.002361625419343,0.0,168.4,16,0.23060344827586207,0.37102137767220905,0.16666666666666666,0.6427222745515604,0.3211259907078437,0.26666666666666666,0.2578616352201258,0.25925925925925924,0.2938963286872552,0.3102341258996083,2.5323275862068964,0.1716121877354869,Tyler Lockett,WR,239.4,249.2
00-0032211,2022,REG,0,0,0.0,0,0.0,0.0,0.0,0,0,0.0,0.0,0.0,0.0,0,0.0,0.0,0,0.0,0,0.0,0.0,0.0,0.0,0,84,117,1033.0,9,1.0,1.0,1242.0,272.0,50.0,38.252881527791345,0,15.909870923855657,3.6196795321427366,5.044633653416282,8.960762855605502,0.0,155.3,16,0.21951219512195122,0.30651530108588354,0.15990593768371547,0.5744805335516336,0.2539955741332678,0.3103448275862069,0.25252525252525254,0.2599118942731278,0.2821702008597373,0.2652654248238556,1.9380863039399625,0.16364854884153515,Tyler Lockett,WR,249.2,198.4
00-0032211,2023,REG,0,0,0.0,0,0.0,0.0,0.0,0,0,0.0,0.0,0.0,0.0,0,0.0,0.0,0,0.0,0,0.0,0.0,0.0,0.0,0,79,122,894.0,5,0.0,0.0,1322.0,210.0,47.0,39.176319170263426,2,11.651545859576492,3.7659882306550387,5.726010721077077,9.657189850736511,0.0,123.4,17,0.21217391304347827,0.3207959233195826,0.10401188707280833,0.5748976082208834,0.21454283657307416,0.21739130434782608,0.24867724867724866,0.24528301886792453,0.2159670704604501,0.21511253012802456,1.5547826086956522,0.145991719442,Tyler Lockett,WR,198.4,121.0
00-0032214,2020,REG,0,0,0.0,0,0.0,0.0,0.0,0,0,0.0,0.0,0.0,0.0,0,0.0,0.0,0,0.0,0,0.0,0.0,0.0,0.0,0,12,16,119.0,3,0.0,0.0,121.0,44.0,9.0,8.547316091771492,0,6.1822787493375735,0.5094323206389959,0.4585620980719772,1.0851419496088779,0.0,29.9,6,0.08290155440414508,0.07396088019559902,0.06179775280898876,0.18352103576269682,0.07451471509079524,0.2727272727272727,0.11688311688311688,0.13636363636363635,0.17362099390903396,0.11415722661809075,0.616580310880829,0.07410944851250487,Tyler Kroft,TE,41.9,39.3
00-0032214,2021,REG,0,0,0.0,0,0.0,0.0,0.0,0,0,0.0,0.0,0.0,0.0,0,0.0,0.0,0,0.0,0,0.0,0.0,0.0,0.0,0,16,25,173.0,1,0.0,0.0,144.0,74.0,9.0,5.4017754854514,0,7.094414795730585,0.8749204748762467,0.6699574988019513,1.7813509614757357,0.0,23.3,9,0.08169934640522876,0.06466097889537495,0.07489878542510121,0.17427780272414312,0.08168083097261568,0.07692307692307693,0.08737864077669903,0.08620689655172414,0.07930195394784631,0.08072928016270793,0.565359477124183,0.05474147537330064,Tyler Kroft,TE,39.3,9.700000000000001
00-0032257,2020,REG,0,0,0.0,0,0.0,0.0,0.0,0,0,0.0,0.0,0.0,0.0,0,0.0,0.0,77,235.0,1,2.0,2.0,11.0,-25.557877224229742,0,28,35,249.0,1,1.0,0.0,67.0,220.0,8.0,4.435221843239479,0,113.86574074074075,1.0944244876212255,0.22719799695352413,1.800675329299305,0.0,56.400000000000006,11,0.0948509485094851,0.02073661405137728,0.15647226173541964,0.15886571400532945,0.07728119180633147,0.045454545454545456,0.05442176870748299,0.05325443786982249,0.061367868630438464,0.07091586253597428,0.6747967479674797,0.0799106212956125,Duke Johnson,RB,84.4,59.10000000000001
00-0032257,2021,REG,0,0,0.0,0,0.0,0.0,0.0,0,0,0.0,0.0,0.0,0.0,0,0.0,0.0,71,330.0,3,0.0,0.0,18.0,-1.4717717165907191,0,4,5,41.0,0,0.0,0.0,-8.0,51.0,3.0,1.9611611475120299,0,-0.2999999999999998,0.1650279545016387,-0.06026599616224443,0.20535573443888697,0.0,55.10000000000001,5,0.033783783783783786,-0.00706090026478376,0.11159737417943107,0.04502695546384867,0.0417940876656473,0.0,0.058823529411764705,0.05263157894736842,0.02089704383282365,0.03343527013251784,0.27702702702702703,0.1607550864976608,Duke Johnson,RB,59.10000000000001,0.4
00-0032268,2020,REG,17,28,226.0,1,1.0,0.0,0.0,0,0,273.0,76.0,11.0,8.426394110665445,0,0.8278388278388278,0.24446829634872252,9,88.0,1,0.0,0.0,8.0,11.24479074095143,0,0,0,0.0,0,0.0,0.0,0.0,0.0,0.0,0.0,0,0.0,0.0,0.0,0.0,0.0,25.840000000000003,1,0.0,0.0,0.0,0.0,0.0,0.0,0.0,0.0,0.0,0.0,0.0,0.26816106268161066,Marcus Mariota,QB,28.1,14.900000000000002
00-0032268,2021,REG,1,2,4.0,0,0.0,0.0,0.0,0,0,31.0,8.0,0.0,-0.7204284254694358,0,0.0,0.0,13,87.0,1,1.0,0.0,6.0,7.2433208815637045,0,0,0,0.0,0,0.0,0.0,0.0,0.0,0.0,0.0,0,0.0,0.0,0.0,0.0,0.0,14.860000000000001,7,0.0,0.0,0.0,0.0,0.0,0.0,0.0,0.0,0.0,0.0,0.0,0.021353029083802735,Marcus Mariota,QB,14.900000000000002,214.75
00-0032268,2022,REG,184,300,2219.0,15,9.0,28.0,195.0,4,1,3093.0,912.0,111.0,6.053635507238567,2,11.084404486051053,1.050729030496393,85,438.0,4,4.0,2.0,30.0,9.893773447169224,0,0,0,0.0,0,0.0,0.0,0.0,0.0,0.0,0.0,0,0.0,0.0,0.0,0.0,0.0,196.56,13,0.0,0.0,0.0,0.0,0.0,0.0,0.0,0.0,0.0,0.0,0.0,0.21522895998948818,Marcus Mariota,QB,214.75,13.4
00-0032268,2023,REG,15,23,164.0,1,1.0,3.0,11.0,1,1,178.0,72.0,10.0,-5.110095864364313,0,4.055491329479769,0.0537962802109663,8,52.0,0,0.0,0.0,6.0,5.675099564774428,0,0,0,0.0,0,0.0,0.0,0.0,0.0,0.0,0.0,0,0.0,0.0,0.0,0.0,0.0,11.76,2,0.0,0.0,0.0,0.0,0.0,0.0,0.0,0.0,0.0,0.0,0.0,0.07524955208599948,Marcus Mariota,QB,13.4,49.5
00-0032385,2020,REG,0,0,0.0,0,0.0,0.0,0.0,0,0,0.0,0.0,0.0,0.0,0,0.0,0.0,6,49.0,1,0.0,0.0,2.0,4.308631981024519,0,66,90,656.0,3,0.0,0.0,746.0,204.0,37.0,25.86077410946018,1,11.040341722638527,2.8599936955119882,2.888374364024231,6.311852598084943,0.0,96.5,12,0.22670025188916876,0.2366000634316524,0.21294363256784968,0.5293304285790751,0.24914546145081656,0.2727272727272727,0.2642857142857143,0.26490066225165565,0.26093636708904466,0.2538618237061078,1.6523929471032746,0.18013124639737507,Sterling Shepard,WR,160.5,77.7
00-0032385,2021,REG,0,0,0.0,0,0.0,0.0,0.0,0,0,0.0,0.0,0.0,0.0,0,0.0,0.0,1,-9.0,0,0.0,0.0,0.0,-1.439722878858447,0,36,53,366.0,1,0.0,0.0,404.0,111.0,19.0,1.8174775529000087,0,6.460829891582347,1.4363158899923605,1.3824030613083285,3.1221559779043706,0.0,41.7,7,0.20306513409961685,0.20260782347041123,0.16468842729970326,0.4666839599257543,0.2235797189981674,0.16666666666666666,0.24358974358974358,0.23809523809523808,0.19512319283241703,0.21219710853186724,1.4022988505747127,0.14699761625487154,Sterling Shepard,WR,77.7,34.400000000000006
00-0032385,2022,REG,0,0,0.0,0,0.0,0.0,0.0,0,0,0.0,0.0,0.0,0.0,0,0.0,0.0,0,0.0,0,0.0,0.0,0.0,0.0,0,13,24,154.0,1,0.0,0.0,225.0,55.0,4.0,-3.1267536524625896,0,2.5904761904761906,0.8154761904761905,1.2372368545265742,2.0892800838828878,0.0,21.400000000000002,3,0.2608695652173913,0.3833049403747871,0.1950354609929078,0.6979483001259166,0.275,0.3333333333333333,0.17391304347826086,0.19230769230769232,0.3041666666666667,0.2866666666666667,1.673913043478261,0.15074496056091152,Sterling Shepard,WR,34.400000000000006,22.3
00-0032385,2023,REG,0,0,0.0,0,0.0,0.0,0.0,0,0,0.0,0.0,0.0,0.0,0,0.0,0.0,1,6.0,0,0.0,0.0,0.0,0.4848711567756254,0,10,22,57.0,1,0.0,0.0,160.0,33.0,4.0,-11.138027666812537,0,5.658577223993046,0.7741296857676168,0.8105946973075936,1.7286108167667407,0.0,12.3,10,0.06984126984126984,0.0664451827242525,0.031578947368421054,0.15791805094130676,0.02509907529722589,0.08333333333333333,0.043478260869565216,0.04807692307692308,0.05421620431527961,0.036745926904447376,0.18095238095238095,0.029221374846030875,Sterling Shepard,WR,22.3,78.3
00-0032392,2020,REG,0,0,0.0,0,0.0,0.0,0.0,0,0,0.0,0.0,0.0,0.0,0,0.0,0.0,0,0.0,0,0.0,0.0,0.0,0.0,0,46,70,435.0,4,0.0,0.0,456.0,169.0,27.0,22.451122053400898,0,20.349018488571037,2.4045178262283526,1.6787551175234785,4.7819053216089635,0.0,67.5,13,0.17543859649122806,0.13768115942028986,0.1570631970260223,0.373302822273074,0.14958734525447043,0.2,0.17307692307692307,0.17613636363636365,0.17479367262723522,0.15966987620357637,1.0902255639097744,0.09943754270995776,Austin Hooper,TE,134.70000000000002,90.5
00-0032392,2021,REG,0,0,0.0,0,0.0,0.0,0.0,0,0,0.0,0.0,0.0,0.0,0,0.0,0.0,0,0.0,0,0.0,0.0,0.0,0.0,0,38,61,345.0,3,0.0,0.0,328.0,185.0,18.0,18.968503306744225,1,27.83918679113193,2.074132467761806,1.2900549286565128,4.014237151702267,0.0,54.5,15,0.13090128755364808,0.08255726151522778,0.11731135066582118,0.26239774054265436,0.10467233009708737,0.16666666666666666,0.1125,0.11797752808988764,0.13566949838187703,0.11707119741100325,0.740343347639485,0.07587938049612811,Austin Hooper,TE,90.5,97.4
00-0032392,2022,REG,0,0,0.0,0,0.0,0.0,0.0,0,0,0.0,0.0,0.0,0.0,0,0.0,0.0,0,0.0,0,0.0,0.0,0.0,0.0,0,41,60,444.0,2,0.0,0.0,480.0,130.0,28.0,26.150701048143674,0,21.427334945536707,2.357404687181955,2.6023840408814793,5.357775859389967,0.0,56.400000000000006,17,0.13157894736842105,0.1345668629100084,0.08436080467229072,0.30502191138063833,0.1375890920359467,0.11764705882352941,0.1830065359477124,0.17647058823529413,0.12761807542973805,0.13360068539346323,0.9736842105263158,0.08297270589838825,Austin Hooper,TE,97.4,48.400000000000006
00-0032392,2023,REG,0,0,0.0,0,0.0,0.0,0.0,0,0,0.0,0.0,0.0,0.0,0,0.0,0.0,0,0.0,0,0.0,0.0,0.0,0.0,0,25,31,234.0,0,0.0,0.0,130.0,142.0,12.0,11.359619393071625,0,37.45540935672515,1.0938881179027755,0.5983640587183404,2.0596870179570015,0.0,23.400000000000002,16,0.06042884990253411,0.03398692810457516,0.09317585301837271,0.11783281733746129,0.07001795332136446,0.0,0.07058823529411765,0.06382978723404255,0.03500897666068223,0.05601436265709157,0.45614035087719296,0.04235656526761648,Austin Hooper,TE,48.400000000000006,108.60000000000001
00-0032394,2020,REG,0,0,0.0,0,0.0,0.0,0.0,0,0,0.0,0.0,0.0,0.0,0,0.0,0.0,0,0.0,0,0.0,0.0,0.0,0.0,0,14,21,95.0,1,0.0,0.0,93.0,64.0,6.0,-3.7862472560082097,0,21.506265664160402,0.7745352965747703,0.37319729825869974,1.4230410536432452,0.0,15.5,11,0.06158357771260997,0.02888198757763975,0.06124401913875598,0.11548095663102675,0.040667808219178085,0.07142857142857142,0.05357142857142857,0.05555555555555555,0.05604818982387476,0.046819960861056754,0.2785923753665689,0.03538273322618562,Nick Vannett,TE,29.5,28.3
00-0032394,2021,REG,0,0,0.0,0,0.0,0.0,0.0,0,0,0.0,0.0,0.0,0.0,0,0.0,0.0,0,0.0,0,0.0,0.0,0.0,0.0,0,9,15,133.0,1,0.0,0.0,83.0,92.0,7.0,6.716772177316712,0,7.576470588235295,0.5858011412412261,0.5058099819069469,1.232768699196702,0.0,19.3,7,0.07389162561576355,0.061664190193164936,0.1339155749636099,0.1601687905781773,0.10366328916601715,0.1111111111111111,0.125,0.12307692307692308,0.10738720013856412,0.10515285355503595,0.6551724137931034,0.05990432242496084,Nick Vannett,TE,28.3,11.5
00-0032394,2022,REG,0,0,0.0,0,0.0,0.0,0.0,0,0,0.0,0.0,0.0,0.0,0,0.0,0.0,0,0.0,0,0.0,0.0,0.0,0.0,0,6,9,55.0,0,0.0,0.0,31.0,32.0,1.0,1.291595457267249,0,13.75952380952381,0.26007085020242915,0.1567228060128274,0.49981223951262294,0.0,5.5,5,0.05113636363636364,0.026293469041560644,0.06926406926406926,0.09773932068779398,0.04875886524822695,0.0,0.017857142857142856,0.016129032258064516,0.024379432624113476,0.03900709219858156,0.3125,0.027451542060536616,Nick Vannett,TE,11.5,1.3
00-0032394,2023,REG,0,0,0.0,0,0.0,0.0,0.0,0,0,0.0,0.0,0.0,0.0,0,0.0,0.0,0,0.0,0,0.0,0.0,0.0,0.0,0,1,1,3.0,0,0.0,0.0,3.0,0.0,1.0,0.17008013278245926,0,1.0,0.022222222222222223,0.011111111111111112,0.04111111111111111,0.0,0.30000000000000004,1,0.02127659574468085,0.00974025974025974,0.0,0.03970710140922907,0.011627906976744186,0.0,0.08333333333333333,0.08333333333333333,0.0,0.0,0.06382978723404255,0.017586580086580088,Nick Vannett,TE,1.3,48.5
00-0032398,2021,REG,0,0,0.0,0,0.0,0.0,0.0,0,0,0.0,0.0,0.0,0.0,0,0.0,0.0,0,0.0,0,0.0,0.0,0.0,0.0,0,21,22,227.0,2,0.0,0.0,90.0,150.0,6.0,7.926040963793639,0,16.08800505050505,0.7086263072676116,0.2980422826526721,1.2715690587582877,0.0,34.7,8,0.0830188679245283,0.04345726702076291,0.17103762827822122,0.15929411550340278,0.11792207792207793,0.16666666666666666,0.07228915662650602,0.08421052631578947,0.1422943722943723,0.12767099567099569,0.8566037735849057,0.0847148288973384,Chris Moore,WR,55.7,115.1
00-0032398,2022,REG,0,0,0.0,0,0.0,0.0,0.0,0,0,0.0,0.0,0.0,0.0,0,0.0,0.0,3,3.0,0,0.0,0.0,0.0,-1.9480106143746525,0,48,74,548.0,2,0.0,0.0,639.0,267.0,24.0,7.128327410024395,0,15.411437739966612,2.393897361894332,2.696285168633707,5.478245660885093,0.0,67.1,15,0.14095238095238094,0.16015037593984963,0.15678214914856137,0.33954887218045116,0.1635820895522388,0.10526315789473684,0.16216216216216217,0.15568862275449102,0.13442262372348782,0.15191830322073843,1.0438095238095237,0.10485560717864625,Chris Moore,WR,115.1,68.30000000000001
00-0032426,2020,REG,0,0,0.0,0,0.0,0.0,0.0,0,0,0.0,0.0,0.0,0.0,0,0.0,0.0,18,77.0,2,0.0,0.0,5.0,1.9709499753371347,0,1,2,4.0,0,0.0,0.0,11.0,1.0,0.0,-1.0763212831225246,0,0.36363636363636365,0.05714285714285714,0.031791907514450865,0.10796862097440132,0.0,20.1,3,0.017543859649122806,0.01027077497665733,0.0024875621890547263,0.03453240945501007,0.004884004884004884,0.0,0.0,0.0,0.002442002442002442,0.003907203907203907,0.03508771929824561,0.0799969669396421,Alex Collins,RB,21.1,68.8
00-0032434,2020,REG,90,142,925.0,5,4.0,7.0,51.0,1,1,940.0,557.0,42.0,-9.506670263065,0,4.917605948748077,0.28933405549643193,13,27.0,0,0.0,0.0,5.0,2.463241860512279,0,0,1,0.0,0,0.0,0.0,8.0,0.0,0.0,-0.5002179723232985,0,0.0,0.037037037037037035,0.04938271604938271,0.09012345679012346,0.0,49.7,5,0.006535947712418301,0.007992007992007992,0.0,0.016197527962233844,0.0,0.0,0.0,0.0,0.0,0.0,0.0,0.15037821482602118,Brandon Allen,QB,58.95,15.350000000000001
00-0032434,2021,REG,17,34,149.0,2,0.0,4.0,33.0,1,0,174.0,120.0,5.0,-10.645085469604526,0,2.3292682926829267,-0.06454731369060872,7,-1.0,0,0.0,0.0,1.0,-6.825553526228759,0,0,0,0.0,0,0.0,0.0,0.0,0.0,0.0,0.0,0,0.0,0.0,0.0,0.0,0.0,13.860000000000003,5,0.0,0.0,0.0,0.0,0.0,0.0,0.0,0.0,0.0,0.0,0.0,0.02901281085154484,Brandon Allen,QB,15.350000000000001,1.0
00-0032436,2022,REG,14,20,108.0,1,0.0,2.0,13.0,0,0,45.0,79.0,5.0,-2.0113410300109535,0,7.462406015037594,-0.0032323233221836674,20,75.0,0,0.0,0.0,4.0,-9.0451984051615,0,1,1,4.0,0,0.0,0.0,-3.0,7.0,0.0,-0.1066632519941777,0,0.0,0.034482758620689655,-0.010416666666666666,0.044432471264367814,0.0,16.22,7,0.004048582995951417,-0.0014792899408284023,0.011217948717948718,0.004889442541264404,0.00266844563042028,0.0,0.0,0.0,0.00133422281521014,0.002134756504336224,0.016194331983805668,0.03439459912914952,Jeff Driskel,QB,18.3,15.600000000000001
00-0032450,2020,REG,0,0,0.0,0,0.0,0.0,0.0,0,0,0.0,0.0,0.0,0.0,0,0.0,0.0,8,15.0,0,0.0,0.0,0.0,-3.3136142963776365,0,0,0,0.0,0,0.0,0.0,0.0,0.0,0.0,0.0,0,0.0,0.0,0.0,0.0,0.0,1.5,2,0.0,0.0,0.0,0.0,0.0,0.0,0.0,0.0,0.0,0.0,0.0,0.007932310946589107,Dwayne Washington,RB,1.7000000000000002,4.800000000000001
00-0032450,2021,REG,0,0,0.0,0,0.0,0.0,0.0,0,0,0.0,0.0,0.0,0.0,0,0.0,0.0,4,16.0,0,0.0,0.0,0.0,-0.22186900256201625,0,2,2,12.0,0,0.0,0.0,2.0,10.0,0.0,-0.014303575124358758,0,3.0,0.06623931623931624,0.010362694300518135,0.10661286036933706,0.0,2.8000000000000003,3,0.0196078431372549,0.0025188916876574307,0.03205128205128205,0.0314268780560083,0.0158311345646438,0.0,0.0,0.0,0.0079155672823219,0.01266490765171504,0.11764705882352941,0.017104981825956808,Dwayne Washington,RB,4.800000000000001,5.5
00-0032464,2020,REG,0,0,0.0,0,0.0,0.0,0.0,0,0,0.0,0.0,0.0,0.0,0,0.0,0.0,1,-3.0,0,0.0,0.0,0.0,-1.2241438391502015,0,9,15,187.0,0,0.0,0.0,263.0,38.0,7.0,6.811269694606538,0,5.209828178694158,0.47785965743767334,0.9883212821427851,1.4086143836564595,0.0,18.4,8,0.05976095617529881,0.13473360655737704,0.05322128851540616,0.19742831950884984,0.09749739311783108,0.0,0.0660377358490566,0.05785123966942149,0.04874869655891554,0.07799791449426487,0.7450199203187251,0.033401599375853325,Kalif Raymond,WR,27.4,132.4
00-0032464,2021,REG,0,0,0.0,0,0.0,0.0,0.0,0,0,0.0,0.0,0.0,0.0,0,0.0,0.0,4,28.0,0,0.0,0.0,2.0,1.4138049385510385,0,48,71,576.0,4,0.0,0.0,725.0,262.0,27.0,17.047283275853175,0,14.348861983364822,2.2414740949264464,3.804086712007604,6.025071840794992,0.0,84.4,16,0.12769784172661872,0.20538243626062322,0.13292744799594114,0.3558527115984267,0.1590281612368857,0.19047619047619047,0.14917127071823205,0.15346534653465346,0.17475217585653807,0.16531776708474666,1.0359712230215827,0.10136428363625227,Kalif Raymond,WR,132.4,110.2
00-0032464,2022,REG,0,0,0.0,0,0.0,0.0,0.0,0,0,0.0,0.0,0.0,0.0,0,0.0,0.0,7,36.0,0,0.0,0.0,4.0,2.2991403104388155,0,47,64,616.0,0,1.0,1.0,638.0,218.0,24.0,21.02153123925591,0,19.53336631699051,2.062790315522755,2.795406935886238,5.0509703284044996,1.0,69.2,16,0.11552346570397112,0.1658004158004158,0.10116009280742459,0.30592553119628935,0.14708691499522444,0.0,0.1111111111111111,0.0995850622406639,0.07354345749761222,0.11766953199617956,1.111913357400722,0.07624071595412435,Kalif Raymond,WR,110.2,97.4
00-0032464,2023,REG,0,0,0.0,0,0.0,0.0,0.0,0,0,0.0,0.0,0.0,0.0,0,0.0,0.0,7,75.0,0,0.0,0.0,2.0,3.327270259556826,0,35,44,489.0,1,0.0,0.0,388.0,214.0,20.0,29.941924275573406,0,19.21937520173732,1.2953088046094858,1.6192130125765276,3.076412315717798,0.0,62.400000000000006,17,0.07260726072607261,0.09495839451786588,0.09925788497217068,0.18487760670340164,0.10616587060356057,0.03333333333333333,0.08771929824561403,0.08139534883720931,0.06974960196844696,0.09159936314951513,0.806930693069307,0.05689451733121488,Kalif Raymond,WR,97.4,57.2
00-0032543,2020,REG,0,1,0.0,0,0.0,0.0,0.0,0,0,21.0,0.0,0.0,-0.4890727505553514,0,0.0,0.0,5,7.0,0,1.0,1.0,0.0,-6.089971763023641,0,12,17,139.0,0,0.0,0.0,122.0,67.0,5.0,2.6832760619713047,0,16.437321937321936,0.5991844412897044,0.5198378105945207,1.2626631293507211,0.0,12.600000000000001,9,0.05964912280701754,0.052699784017278616,0.0690010298661174,0.1316335114243492,0.07296587926509186,0.0,0.05555555555555555,0.05102040816326531,0.03648293963254593,0.05837270341207349,0.48771929824561405,0.03727837551144113,Alex Erickson,WR,24.6,8.5
00-0032602,2020,REG,0,0,0.0,0,0.0,0.0,0.0,0,0,0.0,0.0,0.0,0.0,0,0.0,0.0,85,365.0,1,1.0,0.0,25.0,-6.219467732895017,0,80,110,589.0,2,2.0,1.0,186.0,503.0,32.0,-9.48866199542797,0,66.22230568995275,2.9304952714350683,0.4988328239617419,4.744925883925822,0.0,111.4,16,0.18302828618968386,0.050121261115602264,0.22978529008679763,0.31463943817700757,0.15516332982086406,0.125,0.17391304347826086,0.17,0.14008166491043203,0.14913066385669124,0.9800332778702163,0.147056563762927,J.D. McKissic,RB,200.70000000000002,127.9
00-0032602,2021,REG,0,0,0.0,0,0.0,0.0,0.0,0,0,0.0,0.0,0.0,0.0,0,0.0,0.0,48,212.0,2,0.0,0.0,14.0,3.947427417850122,0,43,53,397.0,2,0.0,0.0,31.0,380.0,15.0,13.87953999483855,0,-29.481410256410264,1.5301250596444285,0.018074549145310134,2.3078397738683596,0.0,84.9,11,0.14363143631436315,0.01105169340463458,0.28169014084507044,0.2242885091952524,0.15118050266565117,0.125,0.11811023622047244,0.11888111888111888,0.1380902513328256,0.14594440213252094,1.075880758807588,0.1365373529474561,J.D. McKissic,RB,127.9,53.8
00-0032688,2020,REG,0,0,0.0,0,0.0,0.0,0.0,0,0,0.0,0.0,0.0,0.0,0,0.0,0.0,4,15.0,0,0.0,0.0,1.0,-1.0661916621029377,0,95,136,1096.0,3,1.0,1.0,1318.0,497.0,49.0,27.086570654186716,1,14.927365519646926,4.110121373724315,5.326628090025334,9.893821723604207,0.0,129.1,16,0.24727272727272728,0.32036947010209044,0.24422604422604421,0.6272046669907633,0.2654395737466699,0.1875,0.2552083333333333,0.25,0.22646978687333494,0.2498516589973359,1.9927272727272727,0.164361257389289,Robby Anderson,WR,222.1,138.5
00-0032688,2021,REG,0,0,0.0,0,0.0,0.0,0.0,0,0,0.0,0.0,0.0,0.0,0,0.0,0.0,3,36.0,0,0.0,0.0,1.0,2.224925854592584,0,53,110,519.0,5,0.0,0.0,1156.0,158.0,27.0,-28.59433002285859,0,10.154098182183292,3.104134815537487,4.190961165201778,7.589875038947476,0.0,85.5,17,0.18363939899833054,0.2617160968983473,0.08629164391043145,0.48483197601617367,0.1452560873215785,0.35714285714285715,0.15517241379310345,0.1702127659574468,0.25119947223221784,0.18763344128583426,0.8664440734557596,0.11219844137327652,Robby Anderson,WR,138.5,52.2
00-0032688,2022,REG,0,0,0.0,0,0.0,0.0,0.0,0,0,0.0,0.0,0.0,0.0,0,0.0,0.0,0,0.0,0,0.0,0.0,0.0,0.0,0,20,44,282.0,1,1.0,1.0,625.0,92.0,10.0,-7.144595923484226,0,6.262545221653825,1.4107230731607028,2.766644664819042,4.052735875114384,0.0,32.2,12,0.10653753026634383,0.2049852410626435,0.06865671641791045,0.32379448824963053,0.10981308411214953,0.07692307692307693,0.08849557522123894,0.0873015873015873,0.09336808051761322,0.10323508267433501,0.6828087167070218,0.05836184342926142,Robby Anderson,WR,52.2,22.6
00-0032688,2023,REG,0,0,0.0,0,0.0,0.0,0.0,0,0,0.0,0.0,0.0,0.0,0,0.0,0.0,0,0.0,0,0.0,0.0,0.0,0.0,0,4,6,126.0,1,0.0,0.0,141.0,31.0,3.0,2.1532594937016256,0,3.7974254742547426,0.17623716153127916,0.6067251282649206,0.6890633320823631,0.0,18.6,5,0.03389830508474576,0.10904872389791183,0.04366197183098591,0.13808643674544813,0.08327825512227363,0.09090909090909091,0.043478260869565216,0.05,0.08709367301568227,0.0848044222796371,0.711864406779661,0.04068992834251557,Robbie Chosen,WR,22.6,1.5
00-0032725,2020,REG,0,0,0.0,0,0.0,0.0,0.0,0,0,0.0,0.0,0.0,0.0,0,0.0,0.0,0,0.0,0,0.0,0.0,0.0,0.0,0,8,11,106.0,0,0.0,0.0,44.0,80.0,7.0,5.3689262149855494,0,7.832411067193676,0.3202797202797203,0.18838718948368072,0.6122906130581569,0.0,10.600000000000001,3,0.09401709401709402,0.0567741935483871,0.18561484918793503,0.1864449958643507,0.1387434554973822,0.0,0.175,0.1590909090909091,0.0693717277486911,0.11099476439790577,0.905982905982906,0.07227230338824993,Stephen Anderson,TE,18.6,38.5
00-0032725,2021,REG,0,0,0.0,0,0.0,0.0,0.0,0,0,0.0,0.0,0.0,0.0,0,0.0,0.0,0,0.0,0,0.0,0.0,0.0,0.0,0,16,19,165.0,1,0.0,0.0,67.0,115.0,9.0,7.209891159058316,0,21.081818181818182,0.5009655021029364,0.2126028805548434,0.9002702695427951,0.0,22.500000000000004,11,0.04449648711943794,0.021488133418858243,0.07287705956907478,0.08393523741424351,0.05103618929786576,0.045454545454545456,0.05521472392638037,0.05405405405405406,0.048245367376205606,0.04991986052920171,0.3864168618266979,0.03352140145578658,Stephen Anderson,TE,38.5,3.9000000000000004
00-0032741,2020,REG,0,0,0.0,0,0.0,0.0,0.0,0,0,0.0,0.0,0.0,0.0,0,0.0,0.0,94,258.0,4,0.0,0.0,26.0,-4.4870641966011995,0,4,7,12.0,0,0.0,0.0,1.0,11.0,1.0,-2.7758253735955805,0,4.708333333333333,0.1892742423484128,-0.008955678413509737,0.27764238863316243,0.0,51.0,14,0.013157894736842105,0.00029197080291970805,0.0060773480662983425,0.019970418747598924,0.0036385688295936932,0.0,0.006097560975609756,0.00558659217877095,0.0018192844147968466,0.0029108550636749546,0.022556390977443608,0.04727847883643365,Peyton Barber,RB,55.0,49.900000000000006
00-0032764,2020,REG,0,0,0.0,0,0.0,0.0,0.0,0,0,0.0,0.0,0.0,0.0,0,0.0,0.0,378,2027.0,17,3.0,2.0,98.0,33.64543990973246,1,19,31,114.0,0,0.0,0.0,-29.0,127.0,4.0,-6.837931312404501,0,5.014393939393939,1.0680348370163524,-0.19046338196737184,1.4687278881473682,0.0,314.1,16,0.06391752577319587,-0.007144616900714462,0.08306082406801832,0.09016059513922224,0.029796131730266597,0.0,0.019704433497536946,0.016877637130801686,0.014898065865133299,0.023836905384213278,0.23505154639175257,0.20784455648180503,Derrick Henry,RB,354.2,203.55
00-0032764,2021,REG,1,1,5.0,1,0.0,0.0,0.0,0,0,5.0,0.0,1.0,1.0320902957464568,0,1.0,0.0,219,937.0,10,1.0,0.0,49.0,-5.895254133014081,1,18,20,154.0,0,0.0,0.0,-3.0,160.0,7.0,9.714970409608213,0,2.688888888888888,0.6152322809465667,-0.07175120344940583,0.872622579005266,0.0,175.3,8,0.07547169811320754,-0.0014238253440911248,0.1689545934530095,0.11206848689453842,0.07650273224043716,0.0,0.07142857142857142,0.06422018348623854,0.03825136612021858,0.061202185792349734,0.5811320754716981,0.25914307164307165,Derrick Henry,RB,203.55,307.8
00-0032764,2022,REG,2,2,4.0,1,0.0,0.0,0.0,0,0,-1.0,5.0,1.0,0.46645660075591877,0,0.0,0.0,349,1538.0,13,4.0,2.0,65.0,-22.311296168132685,0,33,41,398.0,0,2.0,1.0,-7.0,397.0,11.0,14.124216125208529,0,-3.7563492063492037,1.6511838948963948,0.004516195408740646,2.4799371791307103,0.0,269.76,16,0.09832134292565947,-0.0021766169154228856,0.2764623955431755,0.1457407208561509,0.1328881469115192,0.0,0.07746478873239436,0.06962025316455696,0.0664440734557596,0.10631051752921537,0.9544364508393285,0.2738174911820566,Derrick Henry,RB,307.8,246.8
00-0032764,2023,REG,2,3,14.0,2,0.0,0.0,0.0,0,0,27.0,0.0,2.0,4.522410724341171,0,2.0,0.0,280,1167.0,12,0.0,0.0,63.0,-2.0985031590381666,0,28,36,214.0,0,0.0,0.0,-100.0,275.0,7.0,3.1744809493247885,0,-7.293751346692523,1.3135967806556041,-0.45336549235501616,1.653039326334895,0.0,218.66000000000003,17,0.0728744939271255,-0.02188662727073758,0.17230576441102757,0.09180243907409819,0.06093394077448747,0.0,0.04430379746835443,0.040697674418604654,0.030466970387243737,0.04874715261958998,0.4331983805668016,0.20792730215463467,Derrick Henry,RB,246.8,381.40000000000003
00-0032765,2022,REG,0,0,0.0,0,0.0,0.0,0.0,0,0,0.0,0.0,0.0,0.0,0,0.0,0.0,0,0.0,0,0.0,0.0,0.0,0.0,0,16,22,171.0,3,0.0,0.0,237.0,21.0,13.0,16.696307317644823,0,2.4690575479566306,0.6032051282051282,0.590019664658509,1.3178214575686484,0.0,35.1,3,0.19130434782608696,0.18022813688212927,0.10396039603960396,0.4311390312448339,0.1993006993006993,0.75,0.37142857142857144,0.41025641025641024,0.47465034965034963,0.3094405594405595,1.4869565217391305,0.19310709696923892,Michael Thomas,WR,51.1,89.8
00-0032775,2020,REG,0,0,0.0,0,0.0,0.0,0.0,0,0,0.0,0.0,0.0,0.0,0,0.0,0.0,0,0.0,0,0.0,0.0,0.0,0.0,0,45,59,466.0,3,1.0,1.0,525.0,173.0,26.0,20.569485662534134,0,15.45758016884111,1.576289968917072,2.0572830951085166,3.804533119951569,0.0,62.60000000000001,15,0.09816971713810316,0.10784716516023007,0.07511940946591403,0.2335323078353388,0.09771440553575172,0.07894736842105263,0.10699588477366255,0.10320284697508897,0.08833088697840218,0.09396099811281192,0.7753743760399334,0.06354981218549931,Demarcus Robinson,WR,112.10000000000001,81.0
00-0032775,2021,REG,0,0,0.0,0,0.0,0.0,0.0,0,0,0.0,0.0,0.0,0.0,0,0.0,0.0,0,0.0,0,0.0,0.0,0.0,0.0,0,25,41,264.0,3,0.0,0.0,427.0,62.0,13.0,9.856429052995656,0,13.441529824370816,1.041678834002754,1.4621063312238627,2.585992682860835,0.0,44.400000000000006,14,0.0702054794520548,0.09691330004539264,0.026944806605823556,0.1828388592143963,0.06375271673508814,0.1,0.05701754385964912,0.06201550387596899,0.08187635836754407,0.07100217338807052,0.4520547945205479,0.048313887109799225,Demarcus Robinson,WR,81.0,116.7
00-0032775,2022,REG,0,0,0.0,0,0.0,0.0,0.0,0,0,0.0,0.0,0.0,0.0,0,0.0,0.0,0,0.0,0,0.0,0.0,0.0,0.0,0,48,75,458.0,2,2.0,1.0,676.0,150.0,23.0,3.5986004587224407,0,10.099554878103605,2.629330980040919,3.273640863712305,6.235545074659992,0.0,55.800000000000004,16,0.15889830508474576,0.17205395775006363,0.11450381679389313,0.3759906238271695,0.14860480207657364,0.10526315789473684,0.1597222222222222,0.15337423312883436,0.12693397998565525,0.1399364732402063,0.9703389830508474,0.08560965954077593,Demarcus Robinson,WR,116.7,94.80000000000001
00-0032775,2023,REG,0,0,0.0,0,0.0,0.0,0.0,0,0,0.0,0.0,0.0,0.0,0,0.0,0.0,1,23.0,0,0.0,0.0,1.0,1.3572578405728564,0,26,39,371.0,4,2.0,1.0,478.0,89.0,20.0,16.26467342618637,0,10.313200549079141,1.149355410309166,1.9015091828528239,3.055089543460726,0.0,61.400000000000006,8,0.14391143911439114,0.2467733608673206,0.0812043795620438,0.41328584736544316,0.1832098765432099,0.25,0.20618556701030927,0.21238938053097345,0.21660493827160493,0.1965679012345679,1.3690036900369005,0.11553205551883676,Demarcus Robinson,WR,94.80000000000001,137.2
00-0032778,2020,REG,0,0,0.0,0,0.0,0.0,0.0,0,0,0.0,0.0,0.0,0.0,0,0.0,0.0,0,0.0,0,0.0,0.0,0.0,0.0,0,0,3,0.0,0,0.0,0.0,112.0,0.0,0.0,-4.866008272161707,0,0.0,0.09182724252491695,0.4183673219545518,0.4305979891555617,0.0,0.0,3,0.028037383177570093,0.1271282633371169,0.0,0.14375868543604867,0.0,0.0,0.0,0.0,0.0,0.0,0.0,0.0,Tajae Sharpe,WR,0.0,48.0
00-0032780,2020,REG,0,0,0.0,0,0.0,0.0,0.0,0,0,0.0,0.0,0.0,0.0,0,0.0,0.0,35,60.0,4,0.0,0.0,7.0,-6.922081960190553,0,1,1,-3.0,0,1.0,0.0,-4.0,0.0,0.0,-1.0240601899567991,0,0.75,0.022222222222222223,-0.011730205278592375,0.025122189638318672,0.0,29.700000000000003,7,0.00423728813559322,-0.0020800832033281333,0.0,0.004691865640727324,-0.001693002257336343,0.0,0.0,0.0,-0.0008465011286681715,-0.0013544018058690745,-0.012711864406779662,0.0514513642153248,Jordan Howard,RB,30.7,64.2
00-0032780,2021,REG,0,0,0.0,0,0.0,0.0,0.0,0,0,0.0,0.0,0.0,0.0,0,0.0,0.0,86,406.0,3,0.0,0.0,24.0,-0.5718935054627892,0,2,5,19.0,0,0.0,0.0,9.0,14.0,2.0,-0.8270643803989515,0,-19.0,0.18285714285714286,0.03348641408342901,0.2977262041441146,0.0,60.5,7,0.031055900621118012,0.005964214711729622,0.027079303675048357,0.051355222701060715,0.01450381679389313,0.0,0.03333333333333333,0.030303030303030304,0.007251908396946565,0.011603053435114504,0.11801242236024845,0.11160714285714286,Jordan Howard,RB,64.2,0.1
00-0032791,2020,REG,0,0,0.0,0,0.0,0.0,0.0,0,0,0.0,0.0,0.0,0.0,0,0.0,0.0,3,20.0,0,0.0,0.0,1.0,-0.7343293606536463,0,36,54,373.0,1,0.0,0.0,567.0,172.0,22.0,6.309339333699628,0,13.073226607648223,1.679947694385406,2.0535499893736047,3.957406534139632,1.0,51.300000000000004,14,0.11392405063291139,0.15184788430637386,0.12619222303741745,0.2923643833944662,0.1097381582818476,0.043478260869565216,0.12429378531073447,0.115,0.07660820957570641,0.09648617879939114,0.7869198312236287,0.07246858034632178,Jakeem Grant,WR,81.3,37.5
00-0032813,2020,REG,0,0,0.0,0,0.0,0.0,0.0,0,0,0.0,0.0,0.0,0.0,0,0.0,0.0,6,15.0,0,0.0,0.0,4.0,0.04590959718916565,0,2,3,20.0,0,0.0,0.0,4.0,16.0,1.0,1.2305624150321819,0,10.0,0.08594327420546932,0.01310118575380063,0.13808574133586443,0.0,3.5,6,0.015706806282722512,0.002828854314002829,0.031189083820662766,0.02582329287528603,0.01564945226917058,0.0,0.015384615384615385,0.014492753623188406,0.00782472613458529,0.012519561815336464,0.10471204188481675,0.011802068580747607,Elijhaa Penny,RB,5.5,33.9
00-0032881,2020,REG,0,0,0.0,0,0.0,0.0,0.0,0,0,0.0,0.0,0.0,0.0,0,0.0,0.0,2,14.0,0,0.0,0.0,1.0,-0.12976645631715655,0,1,3,5.0,0,0.0,0.0,38.0,0.0,0.0,-1.68247993348632,0,1.0,0.08172030123249635,0.13421901528013583,0.2165337625448396,0.0,1.9000000000000001,4,0.020833333333333332,0.03946002076843198,0.0,0.06281801661474559,0.005279831045406547,0.0,0.0,0.0,0.0026399155227032735,0.004223864836325238,0.034722222222222224,0.007321753181175519,Tommylee Lewis,WR,2.9,1.7000000000000002
00-0032897,2021,REG,0,0,0.0,0,0.0,0.0,0.0,0,0,0.0,0.0,0.0,0.0,0,0.0,0.0,1,1.0,0,0.0,0.0,1.0,2.1432494546752423,0,3,3,15.0,0,0.0,0.0,-1.0,16.0,0.0,0.4661716661648825,0,-3.0,0.07468657961268799,-0.006802721088435374,0.10726796465712721,0.0,1.6,4,0.016304347826086956,-0.0009276437847866419,0.03333333333333333,0.02371440671130112,0.016891891891891893,0.0,0.0,0.0,0.008445945945945946,0.013513513513513514,0.08152173913043478,0.013697814305282592,Derek Watt,RB,4.6,20.2
00-0032918,2020,REG,0,0,0.0,0,0.0,0.0,0.0,0,0,0.0,0.0,0.0,0.0,0,0.0,0.0,5,18.0,0,0.0,0.0,2.0,-0.47716346819652244,0,8,13,97.0,1,0.0,0.0,43.0,75.0,6.0,4.880745358765125,0,-7.6,0.38925751879699244,0.1687771547858828,0.7020302865456066,0.0,17.5,11,0.036211699164345405,0.014868603042876901,0.05747126436781609,0.06621243118081963,0.03366886497743839,0.045454545454545456,0.0410958904109589,0.041666666666666664,0.03956170521599192,0.0360260010728598,0.27019498607242337,0.02363868958229045,C.J. Ham,RB,25.5,32.9
00-0032918,2021,REG,0,0,0.0,0,0.0,0.0,0.0,0,0,0.0,0.0,0.0,0.0,0,0.0,0.0,7,34.0,0,0.0,0.0,3.0,0.11409412935608998,0,17,18,125.0,0,0.0,0.0,67.0,61.0,6.0,0.28594891884131357,0,22.412142857142857,0.5470596665160964,0.24914268974901696,0.9949893825984564,0.0,15.9,15,0.033271719038817,0.015610438024231128,0.03501722158438576,0.062395928977610406,0.03132832080200501,0.0,0.03260869565217391,0.028169014084507043,0.015664160401002505,0.02506265664160401,0.23105360443622922,0.0234714988941999,C.J. Ham,RB,32.9,31.299999999999997
00-0032918,2022,REG,0,0,0.0,0,0.0,0.0,0.0,0,0,0.0,0.0,0.0,0.0,0,0.0,0.0,4,7.0,2,0.0,0.0,3.0,1.085244546935428,0,10,12,86.0,0,0.0,0.0,63.0,56.0,7.0,5.690742364502512,0,6.2214285714285715,0.33170568843183806,0.19702375754081425,0.6354751629263271,0.0,21.3,9,0.032520325203252036,0.02182952182952183,0.0426179604261796,0.06624410526849552,0.029861111111111113,0.0,0.051470588235294115,0.045454545454545456,0.014930555555555556,0.02388888888888889,0.23306233062330622,0.032318017552916876,C.J. Ham,RB,31.299999999999997,10.200000000000001
00-0032918,2023,REG,0,0,0.0,0,0.0,0.0,0.0,0,0,0.0,0.0,0.0,0.0,0,0.0,0.0,1,7.0,0,0.0,0.0,0.0,0.34945297497324646,0,7,9,25.0,0,0.0,0.0,10.0,20.0,1.0,-5.414938475936651,0,14.833333333333334,0.24699834479246244,0.028948353544867626,0.39076136467010103,0.0,3.2,6,0.03862660944206009,0.00511770726714432,0.0315955766192733,0.06203407997680559,0.014285714285714285,0.0,0.013157894736842105,0.011627906976744186,0.007142857142857143,0.011428571428571429,0.1072961373390558,0.019299905392620626,C.J. Ham,RB,10.200000000000001,15.299999999999999
00-0032950,2020,REG,251,437,2620.0,16,15.0,50.0,326.0,7,3,3871.0,996.0,130.0,-86.9983338663418,5,8.558859744579957,0.30083374137687763,52,276.0,5,3.0,1.0,25.0,10.764294361433713,0,0,0,0.0,0,0.0,0.0,0.0,0.0,0.0,0.0,0,0.0,0.0,0.0,0.0,0.0,198.4,12,0.0,0.0,0.0,0.0,0.0,0.0,0.0,0.0,0.0,0.0,0.0,0.19816616392656666,Carson Wentz,QB,214.6,292.65000000000003
00-0032950,2021,REG,322,516,3563.0,27,7.0,32.0,227.0,4,4,3937.0,1650.0,165.0,12.846730000047256,2,16.216711924586097,1.3406260008432358,57,215.0,1,4.0,1.0,21.0,8.804901858292219,0,0,0,0.0,0,0.0,0.0,0.0,0.0,0.0,0.0,0,0.0,0.0,0.0,0.0,0.0,258.02000000000004,17,0.0,0.0,0.0,0.0,0.0,0.0,0.0,0.0,0.0,0.0,0.0,0.1754856085750041,Carson Wentz,QB,292.65000000000003,126.35
00-0032950,2022,REG,172,276,1755.0,11,9.0,26.0,159.0,4,1,2147.0,826.0,85.0,-37.29265213974798,2,6.878199617547953,0.38308559566777034,22,86.0,1,2.0,0.0,4.0,6.074985710269046,0,0,0,0.0,0,0.0,0.0,0.0,0.0,0.0,0.0,0,0.0,0.0,0.0,0.0,0.0,112.8,8,0.0,0.0,0.0,0.0,0.0,0.0,0.0,0.0,0.0,0.0,0.0,0.16867541944552442,Carson Wentz,QB,126.35,25.75
00-0032950,2023,REG,17,24,163.0,2,1.0,2.0,14.0,0,0,159.0,65.0,11.0,7.064853062212933,1,1.0251572327044025,0.181530365591125,17,56.0,1,0.0,0.0,4.0,0.9640013366006315,0,0,0,0.0,0,0.0,0.0,0.0,0.0,0.0,0.0,0,0.0,0.0,0.0,0.0,0.0,26.12,1,0.0,0.0,0.0,0.0,0.0,0.0,0.0,0.0,0.0,0.0,0.0,0.33180894308943093,Carson Wentz,QB,25.75,5.9
00-0032951,2020,REG,0,0,0.0,0,0.0,0.0,0.0,0,0,0.0,0.0,0.0,0.0,0,0.0,0.0,0,0.0,0,0.0,0.0,0.0,0.0,0,6,7,49.0,2,0.0,0.0,39.0,13.0,4.0,3.866599450383584,0,5.694155844155844,0.18407759445241512,0.1454567083595264,0.3779360875302911,0.0,16.9,4,0.043478260869565216,0.03201970443349754,0.026,0.09083315485114586,0.041385135135135136,0.2222222222222222,0.06060606060606061,0.08,0.13180367867867868,0.07755255255255256,0.30434782608695654,0.05809823421960624,Laquon Treadwell,WR,22.9,82.4
00-0032951,2021,REG,0,0,0.0,0,0.0,0.0,0.0,0,0,0.0,0.0,0.0,0.0,0,0.0,0.0,0,0.0,0,0.0,0.0,0.0,0.0,0,33,51,434.0,1,0.0,0.0,613.0,122.0,22.0,23.1323142503435,0,8.091804719761376,1.5616434114909725,2.4623124335628876,4.06608382073048,0.0,49.400000000000006,12,0.125,0.1840288201741219,0.11585944919278253,0.33472305613929754,0.18023255813953487,0.16666666666666666,0.1864406779661017,0.18548387096774194,0.17344961240310075,0.17751937984496122,1.0637254901960784,0.10754091514186527,Laquon Treadwell,WR,82.4,10.2
00-0032951,2022,REG,0,0,0.0,0,0.0,0.0,0.0,0,0,0.0,0.0,0.0,0.0,0,0.0,0.0,0,0.0,0,0.0,0.0,0.0,0.0,0,6,10,42.0,0,0.0,0.0,52.0,11.0,3.0,-3.099431679554982,0,2.696048632218845,0.2826661247713879,0.19703722147500682,0.5619252421895866,0.0,4.2,3,0.09259259259259259,0.065,0.03514376996805112,0.19088888888888889,0.054901960784313725,0.0,0.08333333333333333,0.07142857142857142,0.027450980392156862,0.04392156862745098,0.3888888888888889,0.037199124726477024,Laquon Treadwell,WR,10.2,2.6
00-0032956,2020,REG,0,0,0.0,0,0.0,0.0,0.0,0,0,0.0,0.0,0.0,0.0,0,0.0,0.0,2,4.0,0,0.0,0.0,1.0,0.25168208676041104,0,2,5,13.0,0,0.0,0.0,9.0,12.0,1.0,-1.7862241340335459,0,13.0,0.1758008658008658,0.030469945362073578,0.2850302604547502,0.0,1.7000000000000002,6,0.023809523809523808,0.005027932960893855,0.02158273381294964,0.039736632083000795,0.009272467902995721,0.0,0.014084507042253521,0.012658227848101266,0.0046362339514978606,0.007417974322396577,0.06190476190476191,0.006936893021860587,Andy Janovich,RB,3.6999999999999997,9.9
00-0032972,2020,REG,0,0,0.0,0,0.0,0.0,0.0,0,0,0.0,0.0,0.0,0.0,0,0.0,0.0,93,423.0,3,1.0,0.0,21.0,2.9274540421320125,0,17,21,84.0,0,0.0,0.0,7.0,81.0,2.0,-13.60494181672911,0,17.900000000000002,0.6346797937612113,0.029895117774919593,0.9729462730842606,0.0,68.7,15,0.04142011834319527,0.0016568047337278107,0.04223149113660062,0.06345562130177515,0.0206286836935167,0.0,0.010526315789473684,0.009259259259259259,0.01031434184675835,0.01650294695481336,0.16568047337278108,0.06001064366141953,Devontae Booker,RB,85.7,144.1
00-0032975,2020,REG,0,0,0.0,0,0.0,0.0,0.0,0,0,0.0,0.0,0.0,0.0,0,0.0,0.0,1,5.0,0,1.0,1.0,0.0,-5.370571494451724,0,4,4,21.0,0,0.0,0.0,-2.0,23.0,2.0,0.2398704190272838,0,-10.5,0.09523809523809523,-0.006060606060606061,0.1386147186147186,0.0,0.6000000000000001,1,0.09302325581395349,-0.005747126436781609,0.1419753086419753,0.13493718257150494,0.0711864406779661,0.0,0.11764705882352941,0.1111111111111111,0.03559322033898305,0.056949152542372886,0.4883720930232558,0.04590818363273452,Jonathan Williams,RB,4.6,20.7
00-0032975,2021,REG,0,0,0.0,0,0.0,0.0,0.0,0,0,0.0,0.0,0.0,0.0,0,0.0,0.0,17,79.0,1,0.0,0.0,7.0,7.311904429108836,0,4,6,28.0,0,0.0,0.0,-14.0,36.0,2.0,-8.527610555524006,0,8.375,0.18520499108734403,-0.07532426660672137,0.22508050000631108,0.0,16.7,5,0.039735099337748346,-0.012578616352201259,0.07775377969762419,0.04953975592486151,0.030303030303030304,0.0,0.047619047619047616,0.044444444444444446,0.015151515151515152,0.024242424242424246,0.18543046357615894,0.0646551724137931,Jonathan Williams,RB,20.7,26.200000000000003
00-0032975,2022,REG,0,0,0.0,0,0.0,0.0,0.0,0,0,0.0,0.0,0.0,0.0,0,0.0,0.0,37,152.0,0,0.0,0.0,6.0,-7.741189730470069,0,7,10,40.0,0,0.0,0.0,-1.0,38.0,2.0,-2.8658409002118517,0,-12.5,0.37791783380018673,0.004037538192928854,0.5697030274353303,0.0,19.200000000000003,7,0.043478260869565216,-0.000552791597567717,0.06333333333333334,0.06477515802629365,0.02867383512544803,0.0,0.02666666666666667,0.023809523809523808,0.014336917562724014,0.022939068100358423,0.17391304347826086,0.05058891677930103,Jonathan Williams,RB,26.200000000000003,-0.2
00-0032977,2020,REG,0,0,0.0,0,0.0,0.0,0.0,0,0,0.0,0.0,0.0,0.0,0,0.0,0.0,0,0.0,0,0.0,0.0,0.0,0.0,0,37,52,599.0,4,2.0,0.0,733.0,78.0,26.0,36.121477919022574,0,10.069073462679736,1.8161242096110517,3.054108633629979,4.862062357957562,0.0,83.9,12,0.14016172506738545,0.23411050782497606,0.07071622846781506,0.39753099386105906,0.21098978513561112,0.2,0.17567567567567569,0.17857142857142858,0.20549489256780556,0.20879182810848892,1.61455525606469,0.11609817930398708,Rashard Higgins,WR,139.5,57.5
00-0032980,2020,REG,0,0,0.0,0,0.0,0.0,0.0,0,0,0.0,0.0,0.0,0.0,0,0.0,0.0,0,0.0,0,0.0,0.0,0.0,0.0,0,14,28,255.0,0,0.0,0.0,487.0,49.0,11.0,8.794779760514768,0,4.173035081676768,0.7666816979316979,1.8087600752248674,2.416154599554954,0.0,25.5,8,0.0975609756097561,0.23849167482859943,0.043401240035429584,0.3371348032775137,0.11954992967651196,0.0,0.1111111111111111,0.09821428571428571,0.05977496483825598,0.09563994374120957,0.8885017421602788,0.05175440895154739,Marcus Johnson,WR,39.5,24.799999999999997
00-0032980,2021,REG,0,0,0.0,0,0.0,0.0,0.0,0,0,0.0,0.0,0.0,0.0,0,0.0,0.0,2,-2.0,0,0.0,0.0,1.0,-1.420438484987244,0,9,19,160.0,0,0.0,0.0,171.0,95.0,7.0,0.2852655313326977,0,4.933566895822317,0.7132123404917522,0.9053001291076298,1.703528601112969,0.0,15.8,7,0.0867579908675799,0.11060802069857698,0.11786600496277916,0.21862340286023144,0.09803921568627451,0.0,0.0875,0.07777777777777778,0.049019607843137254,0.0784313725490196,0.730593607305936,0.041549390162176646,Marcus Johnson,WR,24.799999999999997,21.6
00-0033006,2020,REG,0,0,0.0,0,0.0,0.0,0.0,0,0,0.0,0.0,0.0,0.0,0,0.0,0.0,0,0.0,0,0.0,0.0,0.0,0.0,0,7,10,58.0,0,0.0,0.0,73.0,31.0,6.0,4.593217787790051,0,4.203980099502488,0.24878048780487805,0.1997317304105816,0.5129829429947242,0.0,5.800000000000001,2,0.12345679012345678,0.09772423025435073,0.15979381443298968,0.26336456938866576,0.10902255639097744,0.0,0.20689655172413793,0.1875,0.05451127819548872,0.08721804511278196,0.7160493827160493,0.07434080613311651,Jaydon Mickens,WR,12.8,3.0
00-0033009,2020,REG,1,2,16.0,0,0.0,0.0,0.0,0,0,2.0,22.0,1.0,0.7359127820236608,0,0.0,0.0,5,49.0,0,0.0,0.0,2.0,2.1280426005250774,0,79,110,841.0,4,1.0,0.0,940.0,350.0,43.0,37.62876973810486,0,12.510444190444504,2.999827971170637,3.449801299938434,6.914602866712859,0.0,113.64,15,0.20257826887661143,0.21373351523419737,0.21806853582554517,0.474854215502275,0.2457627118644068,0.23529411764705882,0.23497267759562843,0.235,0.2405284147557328,0.2436689930209372,1.5488029465930018,0.1649343310673128,Tyler Boyd,WR,192.8,216.6
00-0033009,2021,REG,1,1,46.0,0,0.0,0.0,0.0,0,0,-4.0,50.0,1.0,3.1924436271365266,0,0.0,0.0,2,22.0,0,0.0,0.0,1.0,1.3555669034831226,0,67,94,828.0,5,1.0,0.0,744.0,389.0,37.0,20.244100143530257,0,17.7415780619586,3.110998419282404,3.1191883015563575,6.849929440013056,0.0,116.84,16,0.17870722433460076,0.17576187101346563,0.16825259515570934,0.40867033331267366,0.17730192719486082,0.14285714285714285,0.18137254901960784,0.17573221757322174,0.16007953502600183,0.17041297032731725,1.5741444866920151,0.1148210605208919,Tyler Boyd,WR,216.6,180.25
00-0033009,2022,REG,1,1,23.0,0,0.0,1.0,12.0,0,0,21.0,2.0,1.0,0.6072884440654889,0,1.0952380952380953,0.0,0,0.0,0,0.0,0.0,0.0,0.0,0,58,82,762.0,5,0.0,0.0,755.0,249.0,41.0,29.83162020583348,1,20.140187420435286,2.215035958314026,2.7742465655840274,5.2645265333798585,0.0,109.12,16,0.13442622950819672,0.18092499400910617,0.11586784550953932,0.34637933946958,0.16858407079646018,0.14285714285714285,0.18552036199095023,0.1796875,0.1557206068268015,0.16343868520859672,1.2491803278688525,0.10344144590245109,Tyler Boyd,WR,180.25,144.8
00-0033009,2023,REG,0,1,0.0,0,1.0,0.0,0.0,0,0,-8.0,0.0,0.0,-6.527068739582319,0,0.0,0.0,2,11.0,0,0.0,0.0,1.0,0.7327160732238553,0,67,98,667.0,2,0.0,0.0,629.0,279.0,28.0,5.828839830407998,0,21.125700291371096,2.7750769444265235,3.0699102747839575,6.311552608988555,0.0,77.80000000000001,17,0.15934959349593497,0.1621970087674059,0.11782094594594594,0.3687819972578272,0.15668311017148226,0.07407407407407407,0.1346153846153846,0.1276595744680851,0.11537859212277816,0.14016130295200063,1.0845528455284552,0.0972673778112153,Tyler Boyd,WR,144.8,78.3
00-0033025,2020,REG,0,0,0.0,0,0.0,0.0,0.0,0,0,0.0,0.0,0.0,0.0,0,0.0,0.0,22,123.0,1,1.0,0.0,7.0,5.551221328903921,0,19,23,138.0,0,0.0,0.0,49.0,97.0,5.0,-8.925862856222253,0,33.733333333333334,0.6722275786455554,0.20288639546538068,1.1503618447940995,0.0,32.1,12,0.05502392344497608,0.014394829612220916,0.06166560712015257,0.09405174885724085,0.041280287167215074,0.0,0.03184713375796178,0.027777777777777776,0.020640143583607537,0.03302422973377206,0.33014354066985646,0.043496024922966926,Jalen Richard,RB,51.1,24.6
00-0033040,2020,REG,0,0,0.0,0,0.0,0.0,0.0,0,0,0.0,0.0,0.0,0.0,0,0.0,0.0,13,123.0,2,0.0,0.0,5.0,7.3809569191071205,0,87,135,1276.0,15,0.0,0.0,1739.0,434.0,57.0,75.19457852968284,0,12.855673150014594,3.4921223658252396,5.337008191307734,8.974089282653273,0.0,241.9,15,0.225752508361204,0.35088781275221953,0.19085312225153914,0.6193390127435816,0.26655525381240863,0.39473684210526316,0.23553719008264462,0.2571428571428571,0.3306460479588359,0.29219157147097957,2.1337792642140467,0.1948482801928933,Tyreek Hill,WR,392.8,365.8
00-0033040,2021,REG,0,0,0.0,0,0.0,0.0,0.0,0,0,0.0,0.0,0.0,0.0,0,0.0,0.0,9,96.0,0,0.0,0.0,4.0,2.9771603627013974,0,111,159,1239.0,9,2.0,1.0,1647.0,444.0,75.0,62.36571529114821,0,13.925718638366005,4.214110234145003,6.005553916841985,10.525053093006894,0.0,185.5,17,0.23555555555555555,0.33172205438066465,0.1627565982404692,0.6187109768378651,0.25096212274660723,0.24324324324324326,0.2808988764044944,0.27631578947368424,0.24710268299492524,0.24941834684593445,1.8355555555555556,0.1684008451280187,Tyreek Hill,WR,365.8,355.6
00-0033040,2022,REG,0,0,0.0,0,0.0,0.0,0.0,0,0,0.0,0.0,0.0,0.0,0,0.0,0.0,7,32.0,1,0.0,0.0,3.0,2.0270215682685375,0,119,170,1710.0,7,1.0,0.0,2107.0,482.0,77.0,64.06243745761115,0,14.218254982629634,5.13773452084109,6.677270665290721,12.38069124696514,0.0,222.2,17,0.2910958904109589,0.3960526315789474,0.2694242593627725,0.7534859408795963,0.3588667366211962,0.23333333333333334,0.35,0.336,0.2961000349772648,0.3337600559636237,2.9280821917808217,0.22160161070338377,Tyreek Hill,WR,355.6,396.6
00-0033040,2023,REG,0,0,0.0,0,0.0,0.0,0.0,0,0,0.0,0.0,0.0,0.0,0,0.0,0.0,6,15.0,0,0.0,0.0,2.0,-1.1775423273211345,0,119,171,1799.0,13,1.0,1.0,1847.0,652.0,83.0,92.69583128512815,0,17.79735730385155,5.282512477474445,7.039243927144023,12.851239465212483,0.0,257.40000000000003,16,0.31666666666666665,0.43788525367472736,0.31589147286821706,0.8253082029397819,0.40246085011185684,0.4482758620689655,0.3878504672897196,0.3950617283950617,0.4253683560904112,0.4116238525032786,3.3314814814814815,0.23365820348873298,Tyreek Hill,WR,396.6,218.2
00-0033045,2020,REG,0,0,0.0,0,0.0,0.0,0.0,0,0,0.0,0.0,0.0,0.0,0,0.0,0.0,244,979.0,6,5.0,4.0,62.0,-27.859515982377623,0,52,71,338.0,2,1.0,1.0,-17.0,360.0,20.0,-18.399925702891778,1,-52.29819624819625,1.7199592095018008,-0.005980634659297865,2.575752369991193,0.0,171.70000000000002,15,0.11735537190082644,-0.0037338018888644848,0.18828451882845187,0.17304601634014807,0.07878787878787878,0.08695652173913043,0.091324200913242,0.09090909090909091,0.08287220026350461,0.08042160737812912,0.5586776859504132,0.15712579897450307,Ezekiel Elliott,RB,221.7,250.2
00-0033045,2021,REG,1,1,4.0,0,0.0,0.0,0.0,0,0,-4.0,8.0,0.0,-0.7931139783468097,0,0.0,0.0,237,1002.0,10,1.0,1.0,55.0,-19.268372480869363,3,47,65,287.0,2,0.0,0.0,22.0,303.0,17.0,-1.123335064971256,0,65.45287698412699,1.7004022902229383,0.09219177231377902,2.615137675954053,0.0,205.06,17,0.10046367851622875,0.004300234558248631,0.1338339222614841,0.15413570542094204,0.05782792665726375,0.05,0.06854838709677419,0.06597222222222222,0.05391396332863188,0.056262341325811004,0.4435857805255023,0.13723376453678296,Ezekiel Elliott,RB,250.2,195.7
00-0033045,2022,REG,0,0,0.0,0,0.0,0.0,0.0,0,0,0.0,0.0,0.0,0.0,0,0.0,0.0,231,876.0,12,0.0,0.0,52.0,-11.69969886045182,0,17,23,92.0,0,0.0,0.0,0.0,88.0,4.0,-3.6794642015593126,0,30.633333333333333,0.699545462707784,-0.004300315807922915,1.04630797299613,0.0,168.8,15,0.047619047619047616,0.0,0.059661016949152545,0.07142857142857142,0.027090694935217905,0.0,0.024096385542168676,0.021164021164021163,0.013545347467608953,0.021672555948174327,0.19047619047619047,0.14466574271610322,Ezekiel Elliott,RB,195.7,174.5
00-0033045,2023,REG,0,0,0.0,0,0.0,0.0,0.0,0,0,0.0,0.0,0.0,0.0,0,0.0,0.0,184,642.0,3,1.0,0.0,33.0,-27.282744640982337,0,51,65,313.0,2,1.0,1.0,-42.0,374.0,12.0,-10.107500240426049,0,-10.795930735930735,2.1042089837540856,-0.21748285537429207,3.004075476869124,0.0,123.5,17,0.11669658886894076,-0.01025390625,0.20238095238095238,0.16684175830341114,0.09227594339622641,0.125,0.0784313725490196,0.08284023668639054,0.1086379716981132,0.09882075471698112,0.5619389587073609,0.15091500328640123,Ezekiel Elliott,RB,174.5,57.5
00-0033077,2020,REG,151,222,1856.0,9,4.0,10.0,66.0,3,3,1762.0,810.0,93.0,32.01779560961002,1,5.360067099456971,0.5513381848004677,18,93.0,3,0.0,0.0,8.0,8.854285621841795,1,1,1,11.0,1,0.0,0.0,10.0,1.0,1.0,2.6684373994357884,0,1.1,0.030303030303030304,0.04219409282700422,0.07499041043344841,0.0,134.64000000000001,5,0.00423728813559322,0.0053475935828877,0.0011862396204033216,0.010634007069699991,0.005561172901921132,0.1,0.01020408163265306,0.018518518518518517,0.05278058645096057,0.02444893832153691,0.046610169491525424,0.21488545990304492,Dak Prescott,QB,159.2,388.45
00-0033077,2021,REG,410,596,4449.0,37,10.0,30.0,144.0,7,3,4629.0,2028.0,227.0,109.06846017476651,2,16.713953806713555,2.18605660138112,48,146.0,1,8.0,3.0,7.0,-24.40892285798046,1,0,0,0.0,0,0.0,0.0,0.0,0.0,0.0,0.0,0,0.0,0.0,0.0,0.0,0.0,320.56,16,0.0,0.0,0.0,0.0,0.0,0.0,0.0,0.0,0.0,0.0,0.0,0.1844928403701828,Dak Prescott,QB,388.45,279.35
00-0033077,2022,REG,261,394,2860.0,23,15.0,20.0,126.0,3,0,3223.0,1212.0,142.0,42.084686123317965,0,11.58285681959823,1.7312199989786836,45,182.0,1,1.0,1.0,19.0,5.523948678805027,0,0,0,0.0,0,0.0,0.0,0.0,0.0,0.0,0.0,0,0.0,0.0,0.0,0.0,0.0,198.60000000000002,12,0.0,0.0,0.0,0.0,0.0,0.0,0.0,0.0,0.0,0.0,0.0,0.17013621177075305,Dak Prescott,QB,279.35,422.65000000000003
00-0033077,2023,REG,410,590,4516.0,36,9.0,39.0,255.0,2,1,4579.0,1963.0,222.0,118.68906478811256,2,17.697907050538195,2.7964468830594624,55,242.0,2,1.0,1.0,21.0,14.037557725794613,0,0,0,0.0,0,0.0,0.0,0.0,0.0,0.0,0.0,0,0.0,0.0,0.0,0.0,0.0,342.84000000000003,17,0.0,0.0,0.0,0.0,0.0,0.0,0.0,0.0,0.0,0.0,0.0,0.20067899789276517,Dak Prescott,QB,422.65000000000003,136.3
00-0033090,2020,REG,0,0,0.0,0,0.0,0.0,0.0,0,0,0.0,0.0,0.0,0.0,0,0.0,0.0,0,0.0,0,0.0,0.0,0.0,0.0,0,60,93,613.0,4,0.0,0.0,741.0,226.0,35.0,18.157681577972774,0,15.83449238620827,2.499440023172955,2.4978750599511303,5.497672576725224,0.0,85.30000000000001,14,0.16518650088809947,0.1736583079446918,0.11288711288711288,0.3867063976879026,0.15351865765088907,0.14814814814814814,0.17676767676767677,0.17333333333333334,0.1508334028995186,0.15244455575034088,1.088809946714032,0.10460612518178285,Hunter Henry,TE,145.3,168.3
00-0033090,2021,REG,0,0,0.0,0,0.0,0.0,0.0,0,0,0.0,0.0,0.0,0.0,0,0.0,0.0,0,0.0,0,0.0,0.0,0.0,0.0,0,50,75,603.0,9,0.0,0.0,726.0,144.0,34.0,34.444384314925315,0,14.069234805895414,2.3528698667007615,3.1208015544153502,5.713865888141887,0.0,114.3,16,0.14097744360902256,0.16990404867774397,0.07468879668049792,0.34738940435572907,0.1478303505761216,0.375,0.1827956989247312,0.20476190476190476,0.2614151752880608,0.19326428046089728,1.1334586466165413,0.11192403062753754,Hunter Henry,TE,168.3,103.9
00-0033090,2022,REG,0,0,0.0,0,0.0,0.0,0.0,0,0,0.0,0.0,0.0,0.0,0,0.0,0.0,0,0.0,0,0.0,0.0,0.0,0.0,0,41,59,509.0,2,0.0,0.0,454.0,203.0,23.0,13.664598329949342,0,21.83305162018392,1.983355667478549,2.2315240056168717,4.537100305149634,0.0,62.900000000000006,16,0.11637080867850098,0.12174845803164387,0.1152099886492622,0.27195497944306657,0.1423776223776224,0.11764705882352941,0.1464968152866242,0.14367816091954022,0.1300123406005759,0.13743150966680379,1.0039447731755424,0.08484403070390331,Hunter Henry,TE,103.9,119.9
00-0033090,2023,REG,0,0,0.0,0,0.0,0.0,0.0,0,0,0.0,0.0,0.0,0.0,0,0.0,0.0,0,0.0,0,0.0,0.0,0.0,0.0,0,42,61,419.0,6,1.0,0.0,538.0,78.0,29.0,18.465609720856815,0,10.084135951863454,1.9080263745149795,2.5055738610412224,4.615941264501325,0.0,77.9,13,0.14087759815242495,0.1672365557973267,0.05386740331491713,0.34510564186649884,0.1554154302670623,0.42857142857142855,0.23577235772357724,0.25547445255474455,0.29199342941924544,0.21004662992793557,0.9676674364896074,0.13101820486482943,Hunter Henry,TE,119.9,145.4
00-0033094,2020,REG,0,0,0.0,0,0.0,0.0,0.0,0,0,0.0,0.0,0.0,0.0,0,0.0,0.0,1,1.0,0,0.0,0.0,0.0,-0.5210318375611678,0,18,32,302.0,2,0.0,0.0,549.0,58.0,10.0,17.01694719522493,0,6.473634228972092,0.8559210757115949,1.7974026087988089,2.5420634397265585,0.0,42.300000000000004,11,0.07582938388625593,0.16142311084975008,0.042994810971089696,0.24288256450918397,0.10117252931323283,0.11764705882352941,0.0684931506849315,0.0736196319018405,0.10940979406838111,0.10446743521529214,0.7156398104265402,0.06068229848042669,Marvin Hall,WR,60.300000000000004,2.0
00-0033106,2020,REG,370,552,3952.0,20,13.0,23.0,161.0,5,3,3579.0,2152.0,194.0,24.835128745911945,1,18.26346923283815,1.6021434948722495,51,99.0,4,2.0,1.0,12.0,-6.068835410987958,0,0,0,0.0,0,0.0,0.0,0.0,0.0,0.0,0.0,0,0.0,0.0,0.0,0.0,0.0,239.98000000000002,15,0.0,0.0,0.0,0.0,0.0,0.0,0.0,0.0,0.0,0.0,0.0,0.17243906645205795,Jared Goff,QB,302.95,218.95000000000002
00-0033106,2021,REG,332,494,3245.0,19,8.0,35.0,280.0,6,4,3148.0,1754.0,162.0,-28.79608354435334,4,15.357920296620042,1.0177111300499913,17,87.0,0,3.0,2.0,4.0,-13.913521254435182,0,0,0,0.0,0,0.0,0.0,0.0,0.0,0.0,0.0,0,0.0,0.0,0.0,0.0,0.0,194.5,14,0.0,0.0,0.0,0.0,0.0,0.0,0.0,0.0,0.0,0.0,0.0,0.16393028116782415,Jared Goff,QB,218.95000000000002,324.7
00-0033106,2022,REG,382,587,4438.0,29,7.0,23.0,156.0,5,3,4129.0,2285.0,227.0,100.96467571744924,1,19.04501344012196,1.968802215589775,29,73.0,0,2.0,1.0,5.0,-17.09331808448769,1,1,1,5.0,0,0.0,0.0,-4.0,9.0,0.0,-0.10016044188523665,0,0.0,0.02702702702702703,-0.0149812734082397,0.030053649154772752,0.0,283.32,17,0.0017006802721088435,-0.0009673518742442564,0.003938730853391685,0.00177713890876786,0.0011251125112511251,0.0,0.0,0.0,0.0005625562556255626,0.0009000900090009002,0.008503401360544218,0.17346527887935767,Jared Goff,QB,324.7,389.0
00-0033106,2023,REG,407,605,4575.0,30,12.0,30.0,197.0,4,2,4064.0,2147.0,227.0,81.67725091908035,2,19.83310447265523,2.113965949856951,32,21.0,2,2.0,2.0,5.0,-21.90658182852732,0,0,0,0.0,0,0.0,0.0,0.0,0.0,0.0,0.0,0,0.0,0.0,0.0,0.0,0.0,289.1,17,0.0,0.0,0.0,0.0,0.0,0.0,0.0,0.0,0.0,0.0,0.0,0.16887274086708648,Jared Goff,QB,389.0,387.1
00-0033110,2020,REG,0,0,0.0,0,0.0,0.0,0.0,0,0,0.0,0.0,0.0,0.0,0,0.0,0.0,1,1.0,0,0.0,0.0,0.0,-0.6880421272944659,0,44,60,521.0,5,0.0,0.0,479.0,238.0,27.0,34.21358825833886,1,19.419405353848077,1.7277092224240083,2.144578230911398,4.092768595273991,0.0,84.2,15,0.10771992818671454,0.13055328427364404,0.112,0.26602251969898705,0.13146606106484987,0.2777777777777778,0.13917525773195877,0.1509433962264151,0.20462191942131383,0.16072840440743547,0.9353680430879713,0.09431880048851546,Tyler Higbee,TE,130.1,167.5
00-0033110,2021,REG,0,0,0.0,0,0.0,0.0,0.0,0,0,0.0,0.0,0.0,0.0,0,0.0,0.0,0,0.0,0,0.0,0.0,0.0,0.0,0,61,85,560.0,5,1.0,0.0,458.0,275.0,33.0,4.090717142722793,0,55.445400322760264,2.341825055486396,1.5425822569106962,4.592545163067081,0.0,86.0,15,0.1551094890510949,0.09840996991834981,0.14270887389724962,0.3113922095113222,0.12838147638697844,0.1388888888888889,0.15714285714285714,0.15447154471544716,0.13363518263793367,0.13048295888736056,1.0218978102189782,0.09710790207295644,Tyler Higbee,TE,167.5,152.0
00-0033110,2022,REG,0,0,0.0,0,0.0,0.0,0.0,0,0,0.0,0.0,0.0,0.0,0,0.0,0.0,0,0.0,0,0.0,0.0,0.0,0.0,0,72,108,620.0,3,0.0,0.0,327.0,404.0,32.0,4.885178858540428,0,25.466033636170938,3.463168950701579,1.5074422908762442,6.249963029665739,0.0,80.0,16,0.21301775147928995,0.09162230316615298,0.23059360730593606,0.3928244697518573,0.18235294117647058,0.2,0.18497109826589594,0.18617021276595744,0.19117647058823528,0.18588235294117647,1.222879684418146,0.1308652604390874,Tyler Higbee,TE,152.0,108.5
00-0033110,2023,REG,0,0,0.0,0,0.0,0.0,0.0,0,0,0.0,0.0,0.0,0.0,0,0.0,0.0,0,0.0,0,0.0,0.0,0.0,0.0,0,47,70,495.0,2,0.0,0.0,406.0,246.0,26.0,18.805071377808606,0,25.420444017548945,2.090256343078106,1.6504827883687359,4.290722466475273,0.0,61.5,15,0.13513513513513514,0.10244764067625536,0.13435281267067176,0.284660815243707,0.1288056206088993,0.09523809523809523,0.143646408839779,0.13861386138613863,0.11202185792349727,0.12209211553473849,0.9555984555984556,0.08146746557342584,Tyler Higbee,TE,108.5,55.8
00-0033111,2020,REG,0,0,0.0,0,0.0,0.0,0.0,0,0,0.0,0.0,0.0,0.0,0,0.0,0.0,0,0.0,0,0.0,0.0,0.0,0.0,0,5,8,73.0,0,0.0,0.0,79.0,35.0,3.0,2.664461337553803,0,3.7070175438596493,0.2270164476046829,0.2846895118543815,0.5398073297050914,0.0,7.300000000000001,5,0.045454545454545456,0.05323450134770889,0.05912162162162162,0.11076941925998529,0.05521936459909228,0.0,0.05084745762711865,0.04838709677419355,0.02760968229954614,0.04417549167927383,0.4147727272727273,0.0299139063184007,Pharoh Cooper,WR,12.299999999999999,7.6
00-0033111,2021,REG,0,0,0.0,0,0.0,0.0,0.0,0,0,0.0,0.0,0.0,0.0,0,0.0,0.0,1,3.0,0,0.0,0.0,0.0,-0.194386996794492,0,4,11,33.0,0,0.0,0.0,79.0,7.0,1.0,-10.620481441050325,0,2.375,0.4390886316444907,0.5445923791788876,1.0398476128919572,0.0,3.6,6,0.054455445544554455,0.05671213208901651,0.014767932489451477,0.12705287398804488,0.036544850498338874,0.0,0.02,0.018518518518518517,0.018272425249169437,0.029235880398671102,0.16336633663366337,0.023755938984746185,Pharoh Cooper,WR,7.6,4.1000000000000005
00-0033114,2020,REG,0,0,0.0,0,0.0,0.0,0.0,0,0,0.0,0.0,0.0,0.0,0,0.0,0.0,1,1.0,0,0.0,0.0,0.0,-0.44267870765179396,0,13,21,132.0,1,1.0,1.0,181.0,28.0,7.0,-6.5722332806908526,0,9.73168831168831,0.5102001527467994,0.5636027945881537,1.1598221853319066,0.0,17.299999999999997,10,0.05121951219512195,0.053820993160868275,0.020895522388059702,0.11988606282137755,0.046397188049209136,0.07692307692307693,0.04516129032258064,0.047619047619047616,0.061660132486143035,0.0525023658239827,0.32195121951219513,0.03228900255754476,Mike Thomas,WR,30.299999999999997,12.9
00-0033114,2021,REG,0,0,0.0,0,0.0,0.0,0.0,0,0,0.0,0.0,0.0,0.0,0,0.0,0.0,0,0.0,0,0.0,0.0,0.0,0.0,0,5,11,52.0,0,0.0,0.0,109.0,13.0,3.0,-2.6988665318174827,0,4.239177489177489,0.4074096430856313,0.5530122147500196,0.9982230149534607,0.0,5.2,7,0.054455445544554455,0.06982703395259449,0.015402843601895734,0.13754479547890727,0.033700583279325985,0.0,0.04,0.03529411764705882,0.016850291639662993,0.02696046662346079,0.25742574257425743,0.01742338833657887,Mike Thomas,WR,12.9,5.800000000000001
00-0033118,2020,REG,0,0,0.0,0,0.0,0.0,0.0,0,0,0.0,0.0,0.0,0.0,0,0.0,0.0,239,955.0,10,3.0,1.0,59.0,-7.299795060449308,0,25,31,137.0,0,0.0,0.0,-30.0,165.0,5.0,-1.9532168779323404,0,-7.883333333333334,0.9084446251006353,-0.10499296414350709,1.289171862750498,0.0,167.2,15,0.056466302367941715,-0.007100591715976331,0.09161576901721266,0.07901898017913152,0.03587326525268395,0.0,0.02577319587628866,0.022935779816513763,0.017936632626341976,0.028698612202147162,0.2495446265938069,0.13416541017479194,Kenyan Drake,RB,192.2,102.5
00-0033118,2021,REG,0,0,0.0,0,0.0,0.0,0.0,0,0,0.0,0.0,0.0,0.0,0,0.0,0.0,63,254.0,2,0.0,0.0,15.0,-9.108745722653111,0,30,40,291.0,1,0.0,0.0,71.0,259.0,12.0,5.375609657199008,0,-0.3099816849816852,1.055458203103916,0.1850819725250883,1.7127446854234356,0.0,72.5,12,0.08869179600886919,0.018369987063389392,0.15084449621432733,0.1477336836640153,0.07944307944307945,0.058823529411764705,0.07692307692307693,0.07514450867052024,0.06913330442742208,0.0753191694368165,0.6452328159645233,0.09019552630189542,Kenyan Drake,RB,102.5,104.10000000000001
00-0033118,2022,REG,0,0,0.0,0,0.0,0.0,0.0,0,0,0.0,0.0,0.0,0.0,0,0.0,0.0,109,482.0,4,1.0,0.0,21.0,-12.499559383956058,0,17,26,89.0,1,0.0,0.0,-16.0,125.0,7.0,-5.923722070280285,0,-20.863793103448277,0.8834372899281622,-0.15691106968660815,1.2153181861116176,0.0,87.10000000000001,12,0.0718232044198895,-0.0052579691094314825,0.1201923076923077,0.10352843134228908,0.03622303622303622,0.08333333333333333,0.0625,0.06451612903225806,0.05977818477818478,0.04564509564509564,0.24585635359116023,0.1123243919808369,Kenyan Drake,RB,104.10000000000001,3.0999999999999996
00-0033119,2020,REG,2,8,17.0,0,0.0,2.0,15.0,0,0,65.0,18.0,1.0,-8.438660981715657,0,2.4285714285714284,0.0,17,19.0,3,0.0,0.0,9.0,5.717470161140634,0,0,0,0.0,0,0.0,0.0,0.0,0.0,0.0,0.0,0,0.0,0.0,0.0,0.0,0.0,20.580000000000002,11,0.0,0.0,0.0,0.0,0.0,0.0,0.0,0.0,0.0,0.0,0.0,0.019388754899005125,Jacoby Brissett,QB,20.75,83.15
00-0033119,2021,REG,141,225,1283.0,5,4.0,19.0,132.0,6,3,1703.0,508.0,69.0,-23.911021311611588,1,5.793437009765408,0.19695593551879614,19,70.0,1,0.0,0.0,9.0,3.0419099197606556,0,0,0,0.0,0,0.0,0.0,0.0,0.0,0.0,0.0,0,0.0,0.0,0.0,0.0,0.0,72.32000000000001,10,0.0,0.0,0.0,0.0,0.0,0.0,0.0,0.0,0.0,0.0,0.0,0.09348983918506645,Jacoby Brissett,QB,83.15,194.70000000000002
00-0033119,2022,REG,236,369,2608.0,12,6.0,24.0,160.0,5,3,3221.0,1063.0,129.0,19.692632323502796,0,10.195971547811574,1.4237166540072654,49,243.0,2,1.0,1.0,28.0,19.836409262672532,0,0,0,0.0,0,0.0,0.0,0.0,0.0,0.0,0.0,0,0.0,0.0,0.0,0.0,0.0,168.62,14,0.0,0.0,0.0,0.0,0.0,0.0,0.0,0.0,0.0,0.0,0.0,0.1411329472027855,Jacoby Brissett,QB,194.70000000000002,25.1
00-0033119,2023,REG,18,23,224.0,3,0.0,0.0,0.0,0,0,178.0,70.0,10.0,16.375734796136385,0,2.5978609625668447,0.7894894361696857,3,19.0,0,0.0,0.0,0.0,1.2959549513761885,0,0,0,0.0,0,0.0,0.0,0.0,0.0,0.0,0.0,0,0.0,0.0,0.0,0.0,0.0,22.86,2,0.0,0.0,0.0,0.0,0.0,0.0,0.0,0.0,0.0,0.0,0.0,0.14415437003405224,Jacoby Brissett,QB,25.1,51.5
00-0033127,2020,REG,0,0,0.0,0,0.0,0.0,0.0,0,0,0.0,0.0,0.0,0.0,0,0.0,0.0,1,0.0,0,0.0,0.0,0.0,-0.8607696234248579,0,53,75,879.0,8,0.0,0.0,940.0,291.0,38.0,58.20421319003435,0,10.595672425613568,2.3960278657911167,3.3162951698943335,5.9154484176127085,0.0,135.9,11,0.20604395604395603,0.29301745635910226,0.21209912536443148,0.5434798991532159,0.274601686972821,0.3333333333333333,0.2550335570469799,0.2658959537572254,0.30396751015307716,0.28634801624492345,2.4148351648351647,0.17948766675534947,Will Fuller,WR,188.9,6.6
00-0033215,2020,REG,0,0,0.0,0,0.0,0.0,0.0,0,0,0.0,0.0,0.0,0.0,0,0.0,0.0,0,0.0,0,0.0,0.0,0.0,0.0,0,0,3,0.0,0,0.0,0.0,71.0,0.0,0.0,-3.0834270485211164,0,0.0,0.10264550264550264,0.3058608058608059,0.36807081807081804,0.0,0.0,2,0.047619047619047616,0.15268817204301074,0.0,0.19357910906298004,0.0,0.0,0.0,0.0,0.0,0.0,0.0,0.0,Cyril Grayson,WR,0.0,44.6
00-0033217,2020,REG,0,0,0.0,0,0.0,0.0,0.0,0,0,0.0,0.0,0.0,0.0,0,0.0,0.0,0,0.0,0,0.0,0.0,0.0,0.0,0,31,39,394.0,2,1.0,1.0,264.0,182.0,19.0,12.752992411871674,0,24.125212718316167,1.225084859796144,1.2016686956966187,2.678795376681849,0.0,49.400000000000006,14,0.08108108108108109,0.07632263660017347,0.0931899641577061,0.1826797309017604,0.107915639550808,0.1,0.10919540229885058,0.10824742268041238,0.103957819775404,0.10633251164064642,0.8191268191268192,0.06201119903743811,Mo Alie-Cox,TE,87.60000000000001,79.6
00-0033217,2021,REG,0,0,0.0,0,0.0,0.0,0.0,0,0,0.0,0.0,0.0,0.0,0,0.0,0.0,0,0.0,0,0.0,0.0,0.0,0.0,0,24,45,316.0,4,1.0,0.0,442.0,150.0,14.0,8.919813206660425,0,24.034620891523396,1.5874179958797747,1.793841393114252,3.636815968999638,0.0,55.6,17,0.08637236084452975,0.1105,0.09052504526252263,0.21795854126679462,0.08807134894091416,0.14814814814814814,0.08383233532934131,0.09278350515463918,0.11810974854453116,0.10008670878236096,0.6065259117082533,0.05413787474835409,Mo Alie-Cox,TE,79.6,53.9
00-0033217,2022,REG,0,0,0.0,0,0.0,0.0,0.0,0,0,0.0,0.0,0.0,0.0,0,0.0,0.0,0,0.0,0,0.0,0.0,0.0,0.0,0,19,28,189.0,3,1.0,1.0,151.0,99.0,9.0,-1.585438021593057,0,19.182975589225588,0.861664143243773,0.6808051746780924,1.7690598371403243,0.0,34.9,14,0.05907172995780591,0.047350266541235496,0.07344213649851632,0.12648780816969726,0.06297900699766744,0.25,0.06040268456375839,0.07453416149068323,0.15648950349883373,0.10038320559813396,0.3987341772151899,0.0552854534638029,Mo Alie-Cox,TE,53.9,47.1
00-0033217,2023,REG,0,0,0.0,0,0.0,0.0,0.0,0,0,0.0,0.0,0.0,0.0,0,0.0,0.0,0,0.0,0,0.0,0.0,0.0,0.0,0,13,22,161.0,3,0.0,0.0,222.0,80.0,9.0,6.509590541164027,1,9.713038472964943,0.8183324846294507,1.0012950662451265,1.9284052733157644,0.0,36.1,13,0.05405405405405406,0.07129094412331406,0.05767844268204758,0.13811383637973235,0.05576723242119848,0.23076923076923078,0.06521739130434782,0.07947019867549669,0.14326823159521462,0.09076763209080493,0.3955773955773956,0.04638727231501776,Mo Alie-Cox,TE,47.1,32.7
00-0033246,2020,REG,0,0,0.0,0,0.0,0.0,0.0,0,0,0.0,0.0,0.0,0.0,0,0.0,0.0,0,0.0,0,0.0,0.0,0.0,0.0,0,4,4,53.0,0,0.0,0.0,8.0,45.0,1.0,2.884577311342582,0,11.857142857142858,0.1280241935483871,0.03233939490192964,0.21467386675393135,0.0,5.300000000000001,2,0.06153846153846154,0.017241379310344827,0.18907563025210083,0.10610079575596817,0.1261904761904762,0.0,0.05,0.043478260869565216,0.0630952380952381,0.10095238095238096,0.8153846153846154,0.05582232893157263,Johnny Mundt,TE,9.3,1.9
00-0033246,2021,REG,0,0,0.0,0,0.0,0.0,0.0,0,0,0.0,0.0,0.0,0.0,0,0.0,0.0,0,0.0,0,0.0,0.0,0.0,0.0,0,1,1,9.0,0,0.0,0.0,7.0,2.0,1.0,1.3462372607318684,0,1.2857142857142858,0.024390243902439025,0.01977401129943503,0.05042717376326306,0.0,0.9,1,0.024390243902439025,0.01977401129943503,0.018691588785046728,0.05240457489320657,0.03214285714285714,0.0,0.07692307692307693,0.06666666666666667,0.01607142857142857,0.025714285714285714,0.21951219512195122,0.02036441586280814,Johnny Mundt,TE,1.9,41.2
00-0033246,2022,REG,0,0,0.0,0,0.0,0.0,0.0,0,0,0.0,0.0,0.0,0.0,0,0.0,0.0,0,0.0,0,0.0,0.0,0.0,0.0,0,19,21,140.0,1,0.0,0.0,29.0,117.0,9.0,5.40324055960347,0,13.789915966386555,0.5865425400428832,0.1163280419081954,0.9612434394000616,0.0,20.0,13,0.04093567251461988,0.008164414414414414,0.07340025094102885,0.06793504030346136,0.040780658316341395,0.041666666666666664,0.04891304347826087,0.04807692307692308,0.041223662491504026,0.04095785998640645,0.2729044834307992,0.03113722734966308,Johnny Mundt,TE,41.2,40.2
00-0033246,2023,REG,0,0,0.0,0,0.0,0.0,0.0,0,0,0.0,0.0,0.0,0.0,0,0.0,0.0,0,0.0,0,0.0,0.0,0.0,0.0,0,17,23,172.0,1,0.0,0.0,114.0,94.0,8.0,2.7715899897662046,0,14.063872174337291,0.6548309750632431,0.2787411113546271,1.1773652405431034,0.0,23.200000000000003,9,0.0688622754491018,0.041666666666666664,0.09233791748526522,0.13662674650698603,0.06822689408964697,0.07142857142857142,0.06722689075630252,0.06766917293233082,0.0698277327591092,0.06886722955743187,0.5149700598802395,0.04975001237562497,Johnny Mundt,TE,40.2,50.0
00-0033251,2020,REG,0,1,0.0,0,0.0,0.0,0.0,0,0,13.0,0.0,0.0,-0.5561131672002375,0,0.0,0.0,0,0.0,0,0.0,0.0,0.0,0.0,0,44,71,629.0,5,0.0,0.0,772.0,233.0,29.0,22.625771989918135,0,14.836248170982904,2.1916165917958406,3.2244109478212337,5.544512551168624,0.0,92.9,16,0.1286231884057971,0.19465456379223398,0.10383244206773619,0.34865843364248283,0.1502627806975633,0.20833333333333334,0.14427860696517414,0.1511111111111111,0.17929805701544832,0.16187689122471732,1.1394927536231885,0.09086444007858546,Zach Pascal,WR,149.6,94.5
00-0033251,2021,REG,0,0,0.0,0,0.0,0.0,0.0,0,0,0.0,0.0,0.0,0.0,0,0.0,0.0,2,21.0,0,0.0,0.0,0.0,1.917843007016927,0,38,69,384.0,3,1.0,1.0,608.0,121.0,15.0,-12.86810332951071,0,9.775073468957908,2.246573565978078,2.6061440158829514,5.194161160085183,0.0,56.50000000000001,16,0.13995943204868155,0.15958005249343832,0.07707006369426751,0.33760319006777295,0.11418376449598573,0.12,0.09615384615384616,0.09944751381215469,0.11709188224799286,0.11534701159678859,0.7789046653144016,0.06807278385270346,Zach Pascal,WR,94.5,40.5
00-0033251,2022,REG,0,0,0.0,0,0.0,0.0,0.0,0,0,0.0,0.0,0.0,0.0,0,0.0,0.0,1,0.0,0,0.0,0.0,0.0,-3.611390165053308,0,15,19,150.0,1,0.0,0.0,115.0,86.0,9.0,0.30220998800359666,0,14.985057471264367,0.6266900006435844,0.43653937741455656,1.245612565155566,0.0,21.0,12,0.05,0.033459412278149546,0.059763724808895066,0.10176752982251965,0.045262522631261314,0.05,0.060810810810810814,0.05952380952380952,0.047631261315630655,0.046210018105009056,0.39473684210526316,0.029804778699518152,Zach Pascal,WR,40.5,5.9
00-0033258,2020,REG,0,0,0.0,0,0.0,0.0,0.0,0,0,0.0,0.0,0.0,0.0,0,0.0,0.0,0,0.0,0,0.0,0.0,0.0,0.0,0,8,11,92.0,1,0.0,0.0,67.0,57.0,4.0,7.233810584933963,0,12.88888888888889,0.324309326994749,0.21558823709303493,0.637375756457248,0.0,15.2,8,0.03728813559322034,0.024981357196122298,0.05751765893037336,0.07591728914672835,0.03761242845461979,0.06666666666666667,0.034782608695652174,0.038461538461538464,0.05213954756064323,0.043423276097029166,0.31186440677966104,0.02681646901079594,Darrell Daniels,TE,23.2,3.2
00-0033275,2020,REG,32,56,368.0,1,5.0,4.0,31.0,0,0,583.0,141.0,17.0,-22.44649882260243,0,1.778187942182052,0.03145373442321633,5,-2.0,0,1.0,0.0,0.0,-2.3987978287623264,0,0,1,0.0,0,0.0,0.0,6.0,0.0,0.0,-0.40847092552576214,0,0.0,0.02857142857142857,0.02553191489361702,0.06072948328267477,0.0,8.520000000000001,4,0.007874015748031496,0.005221932114882507,0.0,0.01598856931395325,0.0,0.0,0.0,0.0,0.0,0.0,0.0,0.02999577524292354,Phillip Walker,QB,12.2,15.399999999999999
00-0033275,2021,REG,36,66,362.0,1,3.0,7.0,47.0,1,0,594.0,137.0,19.0,-15.502125904082483,1,2.6728200267618196,-0.09926796105524266,7,13.0,0,2.0,1.0,2.0,-5.5915096219978295,0,0,0,0.0,0,0.0,0.0,0.0,0.0,0.0,0.0,0,0.0,0.0,0.0,0.0,0.0,13.78,5,0.0,0.0,0.0,0.0,0.0,0.0,0.0,0.0,0.0,0.0,0.0,0.044546453740221106,Phillip Walker,QB,15.399999999999999,46.45
00-0033275,2022,REG,63,106,731.0,3,3.0,7.0,46.0,0,0,837.0,408.0,30.0,-19.931912035956493,0,3.8417470207577447,0.15829735070873266,6,39.0,0,0.0,0.0,3.0,1.431855617382098,0,0,0,0.0,0,0.0,0.0,0.0,0.0,0.0,0.0,0,0.0,0.0,0.0,0.0,0.0,39.14,6,0.0,0.0,0.0,0.0,0.0,0.0,0.0,0.0,0.0,0.0,0.0,0.09062282935864784,Phillip Walker,QB,46.45,26.7
00-0033280,2020,REG,0,0,0.0,0,0.0,0.0,0.0,0,0,0.0,0.0,0.0,0.0,0,0.0,0.0,59,225.0,5,0.0,0.0,14.0,3.9336316051552322,0,17,19,149.0,1,0.0,0.0,27.0,123.0,8.0,8.911715329275467,0,42.22727272727273,0.4699197860962567,0.10574988684600045,0.7789045999365853,0.0,73.4,3,0.15079365079365079,0.03110599078341014,0.2536082474226804,0.25107526881720427,0.15297741273100615,0.3333333333333333,0.16326530612244897,0.17307692307692307,0.24315537303216972,0.18904859685147157,1.1825396825396826,0.2804318153617074,Christian McCaffrey,RB,90.4,127.5
00-0033280,2021,REG,0,0,0.0,0,0.0,0.0,0.0,0,0,0.0,0.0,0.0,0.0,0,0.0,0.0,99,442.0,1,1.0,0.0,20.0,1.7780662637261173,0,37,41,343.0,1,0.0,0.0,91.0,258.0,21.0,21.083400368283037,0,30.595604395604397,1.3134681539158737,0.6005932962574912,2.390617538254054,0.0,90.5,7,0.1774891774891775,0.05741324921135647,0.34308510638297873,0.31216436560285143,0.21397379912663755,0.16666666666666666,0.2625,0.2558139534883721,0.19032023289665212,0.2045123726346434,1.4848484848484849,0.23566596428967507,Christian McCaffrey,RB,127.5,416.6
00-0033280,2022,REG,1,1,34.0,1,0.0,0.0,0.0,0,0,31.0,3.0,1.0,3.771136244176887,0,1.096774193548387,0.0,244,1139.0,8,1.0,0.0,59.0,3.895198468922599,0,85,108,741.0,5,0.0,0.0,133.0,695.0,36.0,20.571559599504575,0,10.114219576719577,3.6865711405750208,-0.03764511693395517,5.503505129008762,0.0,271.36,17,0.21052631578947367,0.040327471194663435,0.32400932400932403,0.34805145063994125,0.19281811085089773,0.18518518518518517,0.20930232558139536,0.20603015075376885,0.18900164801804145,0.19129152571775523,1.4444444444444444,0.2497582035575616,Christian McCaffrey,RB,416.6,480.3
00-0033280,2023,REG,0,0,0.0,0,0.0,0.0,0.0,0,0,0.0,0.0,0.0,0.0,0,0.0,0.0,272,1459.0,14,2.0,2.0,83.0,14.388323717255844,0,67,83,564.0,7,1.0,0.0,153.0,461.0,31.0,6.454787399318722,0,-17.937128820486066,2.9855372544216356,0.697468227510581,4.96653364088986,0.0,324.3,16,0.17849462365591398,0.040626659585767395,0.21941932413136603,0.3002432631524849,0.12853236098450319,0.21875,0.15736040609137056,0.16593886462882096,0.17364118049225158,0.14657588878760255,1.2129032258064516,0.24506488301017085,Christian McCaffrey,RB,480.3,47.800000000000004
00-0033282,2020,REG,0,0,0.0,0,0.0,0.0,0.0,0,0,0.0,0.0,0.0,0.0,0,0.0,0.0,41,200.0,2,0.0,0.0,10.0,-3.56041664085933,0,77,97,851.0,3,1.0,0.0,711.0,320.0,39.0,37.836861780344236,0,21.258430648693807,2.9108253810459694,2.726489631515101,6.2747808136295244,0.0,135.1,15,0.18618042226487524,0.18448365334717176,0.16326530612244897,0.42685755607505027,0.21748019422438028,0.1875,0.21195652173913043,0.21,0.20249009711219013,0.21148415537950424,1.6333973128598849,0.16240180089125741,Curtis Samuel,WR,212.1,9.8
00-0033282,2021,REG,0,0,0.0,0,0.0,0.0,0.0,0,0,0.0,0.0,0.0,0.0,0,0.0,0.0,4,11.0,0,0.0,0.0,0.0,-1.898525714042412,0,6,9,27.0,0,0.0,0.0,21.0,40.0,4.0,-0.04461636405903846,0,0.0,0.26895352375983655,0.03385733221363158,0.4271304181892969,0.0,3.8000000000000003,5,0.05202312138728324,0.014664804469273743,0.06896551724137931,0.08976652565634385,0.023851590106007067,0.0,0.06779661016949153,0.06060606060606061,0.011925795053003533,0.019081272084805655,0.15606936416184972,0.02321284760054953,Curtis Samuel,WR,9.8,176.3
00-0033282,2022,REG,0,0,0.0,0,0.0,0.0,0.0,0,0,0.0,0.0,0.0,0.0,0,0.0,0.0,38,187.0,1,1.0,1.0,11.0,-2.2834938880987465,0,64,92,656.0,4,0.0,0.0,615.0,289.0,36.0,25.683758419933493,0,17.91492837960722,2.747786463673807,2.3586808531430026,5.772756292710812,0.0,112.3,17,0.16606498194945848,0.13810913990568155,0.17274357441721458,0.35958478484873296,0.17340734866508062,0.16666666666666666,0.1956521739130435,0.19230769230769232,0.17003700766587365,0.17205921226539783,1.184115523465704,0.13118340377403417,Curtis Samuel,WR,176.3,157.2
00-0033282,2023,REG,0,0,0.0,0,0.0,0.0,0.0,0,0,0.0,0.0,0.0,0.0,0,0.0,0.0,7,39.0,1,0.0,0.0,4.0,3.760684555309126,0,62,91,613.0,4,0.0,0.0,598.0,260.0,26.0,6.006242268805458,0,36.40478650975018,2.680056814945253,2.5642789600613085,5.815080494460796,0.0,95.2,16,0.15397631133671744,0.13643623089208304,0.13485477178423236,0.34011345171874263,0.15926214601195116,0.17391304347826086,0.14772727272727273,0.1507537688442211,0.166587594745106,0.1621923255052131,1.0372250423011844,0.11876161552060195,Curtis Samuel,WR,157.2,89.8
00-0033288,2020,REG,0,0,0.0,0,0.0,0.0,0.0,0,0,0.0,0.0,0.0,0.0,0,0.0,0.0,2,17.0,0,0.0,0.0,1.0,1.2501941807568073,0,48,63,634.0,2,0.0,0.0,460.0,297.0,32.0,37.160139931747274,0,10.91811926720498,1.938413182346109,2.2844614299038684,4.5067427744518715,0.0,77.10000000000001,8,0.23247232472324722,0.25040827436037016,0.25736568457538994,0.549035106573167,0.3033492822966507,0.15384615384615385,0.2962962962962963,0.2809917355371901,0.22859771807140228,0.2734486566065514,2.339483394833948,0.16837146702557199,George Kittle,TE,125.1,221.8
00-0033288,2021,REG,0,0,0.0,0,0.0,0.0,0.0,0,0,0.0,0.0,0.0,0.0,0,0.0,0.0,3,20.0,0,0.0,0.0,0.0,1.738986514043063,0,71,94,910.0,6,2.0,1.0,777.0,450.0,42.0,24.574330641205357,0,18.647497603080204,3.141275546896256,3.1964022139367447,6.949394870100106,0.0,127.0,14,0.2186046511627907,0.23856309487258212,0.23100616016427106,0.5187574526422518,0.2431854623196152,0.24,0.24561403508771928,0.24489795918367346,0.2415927311598076,0.24254836985569217,2.116279069767442,0.15037822401798462,George Kittle,TE,221.8,227.3
00-0033288,2022,REG,0,0,0.0,0,0.0,0.0,0.0,0,0,0.0,0.0,0.0,0.0,0,0.0,0.0,0,0.0,0,0.0,0.0,0.0,0.0,0,60,86,765.0,11,1.0,1.0,550.0,386.0,36.0,39.60728645684706,0,22.667342252242307,2.961536247789251,2.8015670912900763,6.4034013355869295,0.0,140.5,15,0.18695652173913044,0.1774193548387097,0.18656355727404544,0.42237026647966336,0.20670089165090516,0.3793103448275862,0.2057142857142857,0.23039215686274508,0.29300561823924565,0.2412227822862414,1.6630434782608696,0.1442819723093751,George Kittle,TE,227.3,228.4
00-0033288,2023,REG,0,0,0.0,0,0.0,0.0,0.0,0,0,0.0,0.0,0.0,0.0,0,0.0,0.0,1,2.0,0,0.0,0.0,1.0,0.5645242547616363,0,65,90,1020.0,6,0.0,0.0,852.0,483.0,42.0,59.67616419156603,0,20.58501109097804,3.13225698386956,3.7727887824881385,7.339337623546037,0.0,138.20000000000002,16,0.1935483870967742,0.22623473181093998,0.2298905283198477,0.47131036609391325,0.2324521422060164,0.1875,0.2131979695431472,0.2096069868995633,0.2099760711030082,0.22346171376481314,2.193548387096774,0.12726088481386844,George Kittle,TE,228.4,236.60000000000002
00-0033292,2020,REG,0,0,0.0,0,0.0,0.0,0.0,0,0,0.0,0.0,0.0,0.0,0,0.0,0.0,0,0.0,0,0.0,0.0,0.0,0.0,0,10,21,86.0,0,0.0,0.0,117.0,43.0,5.0,-12.918861228424461,0,8.208400371558266,0.6254698424085081,0.5644490808142409,1.3333191201827308,0.0,8.6,7,0.084,0.07514450867052024,0.03808680248007086,0.18611560693641618,0.042511122095897184,0.0,0.04950495049504951,0.04424778761061947,0.021255561047948592,0.03400889767671775,0.344,0.02674258109040718,Trent Taylor,WR,18.6,6.1000000000000005
00-0033292,2021,REG,0,0,0.0,0,0.0,0.0,0.0,0,0,0.0,0.0,0.0,0.0,0,0.0,0.0,0,0.0,0,0.0,0.0,0.0,0.0,0,2,3,41.0,0,0.0,0.0,39.0,7.0,2.0,4.142491481499746,0,1.0512820512820513,0.10344827586206896,0.23780487804878048,0.3216358284272498,0.0,4.1000000000000005,1,0.10344827586206896,0.23780487804878048,0.06422018348623854,0.3454163162321279,0.3014705882352941,0.0,0.5,0.4,0.15073529411764705,0.2411764705882353,1.4137931034482758,0.11744320369657296,Trent Taylor,WR,6.1000000000000005,13.700000000000001
00-0033292,2022,REG,0,0,0.0,0,0.0,0.0,0.0,0,0,0.0,0.0,0.0,0.0,0,0.0,0.0,4,15.0,0,0.0,0.0,0.0,-2.156836989102885,0,6,10,62.0,0,0.0,0.0,45.0,43.0,1.0,-0.3390488504928677,0,6.694736842105263,0.3036610139551316,0.19756758211826658,0.593788828415484,0.0,7.700000000000001,6,0.04854368932038835,0.03251445086705202,0.06169296987087518,0.09882709467422414,0.03850931677018633,0.0,0.013513513513513514,0.011627906976744186,0.019254658385093167,0.03080745341614907,0.30097087378640774,0.02299043463668401,Trent Taylor,WR,13.700000000000001,-0.2
00-0033292,2023,REG,0,0,0.0,0,0.0,0.0,0.0,0,0,0.0,0.0,0.0,0.0,0,0.0,0.0,1,-2.0,0,0.0,0.0,0.0,-1.3515164237469435,0,0,2,0.0,0,0.0,0.0,0.0,0.0,0.0,-1.2993067152565345,0,0.0,0.07291666666666666,-0.02121370196487567,0.09452540862458703,0.0,-0.2,3,0.02040816326530612,0.0,0.0,0.030612244897959183,0.0,0.0,0.0,0.0,0.0,0.0,0.0,-0.0010531858873091102,Trent Taylor,WR,-0.2,2.1
00-0033293,2020,REG,0,0,0.0,0,0.0,0.0,0.0,0,0,0.0,0.0,0.0,0.0,0,0.0,0.0,201,1104.0,9,1.0,0.0,52.0,14.435810233728262,0,47,63,355.0,2,1.0,0.0,77.0,365.0,15.0,5.729756250330705,0,26.68528532152346,2.068586698250247,0.20078186512854418,3.2434273529653517,0.0,211.9,14,0.13968957871396895,0.021580717488789238,0.18660531697341512,0.22679894206198484,0.0953020134228188,0.04878048780487805,0.08152173913043478,0.07555555555555556,0.07204125061384842,0.08599770829923065,0.7871396895787139,0.1702393477117307,Aaron Jones,RB,282.6,255.0
00-0033293,2021,REG,0,0,0.0,0,0.0,0.0,0.0,0,0,0.0,0.0,0.0,0.0,0,0.0,0.0,171,799.0,4,1.0,1.0,37.0,1.5054791104249756,0,52,65,391.0,6,1.0,0.0,56.0,412.0,22.0,9.132481807726744,0,-34.43906926406926,1.9825219872895394,0.32352782902435173,3.200252461251355,0.0,177.0,15,0.12380952380952381,0.013655206047305536,0.20396039603960395,0.19663845055213014,0.1010597053502197,0.1875,0.10784313725490197,0.11864406779661017,0.14427985267510984,0.11834776428017577,0.7447619047619047,0.15892182989118364,Aaron Jones,RB,255.0,246.60000000000002
00-0033293,2022,REG,0,0,0.0,0,0.0,0.0,0.0,0,0,0.0,0.0,0.0,0.0,0,0.0,0.0,213,1121.0,2,3.0,1.0,54.0,12.084998125123093,0,59,72,395.0,5,2.0,2.0,-16.0,477.0,19.0,-3.3152735653381518,1,1.460709612025401,2.3203332561467502,-0.007318322757929374,3.475377058289575,0.0,189.60000000000002,17,0.12788632326820604,-0.003573023671281822,0.2373134328358209,0.1889710659652836,0.10154241645244216,0.18518518518518517,0.10215053763440861,0.11267605633802817,0.14336380081881367,0.11827097019899077,0.7015985790408525,0.17313183369315413,Aaron Jones,RB,246.60000000000002,181.60000000000002
00-0033293,2023,REG,0,0,0.0,0,0.0,0.0,0.0,0,0,0.0,0.0,0.0,0.0,0,0.0,0.0,142,656.0,2,1.0,1.0,34.0,2.3829092331870925,0,30,43,233.0,1,1.0,0.0,-48.0,271.0,13.0,9.50120469911127,0,-14.890982404692082,1.3551729098710523,-0.20475501756852296,1.8894308525086123,0.0,104.9,11,0.11466666666666667,-0.015223596574690771,0.20437405731523378,0.15982112274024737,0.08132635253054102,0.047619047619047616,0.09219858156028368,0.08641975308641975,0.06447270007479432,0.07458489154824235,0.6213333333333333,0.1332214102310883,Aaron Jones,RB,181.60000000000002,250.60000000000002
00-0033296,2020,REG,0,0,0.0,0,0.0,0.0,0.0,0,0,0.0,0.0,0.0,0.0,0,0.0,0.0,6,9.0,0,0.0,0.0,5.0,-0.6350981794239487,0,5,9,18.0,0,0.0,0.0,2.0,20.0,1.0,-9.999593806511257,0,7.333333333333334,0.2819046421987598,-0.007007032969167203,0.4179520402197227,0.0,2.7,12,0.022004889975550123,0.0006305170239596469,0.013422818791946308,0.0335117485824929,0.005787781350482315,0.0,0.006896551724137931,0.00641025641025641,0.0028938906752411574,0.004630225080385852,0.044009779951100246,0.007557169496515851,Alex Armah,RB,7.7,9.2
00-0033307,2020,REG,0,0,0.0,0,0.0,0.0,0.0,0,0,0.0,0.0,0.0,0.0,0,0.0,0.0,0,0.0,0,0.0,0.0,0.0,0.0,0,49,74,667.0,2,0.0,0.0,686.0,219.0,35.0,30.138795847122772,1,14.81205420125437,2.062050543643083,3.0566153043501387,5.232706528509722,0.0,80.7,15,0.1383177570093458,0.19275077268895757,0.10428571428571429,0.3616772536651848,0.16554976420948125,0.08333333333333333,0.1674641148325359,0.15879828326180256,0.12444154877140728,0.14910647803425167,1.246728971962617,0.09274487650701486,Kendrick Bourne,WR,127.7,208.85000000000002
00-0033307,2021,REG,1,1,25.0,1,0.0,0.0,0.0,0,0,22.0,3.0,1.0,2.3478310459759086,0,1.1363636363636365,0.0,12,125.0,0,0.0,0.0,7.0,9.5788863869966,0,55,70,800.0,5,1.0,1.0,592.0,385.0,27.0,42.377612264712354,0,29.42091434494737,2.2061978624979224,2.172789462415916,4.830249417438025,0.0,125.50000000000001,17,0.1308411214953271,0.13805970149253732,0.19845360824742267,0.3067094434370205,0.19521717911176184,0.20833333333333334,0.1443850267379679,0.15165876777251186,0.2017752562225476,0.19784040995607616,1.4953271028037383,0.12010753117472484,Kendrick Bourne,WR,208.85000000000002,88.3
00-0033307,2022,REG,0,0,0.0,0,0.0,0.0,0.0,0,0,0.0,0.0,0.0,0.0,0,0.0,0.0,6,39.0,0,0.0,0.0,2.0,-1.6179705510730855,0,35,48,434.0,1,2.0,0.0,493.0,145.0,22.0,13.377406082941615,0,19.211598492109157,1.552899248502206,1.7552237760231264,3.5580055159694974,0.0,53.3,16,0.09375,0.1274890095681407,0.08205998868138087,0.24261620765451256,0.1199889411114183,0.05555555555555555,0.14012738853503184,0.13142857142857142,0.08777224833348693,0.10710226400024576,0.84765625,0.07100468003666834,Kendrick Bourne,WR,88.3,100.0
00-0033307,2023,REG,0,0,0.0,0,0.0,0.0,0.0,0,0,0.0,0.0,0.0,0.0,0,0.0,0.0,1,4.0,0,0.0,0.0,1.0,0.6390635701827705,0,37,55,406.0,4,1.0,1.0,574.0,203.0,15.0,-9.540425373947777,0,13.304602202012159,1.598942387485213,1.8935039238529756,3.723866327924902,0.0,63.0,8,0.19784172661870503,0.2724252491694352,0.22681564245810057,0.5147027892636058,0.23604651162790696,0.4444444444444444,0.19736842105263158,0.2235294117647059,0.34024547803617566,0.27772609819121447,1.460431654676259,0.1736111111111111,Kendrick Bourne,WR,100.0,65.1
00-0033308,2020,REG,0,0,0.0,0,0.0,0.0,0.0,0,0,0.0,0.0,0.0,0.0,0,0.0,0.0,59,254.0,0,2.0,1.0,11.0,-5.066780902387109,0,9,10,96.0,0,0.0,0.0,-1.0,96.0,5.0,3.3880325646605343,0,-23.75,0.2674295330966995,-0.0058431045269194916,0.39705412647620564,0.0,33.0,10,0.030864197530864196,-0.00042735042735042735,0.10333692142088267,0.045954415954415954,0.042876284055381866,0.0,0.04132231404958678,0.037037037037037035,0.021438142027690933,0.0343010272443055,0.2962962962962963,0.05023562902184053,Matt Breida,RB,42.0,42.7
00-0033308,2021,REG,0,0,0.0,0,0.0,0.0,0.0,0,0,0.0,0.0,0.0,0.0,0,0.0,0.0,26,125.0,1,1.0,1.0,5.0,-8.595833289611619,0,7,9,72.0,2,0.0,0.0,8.0,61.0,4.0,5.8264256149413995,0,15.833333333333334,0.28828916181857356,0.024896248783282234,0.44986111687615793,0.0,35.7,7,0.033962264150943396,0.0036730945821854912,0.08944281524926687,0.053881871892163494,0.04029099048684947,0.13333333333333333,0.0449438202247191,0.057692307692307696,0.0868121619100914,0.05889945905614624,0.27169811320754716,0.06379990437485059,Matt Breida,RB,42.7,71.8
00-0033308,2022,REG,0,0,0.0,0,0.0,0.0,0.0,0,0,0.0,0.0,0.0,0.0,0,0.0,0.0,54,220.0,1,0.0,0.0,13.0,0.5888761513342615,0,20,25,118.0,0,0.0,0.0,47.0,100.0,5.0,-1.1878189371415058,0,32.80921855921856,0.7947069189033722,0.20906893799035517,1.338408634948307,0.0,39.800000000000004,17,0.04807692307692308,0.014097180563887222,0.05889281507656066,0.0833931290664944,0.034392305450306034,0.0,0.029411764705882353,0.026737967914438502,0.017196152725153017,0.02751384436024483,0.22692307692307692,0.04396283008880786,Matt Breida,RB,71.8,46.9
00-0033319,2020,REG,211,326,2437.0,12,12.0,19.0,139.0,5,4,2053.0,1239.0,120.0,3.0183690128984786,1,12.389560236680904,0.9263474579336299,9,8.0,0,0.0,0.0,1.0,-2.5453781654359773,0,0,0,0.0,0,0.0,0.0,0.0,0.0,0.0,0.0,0,0.0,0.0,0.0,0.0,0.0,116.28,10,0.0,0.0,0.0,0.0,0.0,0.0,0.0,0.0,0.0,0.0,0.0,0.1221556886227545,Nick Mullens,QB,138.65,11.350000000000001
00-0033319,2021,REG,20,30,147.0,1,0.0,0.0,0.0,0,0,213.0,71.0,9.0,2.1646621113421176,0,0.6901408450704225,0.1089205848023377,0,0.0,0,0.0,0.0,0.0,0.0,0,0,0,0.0,0,0.0,0.0,0.0,0.0,0.0,0.0,0,0.0,0.0,0.0,0.0,0.0,9.879999999999999,1,0.0,0.0,0.0,0.0,0.0,0.0,0.0,0.0,0.0,0.0,0.0,0.15088576664630418,Nick Mullens,QB,11.350000000000001,14.0
00-0033319,2022,REG,21,25,224.0,1,1.0,0.0,0.0,0,0,170.0,117.0,11.0,12.437495140812455,0,4.576254826254827,0.37085885486510217,4,8.0,0,0.0,0.0,1.0,-0.7301603048690595,0,0,0,0.0,0,0.0,0.0,0.0,0.0,0.0,0.0,0,0.0,0.0,0.0,0.0,0.0,11.76,4,0.0,0.0,0.0,0.0,0.0,0.0,0.0,0.0,0.0,0.0,0.0,0.037149355572403335,Nick Mullens,QB,14.0,82.8
00-0033319,2023,REG,100,148,1306.0,7,8.0,12.0,105.0,2,0,1380.0,477.0,57.0,12.29686876892386,0,4.836277016398081,0.5475398387109133,10,25.0,0,0.0,0.0,4.0,-0.023295919862791337,0,0,0,0.0,0,0.0,0.0,0.0,0.0,0.0,0.0,0,0.0,0.0,0.0,0.0,0.0,66.74000000000001,5,0.0,0.0,0.0,0.0,0.0,0.0,0.0,0.0,0.0,0.0,0.0,0.1578374798978337,Nick Mullens,QB,82.8,1.7000000000000002
00-0033338,2020,REG,0,0,0.0,0,0.0,0.0,0.0,0,0,0.0,0.0,0.0,0.0,0,0.0,0.0,0,0.0,0,0.0,0.0,0.0,0.0,0,5,7,53.0,0,0.0,0.0,54.0,10.0,3.0,1.635020989459008,0,4.07085020242915,0.24363044363044362,0.254985380410437,0.5439354317329714,0.0,5.300000000000001,6,0.03398058252427184,0.031652989449003514,0.01763668430335097,0.07629326534561058,0.0390279823269514,0.0,0.04285714285714286,0.039473684210526314,0.0195139911634757,0.03122238586156112,0.25728155339805825,0.021470858000500293,Cethan Carter,TE,10.3,3.6
00-0033357,2020,REG,88,121,928.0,4,2.0,14.0,87.0,3,2,843.0,372.0,45.0,3.3019261373991178,0,8.783423651261986,0.39212656930267886,87,457.0,8,7.0,3.0,34.0,13.420857931373588,0,8,12,98.0,1,0.0,0.0,91.0,35.0,4.0,1.3023991703362303,0,6.355263157894737,0.35345331084591997,0.40384039716357834,0.8128682442833848,0.0,148.62,16,0.022988505747126436,0.02795698924731183,0.018315018315018316,0.05684835001853912,0.024841571609632445,0.03571428571428571,0.020100502512562814,0.022026431718061675,0.03027792866195908,0.0270161144305631,0.18773946360153257,0.09932775240994418,Taysom Hill,QB,167.9,131.5
00-0033357,2021,REG,78,134,978.0,4,5.0,9.0,64.0,1,0,991.0,521.0,43.0,-11.434644389408971,0,8.790342836769046,0.45478293800392144,70,374.0,5,1.0,0.0,26.0,14.291810151895366,0,4,6,52.0,0,0.0,0.0,19.0,50.0,4.0,-2.829543322790414,0,2.6083333333333334,0.20549450549450549,0.04894071213467397,0.34250025673603,0.0,117.72000000000001,12,0.01764705882352941,0.006954612005856516,0.04205214465937763,0.03203427783997933,0.02090032154340836,0.0,0.03361344537815126,0.028368794326241134,0.01045016077170418,0.016720257234726688,0.15294117647058825,0.12676261690029367,Taysom Hill,QB,131.5,148.2
00-0033357,2022,REG,13,19,240.0,2,0.0,2.0,14.0,0,0,254.0,102.0,11.0,12.586181564557638,0,11.859016636957813,0.0,96,575.0,7,1.0,0.0,34.0,18.03726384386477,0,9,13,77.0,2,0.0,0.0,75.0,37.0,5.0,2.5954024618511946,0,5.158585858585859,0.44969490453186106,0.3725946515483025,0.9353586128816033,0.0,136.8,16,0.027600849256900213,0.01846381093057607,0.023963730569948185,0.05617232262981118,0.021294247787610618,0.08695652173913043,0.029940119760479042,0.03684210526315789,0.054125384763370525,0.03442670257791458,0.16348195329087048,0.11452900144535916,Taysom Hill,TE,148.2,144.35
00-0033357,2023,REG,6,11,83.0,1,0.0,2.0,4.0,0,0,126.0,18.0,4.0,1.4584068846306764,0,6.122959183673469,0.0,81,401.0,4,1.0,1.0,26.0,7.237411890945668,0,33,40,291.0,2,0.0,0.0,209.0,133.0,11.0,10.079289468760031,0,29.27146339752359,1.1213969250563054,0.7193366539236783,2.1856310453310326,0.0,110.52000000000001,16,0.06896551724137931,0.04259221520277155,0.07569721115537849,0.1375220480242862,0.07087189478811495,0.07692307692307693,0.05759162303664921,0.059907834101382486,0.07389748585559594,0.07208213121510734,0.5017241379310344,0.09916121989304517,Taysom Hill,QB,144.35,102.55
00-0033367,2020,REG,0,0,0.0,0,0.0,0.0,0.0,0,0,0.0,0.0,0.0,0.0,0,0.0,0.0,1,3.0,0,0.0,0.0,0.0,-0.08845669904258102,0,11,16,101.0,0,0.0,0.0,160.0,33.0,6.0,2.3401165840914473,0,7.15441161093335,0.545141048681568,0.7314810270455432,1.329748291954232,0.0,10.4,9,0.052805280528052806,0.07259528130671507,0.04896142433234421,0.13728414583745127,0.05567805953693495,0.0,0.06,0.05660377358490566,0.027839029768467475,0.04454244762954796,0.3333333333333333,0.03543281011987549,C.J. Board,WR,21.4,9.700000000000001
00-0033367,2021,REG,0,0,0.0,0,0.0,0.0,0.0,0,0,0.0,0.0,0.0,0.0,0,0.0,0.0,1,6.0,0,0.0,0.0,0.0,0.33306310197804123,0,4,6,51.0,0,0.0,0.0,102.0,13.0,3.0,-0.5555203012190759,0,1.9660869565217391,0.166001716001716,0.34076239191328705,0.4875362483418749,0.0,5.7,4,0.04195804195804196,0.07864302235929067,0.03494623655913978,0.1258514808244955,0.047397769516728624,0.0,0.06,0.05660377358490566,0.023698884758364312,0.037918215613382905,0.35664335664335667,0.02964185307419631,C.J. Board,WR,9.700000000000001,1.6
00-0033375,2020,REG,0,0,0.0,0,0.0,0.0,0.0,0,0,0.0,0.0,0.0,0.0,0,0.0,0.0,0,0.0,0,0.0,0.0,0.0,0.0,0,51,79,742.0,6,0.0,0.0,986.0,238.0,33.0,35.336741933326024,0,13.122886222684322,2.583045185638515,3.1302352949500505,6.065732484922807,0.0,110.2,15,0.1533980582524272,0.20898685883849089,0.15782493368700265,0.3972865744494335,0.21664233576642336,0.3333333333333333,0.2,0.21311475409836064,0.27498783454987835,0.23998053527980534,1.4407766990291262,0.13926565874730024,Tim Patrick,WR,161.20000000000002,156.4
00-0033376,2020,REG,0,0,0.0,0,0.0,0.0,0.0,0,0,0.0,0.0,0.0,0.0,0,0.0,0.0,1,-1.0,0,1.0,1.0,0.0,-5.424597322533373,0,9,12,45.0,1,0.0,0.0,1.0,45.0,3.0,1.9168823811924085,0,14.666666666666668,0.47719154105343364,0.013673041421656665,0.7253584405753101,0.0,8.4,8,0.05454545454545454,0.0005417118093174431,0.06008010680907877,0.08225155126563577,0.027339003645200487,0.06666666666666667,0.036585365853658534,0.041237113402061855,0.04700283515593358,0.035204536249493726,0.20454545454545456,0.024283361710441844,Patrick Ricard,RB,25.099999999999998,20.7
00-0033376,2021,REG,0,0,0.0,0,0.0,0.0,0.0,0,0,0.0,0.0,0.0,0.0,0,0.0,0.0,2,4.0,0,0.0,0.0,2.0,0.7127982426900417,0,8,13,63.0,1,0.0,0.0,14.0,45.0,3.0,-3.1700636587047484,0,9.5,0.37127572875049747,0.0495319862629325,0.591585983509799,0.0,12.7,7,0.05439330543933055,0.007242628039317123,0.05928853754940711,0.08738406059044952,0.03721204961606615,0.125,0.037037037037037035,0.0449438202247191,0.08110602480803308,0.05476963969285292,0.26359832635983266,0.03345616757176105,Patrick Ricard,RB,20.7,20.0
00-0033376,2022,REG,0,0,0.0,0,0.0,0.0,0.0,0,0,0.0,0.0,0.0,0.0,0,0.0,0.0,7,16.0,0,0.0,0.0,5.0,-3.4692104411660694,0,11,13,74.0,0,0.0,0.0,2.0,72.0,1.0,-4.760953707753415,0,13.833333333333332,0.5081449760329071,-0.0016264535501886567,0.7610789465642285,0.0,9.0,12,0.03869047619047619,0.0007150518412584912,0.07531380753138076,0.05860775575872108,0.03275785745905268,0.0,0.00980392156862745,0.008620689655172414,0.01637892872952634,0.026206285967242143,0.22023809523809523,0.021923574419573367,Patrick Ricard,RB,20.0,16.2
00-0033376,2023,REG,0,0,0.0,0,0.0,0.0,0.0,0,0,0.0,0.0,0.0,0.0,0,0.0,0.0,0,0.0,0,0.0,0.0,0.0,0.0,0,5,7,52.0,1,0.0,0.0,19.0,35.0,3.0,-2.3055240711546503,0,12.944444444444445,0.27981145663480966,0.08055688457435155,0.47610700415426055,0.0,11.200000000000001,6,0.044585987261146494,0.015151515151515152,0.04247572815533981,0.07900019301293187,0.03289057558507274,0.06666666666666667,0.04285714285714286,0.047058823529411764,0.0497786211258697,0.03964579380139153,0.33121019108280253,0.026832742571305527,Patrick Ricard,RB,16.2,11.2
00-0033386,2020,REG,0,0,0.0,0,0.0,0.0,0.0,0,0,0.0,0.0,0.0,0.0,0,0.0,0.0,0,0.0,0,0.0,0.0,0.0,0.0,0,1,1,12.0,0,0.0,0.0,10.0,2.0,1.0,1.6473786304704845,0,1.2,0.03571428571428571,0.055248618784530384,0.09224546172059983,0.0,1.2000000000000002,1,0.03571428571428571,0.055248618784530384,0.028985507246376812,0.09777032359905288,0.06153846153846154,0.0,0.07142857142857142,0.058823529411764705,0.03076923076923077,0.04923076923076924,0.42857142857142855,0.019963702359346643,Cody Hollister,WR,2.2,7.300000000000001
00-0033386,2021,REG,0,0,0.0,0,0.0,0.0,0.0,0,0,0.0,0.0,0.0,0.0,0,0.0,0.0,0,0.0,0,0.0,0.0,0.0,0.0,0,4,7,33.0,0,0.0,0.0,72.0,17.0,4.0,-1.7773421431193128,0,3.061006289308176,0.2863095238095238,0.3859920117712637,0.6996586939541702,0.0,3.3000000000000003,3,0.08333333333333333,0.14516129032258066,0.07391304347826087,0.24112903225806454,0.07551487414187644,0.0,0.16666666666666666,0.16,0.03775743707093822,0.060411899313501154,0.39285714285714285,0.038324233515329695,Cody Hollister,WR,7.300000000000001,8.4
00-0033387,2020,REG,0,0,0.0,0,0.0,0.0,0.0,0,0,0.0,0.0,0.0,0.0,0,0.0,0.0,0,0.0,0,0.0,0.0,0.0,0.0,0,25,40,209.0,3,0.0,0.0,237.0,80.0,14.0,5.621273990256535,1,17.217081236288553,1.1869883736805298,0.8834394989562966,2.3988902097902023,0.0,40.9,13,0.08528784648187633,0.06108247422680412,0.054570259208731244,0.1767977491042578,0.06183431952662722,0.1,0.07954545454545454,0.0825242718446602,0.08091715976331361,0.06946745562130179,0.44562899786780386,0.05054843905806551,Jacob Hollister,TE,63.9,20.5
00-0033421,2020,REG,0,0,0.0,0,0.0,0.0,0.0,0,0,0.0,0.0,0.0,0.0,0,0.0,0.0,0,0.0,0,0.0,0.0,0.0,0.0,0,0,1,0.0,0,0.0,0.0,12.0,0.0,0.0,-0.6814361801370978,0,0.0,0.045454545454545456,0.05263157894736842,0.10502392344497608,0.0,0.0,1,0.043478260869565216,0.05263157894736842,0.0,0.10732265446224257,0.0,0.0,0.0,0.0,0.0,0.0,0.0,0.0,Antony Auclair,TE,0.0,15.700000000000001
00-0033439,2020,REG,0,0,0.0,0,0.0,0.0,0.0,0,0,0.0,0.0,0.0,0.0,0,0.0,0.0,0,0.0,0,0.0,0.0,0.0,0.0,0,14,16,163.0,2,0.0,0.0,127.0,76.0,9.0,10.921073866717052,0,10.953025947220993,0.4512367135325393,0.42943164153807234,0.9774572193754596,0.0,28.3,8,0.055944055944055944,0.049648162627052385,0.07109448082319925,0.12363461401772582,0.06357254290171607,0.1,0.0782608695652174,0.08148148148148149,0.08178627145085804,0.07085803432137286,0.5699300699300699,0.0491140886607993,Pharaoh Brown,TE,42.300000000000004,38.1
00-0033439,2021,REG,0,0,0.0,0,0.0,0.0,0.0,0,0,0.0,0.0,0.0,0.0,0,0.0,0.0,0,0.0,0,0.0,0.0,0.0,0.0,0,23,34,171.0,0,1.0,1.0,146.0,106.0,6.0,-10.383439970088247,0,29.33132978132978,1.224108584197995,0.6492759034528248,2.2906560087139702,0.0,15.100000000000001,12,0.09631728045325778,0.057435090479937057,0.09671532846715329,0.19042399306383634,0.075,0.0,0.0594059405940594,0.05217391304347826,0.0375,0.06,0.48441926345609065,0.046759941089838,Pharaoh Brown,TE,38.1,23.7
00-0033439,2022,REG,0,0,0.0,0,0.0,0.0,0.0,0,0,0.0,0.0,0.0,0.0,0,0.0,0.0,0,0.0,0,0.0,0.0,0.0,0.0,0,12,20,117.0,0,0.0,0.0,128.0,83.0,6.0,-2.4887456162299766,0,5.159851551956815,0.5836926391954855,0.3937782066901722,1.1511837034763488,0.0,11.700000000000001,7,0.08,0.05906783571758191,0.11942446043165468,0.16725426857406553,0.07335423197492164,0.0,0.08108108108108109,0.07317073170731707,0.03667711598746082,0.05868338557993731,0.468,0.04603729603729604,Pharaoh Brown,TE,23.7,37.800000000000004
00-0033439,2023,REG,0,0,0.0,0,0.0,0.0,0.0,0,0,0.0,0.0,0.0,0.0,0,0.0,0.0,0,0.0,0,0.0,0.0,0.0,0.0,0,13,15,208.0,1,1.0,1.0,104.0,121.0,8.0,5.469753680867143,0,20.406581292804205,0.5247780512241024,0.5769722577333917,1.1910476572495277,0.0,24.800000000000004,9,0.055762081784386616,0.056614044637996734,0.12525879917184266,0.1289343583869773,0.11510791366906475,0.09090909090909091,0.10256410256410256,0.10112359550561797,0.10300850228907783,0.11026814911707,0.7732342007434945,0.058642837196313885,Pharaoh Brown,TE,37.800000000000004,12.5
00-0033455,2020,REG,0,0,0.0,0,0.0,0.0,0.0,0,0,0.0,0.0,0.0,0.0,0,0.0,0.0,0,0.0,0,0.0,0.0,0.0,0.0,0,39,53,387.0,1,0.0,0.0,371.0,143.0,26.0,18.85727188697184,0,15.39457062429359,1.7906211697860233,1.6041379647809821,3.8088283300257224,0.0,44.7,15,0.11830357142857142,0.10037878787878787,0.09923664122137404,0.25775838744588747,0.11041369472182597,0.029411764705882353,0.1368421052631579,0.12053571428571429,0.06991272971385416,0.09421330871863726,0.8638392857142857,0.05538278303447364,Anthony Firkser,TE,90.1,73.10000000000001
00-0033455,2021,REG,0,0,0.0,0,0.0,0.0,0.0,0,0,0.0,0.0,0.0,0.0,0,0.0,0.0,0,0.0,0,0.0,0.0,0.0,0.0,0,34,43,291.0,2,1.0,1.0,250.0,111.0,15.0,10.048556437280958,0,23.826921087934515,1.3947413837329803,1.0577849500302454,2.832561540620642,0.0,39.1,15,0.09188034188034189,0.07295010213014298,0.07133676092544987,0.19618059452462722,0.09090909090909091,0.1,0.08982035928143713,0.09090909090909091,0.09545454545454546,0.09272727272727274,0.6217948717948718,0.05888797589701451,Anthony Firkser,TE,73.10000000000001,19.0
00-0033460,2020,REG,0,0,0.0,0,0.0,0.0,0.0,0,0,0.0,0.0,0.0,0.0,0,0.0,0.0,0,0.0,0,0.0,0.0,0.0,0.0,0,2,7,17.0,0,0.0,0.0,84.0,3.0,1.0,-2.3238688118872233,0,0.27419354838709675,0.1767554479418886,0.2601676269527657,0.4472505107797689,0.0,1.7000000000000002,2,0.07216494845360824,0.10810810810810811,0.014285714285714285,0.19473390916689887,0.03339882121807466,0.0,0.029411764705882353,0.02702702702702703,0.01669941060903733,0.026719056974459726,0.17525773195876287,0.020525907023188728,John Ross,WR,3.7,41.0
00-0033466,2020,REG,1,1,12.0,1,0.0,0.0,0.0,0,0,-5.0,17.0,1.0,2.2947238330962136,0,0.0,0.0,10,9.0,0,0.0,0.0,2.0,-2.158997375459876,0,30,34,282.0,5,0.0,0.0,149.0,190.0,17.0,21.49181298541686,0,43.62685185185185,0.8964526806744393,0.35208369644723436,1.591137608524723,1.0,69.58,15,0.058823529411764705,0.030076705692369803,0.10198604401502952,0.1122966586715429,0.06088082901554404,0.125,0.07296137339055794,0.08058608058608059,0.09294041450777202,0.07370466321243524,0.48788927335640137,0.060469522340567655,Isaiah McKenzie,WR,105.0,67.7
00-0033466,2021,REG,0,0,0.0,0,0.0,0.0,0.0,0,0,0.0,0.0,0.0,0.0,0,0.0,0.0,9,47.0,1,0.0,0.0,4.0,1.9475375540496316,0,20,26,178.0,1,0.0,0.0,157.0,81.0,13.0,16.954948930360842,0,5.923809523809524,0.7115243362178321,0.5386452460953406,1.4443381765934864,0.0,34.5,11,0.05689277899343545,0.041567381519724646,0.07111501316944688,0.11859307370593289,0.05939272605939273,0.045454545454545456,0.07926829268292683,0.07526881720430108,0.052423635756969095,0.05660508993842328,0.38949671772428884,0.04732628215147884,Isaiah McKenzie,WR,67.7,122.80000000000001
00-0033466,2022,REG,0,0,0.0,0,0.0,0.0,0.0,0,0,0.0,0.0,0.0,0.0,0,0.0,0.0,9,55.0,1,0.0,0.0,3.0,2.8509958514478058,0,42,65,423.0,4,0.0,0.0,564.0,128.0,27.0,11.355487141730395,0,14.262151028400028,1.8112420101301994,1.7566302444297648,3.9465041862961345,0.0,77.8,15,0.120817843866171,0.11667356226727348,0.09235209235209235,0.2745656156130753,0.10961388960870692,0.12903225806451613,0.13705583756345177,0.13596491228070176,0.11932307383661153,0.11349756329986876,0.7862453531598513,0.08236733908117103,Isaiah McKenzie,WR,122.80000000000001,20.6
00-0033471,2020,REG,0,0,0.0,0,0.0,0.0,0.0,0,0,0.0,0.0,0.0,0.0,0,0.0,0.0,0,0.0,0,0.0,0.0,0.0,0.0,0,28,44,276.0,0,0.0,0.0,405.0,68.0,18.0,4.657289844949446,0,9.934623609576171,1.1897725736565739,1.4266206323900554,2.7832933031578992,0.0,27.6,9,0.14102564102564102,0.18292682926829268,0.06910569105691057,0.3578799249530957,0.12261217236783652,0.0,0.15789473684210525,0.144,0.06130608618391826,0.09808973789426922,0.8846153846153846,0.06866401560994888,Isaiah Ford,WR,55.6,40.1
00-0033481,2020,REG,0,0,0.0,0,0.0,0.0,0.0,0,0,0.0,0.0,0.0,0.0,0,0.0,0.0,0,0.0,0,0.0,0.0,0.0,0.0,0,1,1,11.0,0,0.0,0.0,1.0,10.0,1.0,0.9683585079037584,0,11.0,0.041666666666666664,0.006024096385542169,0.06671686746987952,0.0,1.1,1,0.04,0.006024096385542169,0.07633587786259542,0.06481927710843373,0.051643192488262914,0.0,0.1111111111111111,0.1,0.025821596244131457,0.041314553990610334,0.44,0.02532561505065123,Marcus Kemp,WR,2.1,4.4
00-0033526,2020,REG,0,0,0.0,0,0.0,0.0,0.0,0,0,0.0,0.0,0.0,0.0,0,0.0,0.0,63,301.0,3,0.0,0.0,16.0,-1.0581203432846076,0,11,12,66.0,0,0.0,0.0,-21.0,89.0,4.0,0.6048980085158724,0,-5.979166666666666,0.31655013312348135,-0.08178556243166571,0.4175753059830561,0.0,54.7,11,0.03208556149732621,-0.0070611970410221925,0.0717741935483871,0.04247938461317156,0.026516673362796304,0.0,0.03225806451612903,0.029197080291970802,0.013258336681398152,0.021213338690237046,0.17647058823529413,0.07595726970033297,Samaje Perine,RB,65.7,98.10000000000001
00-0033526,2021,REG,0,0,0.0,0,0.0,0.0,0.0,0,0,0.0,0.0,0.0,0.0,0,0.0,0.0,55,246.0,1,0.0,0.0,11.0,-6.755318701545761,0,27,31,196.0,1,0.0,0.0,7.0,198.0,9.0,6.5990928642650015,0,-2.1833333333333353,0.9681890985374271,0.012974467065750506,1.4613657747521658,0.0,56.2,15,0.0625,0.0017425939756036844,0.09120221096269,0.09514407518048294,0.044626593806921674,0.03225806451612903,0.04639175257731959,0.044444444444444446,0.03844232916152535,0.04215288794876315,0.3951612903225806,0.055839675700344975,Samaje Perine,RB,98.10000000000001,165.4
00-0033526,2022,REG,0,0,0.0,0,0.0,0.0,0.0,0,0,0.0,0.0,0.0,0.0,0,0.0,0.0,95,394.0,2,0.0,0.0,19.0,-2.9791898886725736,0,38,51,287.0,4,0.0,0.0,12.0,321.0,11.0,6.449811524648913,0,-22.921182983682982,1.404584977838606,-0.0844332694492192,2.0477741781434555,0.0,104.10000000000001,16,0.08360655737704918,0.002875629043853343,0.14937180083759888,0.12771033930065645,0.06349557522123894,0.11428571428571428,0.049773755656108594,0.05859375,0.0888906447534766,0.07365360303413401,0.4704918032786885,0.08795493934142114,Samaje Perine,RB,165.4,121.3
00-0033526,2023,REG,0,0,0.0,0,0.0,0.0,0.0,0,0,0.0,0.0,0.0,0.0,0,0.0,0.0,53,238.0,1,1.0,1.0,14.0,-9.491747709958586,0,50,56,455.0,0,2.0,1.0,-10.0,462.0,23.0,12.1308481818675,0,46.266666666666666,1.9867566341704272,-0.00782944538730207,2.9746543394845295,0.0,71.30000000000001,17,0.10916179337231968,-0.002663825253063399,0.22329627839536006,0.1616116298560288,0.12759394279304542,0.0,0.14935064935064934,0.12637362637362637,0.06379697139652271,0.10207515423443635,0.8869395711500975,0.0916689338290862,Samaje Perine,RB,121.3,84.9
00-0033528,2020,REG,0,0,0.0,0,0.0,0.0,0.0,0,0,0.0,0.0,0.0,0.0,0,0.0,0.0,0,0.0,0,0.0,0.0,0.0,0.0,0,1,3,6.0,0,0.0,0.0,6.0,3.0,0.0,-0.9286658125929534,0,2.0,0.11781609195402298,0.04452662248497698,0.20789277367051837,0.0,0.6000000000000001,3,0.034482758620689655,0.01125703564727955,0.012875536480686695,0.06072976644885812,0.014527845036319613,0.0,0.0,0.0,0.007263922518159807,0.011622276029055691,0.06896551724137931,0.009399600516978027,Jeremy Sprinkle,TE,3.4000000000000004,6.1
00-0033536,2020,REG,0,0,0.0,0,0.0,0.0,0.0,0,0,0.0,0.0,0.0,0.0,0,0.0,0.0,1,1.0,0,0.0,0.0,0.0,-0.7491924888454378,0,48,85,756.0,5,0.0,0.0,1236.0,162.0,35.0,29.817666042266254,0,9.026882761448439,2.319211071934876,4.227518105412086,6.438079281690774,0.0,105.7,14,0.15232974910394265,0.2881790627185824,0.08128449573507275,0.4590378738307799,0.188293897882939,0.19230769230769232,0.1724137931034483,0.17467248908296942,0.19030079509531567,0.18909665676788967,1.3548387096774193,0.10991132723112126,Mike Williams,WR,153.7,244.60000000000002
00-0033536,2021,REG,0,0,0.0,0,0.0,0.0,0.0,0,0,0.0,0.0,0.0,0.0,0,0.0,0.0,0,0.0,0,0.0,0.0,0.0,0.0,0,76,129,1146.0,9,0.0,0.0,1497.0,415.0,51.0,65.61528882257889,1,17.3906956093602,3.2168064517046155,4.737110174438111,8.1411867996636,0.0,170.60000000000002,16,0.20187793427230047,0.310130515848353,0.18837948252383113,0.5509213140871331,0.24497648567764002,0.24324324324324326,0.21518987341772153,0.21897810218978103,0.24410986446044164,0.24462983719076067,1.7934272300469483,0.14459781168275265,Mike Williams,WR,244.60000000000002,176.5
00-0033536,2022,REG,0,0,0.0,0,0.0,0.0,0.0,0,0,0.0,0.0,0.0,0.0,0,0.0,0.0,0,0.0,0,0.0,0.0,0.0,0.0,0,63,93,895.0,4,0.0,0.0,1111.0,324.0,39.0,31.584319500410423,0,11.529273271294754,2.3977374316900346,4.452143357753334,6.713106497962386,0.0,113.5,13,0.17318435754189945,0.31535623048538175,0.16338880484114976,0.5120615207011546,0.23924084469393211,0.2,0.22285714285714286,0.2205128205128205,0.21962042234696605,0.23139267575514572,1.6666666666666667,0.13797254619930582,Mike Williams,WR,176.5,50.2
00-0033536,2023,REG,0,0,0.0,0,0.0,0.0,0.0,0,0,0.0,0.0,0.0,0.0,0,0.0,0.0,1,3.0,0,0.0,0.0,0.0,-0.29056908283382654,0,19,26,249.0,1,0.0,0.0,307.0,108.0,9.0,12.852714901445927,0,2.7425595238095237,0.6612903225806451,0.8854126720509067,1.6117243543066024,0.0,31.200000000000003,3,0.21311475409836064,0.3021653543307087,0.23580786026200873,0.5614044146121079,0.2520242914979757,0.14285714285714285,0.1956521739130435,0.18867924528301888,0.1974407171775593,0.23019086176980919,2.040983606557377,0.14272716933924712,Mike Williams,WR,50.2,61.5
00-0033537,2022,REG,99,170,1102.0,7,5.0,20.0,106.0,0,0,1214.0,530.0,53.0,-23.890652044285634,0,6.11014187999408,0.1568015097935062,36,175.0,1,1.0,0.0,10.0,6.220824425690807,0,0,0,0.0,0,0.0,0.0,0.0,0.0,0.0,0.0,0,0.0,0.0,0.0,0.0,0.0,85.58,6,0.0,0.0,0.0,0.0,0.0,0.0,0.0,0.0,0.0,0.0,0.0,0.2126316835619161,Deshaun Watson,QB,96.6,91.95
00-0033537,2023,REG,105,171,1115.0,7,4.0,17.0,85.0,3,1,1593.0,499.0,52.0,-18.950161800698037,0,3.897314904238916,0.3016312596927817,26,142.0,1,1.0,1.0,10.0,6.778375105540554,3,0,0,0.0,0,0.0,0.0,0.0,0.0,0.0,0.0,0,0.0,0.0,0.0,0.0,0.0,86.8,6,0.0,0.0,0.0,0.0,0.0,0.0,0.0,0.0,0.0,0.0,0.0,0.1731429027367749,Deshaun Watson,QB,91.95,86.2
00-0033550,2021,REG,0,0,0.0,0,0.0,0.0,0.0,0,0,0.0,0.0,0.0,0.0,0,0.0,0.0,2,-3.0,0,0.0,0.0,0.0,0.0,0,0,0,0.0,0,0.0,0.0,0.0,0.0,0.0,0.0,0,0.0,0.0,0.0,0.0,0.0,-0.30000000000000004,1,0.0,0.0,0.0,0.0,0.0,0.0,0.0,0.0,0.0,0.0,0.0,-0.002378309814491835,Davis Webb,QB,-0.30000000000000004,22.5
00-0033553,2020,REG,0,0,0.0,0,0.0,0.0,0.0,0,0,0.0,0.0,0.0,0.0,0,0.0,0.0,169,721.0,6,2.0,0.0,42.0,0.9517833224833847,0,35,43,215.0,0,0.0,0.0,-7.0,233.0,10.0,-3.240543892794798,0,2.5553221288515395,1.0938313634613586,-0.03921777718474406,1.6132946011627167,0.0,129.6,13,0.08365758754863813,-0.001853813559322034,0.13852556480380498,0.12400333047549957,0.06345926800472255,0.0,0.05847953216374269,0.04950495049504951,0.03172963400236128,0.05076741440377805,0.4182879377431907,0.12730872753147912,James Conner,RB,182.3,267.1
00-0033553,2021,REG,0,0,0.0,0,0.0,0.0,0.0,0,0,0.0,0.0,0.0,0.0,0,0.0,0.0,202,752.0,15,2.0,0.0,53.0,-3.6518716434722105,0,37,39,375.0,3,0.0,0.0,11.0,382.0,18.0,25.128244514518883,0,-45.91746031746032,1.1489278397638294,-0.001427305750003452,1.7223926456207417,0.0,220.7,15,0.07662082514734773,0.002898550724637681,0.1902390438247012,0.11725007830073174,0.09173189823874756,0.125,0.09473684210526316,0.09813084112149532,0.10836594911937378,0.09838551859099806,0.7367387033398821,0.1763956958628809,James Conner,RB,267.1,200.2
00-0033553,2022,REG,0,0,0.0,0,0.0,0.0,0.0,0,0,0.0,0.0,0.0,0.0,0,0.0,0.0,183,782.0,7,3.0,1.0,48.0,-2.4749081489712434,0,46,58,300.0,1,0.0,0.0,-47.0,376.0,13.0,-6.053288363213287,0,-28.490309106098582,1.5161727000361789,-0.1985313426496888,2.135287110199486,0.0,154.2,13,0.11005692599620494,-0.013102871480345692,0.24769433465085638,0.15460309181003085,0.09983361064891846,0.08333333333333333,0.08843537414965986,0.0880503144654088,0.0915834719911259,0.09653355518580144,0.5692599620493358,0.18623255813953488,James Conner,RB,200.2,201.5
00-0033553,2023,REG,0,0,0.0,0,0.0,0.0,0.0,0,0,0.0,0.0,0.0,0.0,0,0.0,0.0,208,1040.0,7,0.0,0.0,57.0,13.943058458103696,0,27,33,165.0,2,0.0,0.0,-23.0,221.0,11.0,4.21923359669745,0,-24.886904761904763,1.033480772122968,-0.13075691120899607,1.4586913203381549,0.0,174.5,13,0.07801418439716312,-0.007160647571606476,0.15842293906810037,0.1112927585384595,0.0593738754947823,0.125,0.07913669064748201,0.08387096774193549,0.09218693774739115,0.07249910039582584,0.3900709219858156,0.18303871518630888,James Conner,RB,201.5,249.8
00-0033555,2020,REG,0,0,0.0,0,0.0,0.0,0.0,0,0,0.0,0.0,0.0,0.0,0,0.0,0.0,0,0.0,0,0.0,0.0,0.0,0.0,0,16,25,176.0,1,1.0,1.0,240.0,29.0,7.0,-0.6995793714394618,0,6.784126984126984,0.6876695108579661,0.961006989700418,1.7042091590772417,0.0,21.6,9,0.07396449704142012,0.09198926791874282,0.029411764705882353,0.18453815989712447,0.07652173913043478,0.07692307692307693,0.05785123966942149,0.05970149253731343,0.07672240802675585,0.07660200668896322,0.5207100591715976,0.0468711044627275,Mack Hollins,WR,37.6,60.3
00-0033555,2021,REG,0,0,0.0,0,0.0,0.0,0.0,0,0,0.0,0.0,0.0,0.0,0,0.0,0.0,0,0.0,0,0.0,0.0,0.0,0.0,0,14,28,223.0,4,0.0,0.0,425.0,41.0,11.0,13.542832518130204,0,4.748291852626218,0.774057627502678,1.6964618193656968,2.3486097148100047,0.0,46.3,13,0.060215053763440864,0.12547977561263654,0.028995756718528994,0.19070640113527054,0.07106437221159974,0.2222222222222222,0.06666666666666667,0.08196721311475409,0.14664329721691097,0.10129594221372423,0.47956989247311826,0.05553406641984858,Mack Hollins,WR,60.3,154.20000000000002
00-0033555,2022,REG,1,1,4.0,0,0.0,0.0,0.0,0,0,-6.0,10.0,0.0,0.05114959494676441,0,0.0,0.0,4,40.0,0,0.0,0.0,2.0,2.158991231932305,0,57,94,690.0,4,0.0,0.0,1196.0,192.0,34.0,31.43468787536654,0,13.086755524804664,2.8622195419465677,3.8065229787353276,6.95789539803458,0.0,97.16000000000001,17,0.16040955631399317,0.22317596566523606,0.10786516853932585,0.4191551070031786,0.1649928263988522,0.14285714285714285,0.17616580310880828,0.17194570135746606,0.15392498462799753,0.16056568969051035,1.1774744027303754,0.10543161580653544,Mack Hollins,WR,154.20000000000002,43.1
00-0033555,2023,REG,0,0,0.0,0,0.0,0.0,0.0,0,0,0.0,0.0,0.0,0.0,0,0.0,0.0,0,0.0,0,0.0,0.0,0.0,0.0,0,18,30,251.0,0,0.0,0.0,375.0,55.0,9.0,9.698308007929825,0,8.0476358088102,0.975811460641182,1.73690086891691,2.6795477992036103,0.0,25.1,9,0.0949367088607595,0.14029180695847362,0.055499495459132187,0.25463850885791817,0.11091471498011489,0.0,0.08108108108108109,0.075,0.055457357490057445,0.08873177198409192,0.7943037974683544,0.05833626593757613,Mack Hollins,WR,43.1,120.2
00-0033572,2020,REG,0,1,0.0,0,0.0,0.0,0.0,0,0,15.0,0.0,0.0,-0.4681624989025295,0,0.0,0.0,6,33.0,0,0.0,0.0,3.0,-1.7704623088939115,0,13,20,89.0,0,0.0,0.0,97.0,101.0,4.0,-5.324974207825944,0,1.1998288403936672,0.5981053300820682,0.4026806782435322,1.1790344698935749,1.0,18.200000000000003,13,0.042283298097251586,0.023968371633308623,0.0678763440860215,0.08259964445252427,0.02526256031791087,0.0,0.022598870056497175,0.02040816326530612,0.012631280158955436,0.0202100482543287,0.18816067653276955,0.02667076986203006,Jamal Agnew,WR,25.200000000000003,70.0
00-0033572,2021,REG,0,0,0.0,0,0.0,0.0,0.0,0,0,0.0,0.0,0.0,0.0,0,0.0,0.0,7,111.0,1,0.0,0.0,3.0,8.058190224110149,0,24,39,229.0,1,0.0,0.0,291.0,118.0,14.0,6.6560543235795775,0,7.465344325295977,1.0913873163873165,1.105233719677426,2.410744578355173,2.0,58.0,9,0.1270358306188925,0.11829268292682926,0.1403091557669441,0.2851878922698022,0.1243213897937025,0.2,0.15730337078651685,0.1595744680851064,0.16216069489685125,0.139457111834962,0.745928338762215,0.12717516051986724,Jamal Agnew,WR,70.0,70.2
00-0033572,2022,REG,0,0,0.0,0,0.0,0.0,0.0,0,0,0.0,0.0,0.0,0.0,0,0.0,0.0,12,86.0,0,0.0,0.0,6.0,6.083855954842875,0,23,30,187.0,3,0.0,0.0,178.0,125.0,9.0,6.7310157297821,1,8.410153958944282,0.9311482444863765,0.7560624314754816,1.9259660687624016,0.0,47.3,14,0.061224489795918366,0.05043921790875602,0.07122507122507123,0.13218810902088235,0.05389048991354467,0.13043478260869565,0.05142857142857143,0.06060606060606061,0.09216263626112016,0.06919934845257487,0.3816326530612245,0.0563165905631659,Jamal Agnew,WR,70.2,40.300000000000004
00-0033576,2020,REG,0,0,0.0,0,0.0,0.0,0.0,0,0,0.0,0.0,0.0,0.0,0,0.0,0.0,0,0.0,0,0.0,0.0,0.0,0.0,0,3,4,16.0,0,0.0,0.0,13.0,7.0,0.0,-4.740323364851065,0,5.25,0.10010143747077545,0.03950328547786175,0.17780445604066641,0.0,1.6,4,0.022857142857142857,0.009052924791086351,0.019178082191780823,0.04152805411858337,0.016753926701570682,0.0,0.0,0.0,0.008376963350785341,0.013403141361256546,0.09142857142857143,0.01539491298527443,Eric Saubert,TE,4.6,18.700000000000003
00-0033576,2021,REG,0,0,0.0,0,0.0,0.0,0.0,0,0,0.0,0.0,0.0,0.0,0,0.0,0.0,0,0.0,0,0.0,0.0,0.0,0.0,0,8,12,47.0,1,0.0,0.0,40.0,29.0,2.0,-0.5281541799777187,0,9.351851851851851,0.34415325308867506,0.12156378482793986,0.6013245290125705,0.0,10.7,7,0.05150214592274678,0.02044989775051125,0.03615960099750624,0.09361313708452917,0.02665910380034033,0.08333333333333333,0.023255813953488372,0.030612244897959183,0.05499621856683683,0.03799394970693893,0.2017167381974249,0.029438619690815782,Eric Saubert,TE,18.700000000000003,35.8
00-0033576,2022,REG,0,0,0.0,0,0.0,0.0,0.0,0,0,0.0,0.0,0.0,0.0,0,0.0,0.0,0,0.0,0,0.0,0.0,0.0,0.0,0,15,24,148.0,1,0.0,0.0,202.0,75.0,6.0,-2.877889098607665,0,11.297301996249365,0.7173391991020062,0.8689751126464358,1.6842913775055144,0.0,20.8,11,0.060453400503778336,0.06491002570694088,0.049439683586025046,0.1426081213212202,0.05493689680772086,0.09090909090909091,0.05309734513274336,0.056451612903225805,0.0729229938584059,0.062131335627994874,0.37279596977329976,0.04100989736070381,Eric Saubert,TE,35.8,4.2
00-0033576,2023,REG,0,0,0.0,0,0.0,0.0,0.0,0,0,0.0,0.0,0.0,0.0,0,0.0,0.0,0,0.0,0,0.0,0.0,0.0,0.0,0,3,3,12.0,0,0.0,0.0,6.0,6.0,1.0,0.5324909845367074,0,2.25,0.10775664001470453,0.013584332704648707,0.1711439929153109,0.0,1.2,3,0.03488372093023256,0.008379888268156424,0.015424164524421594,0.05902949200987397,0.015604681404421327,0.0,0.03333333333333333,0.029411764705882353,0.007802340702210663,0.012483745123537062,0.13953488372093023,0.017027487229384578,Eric Saubert,TE,4.2,26.7
00-0033589,2020,REG,0,0,0.0,0,0.0,0.0,0.0,0,0,0.0,0.0,0.0,0.0,0,0.0,0.0,8,61.0,0,0.0,0.0,4.0,5.110312063712627,0,35,47,417.0,6,0.0,0.0,416.0,169.0,18.0,25.611138898638462,0,21.970102339181288,1.4334732897935059,1.4515105928291037,3.166267349670631,0.0,83.80000000000001,16,0.08348134991119005,0.0860570955730244,0.09179793590439979,0.19406770132520462,0.09823321554770319,0.15,0.08333333333333333,0.09375,0.12411660777385158,0.10858657243816255,0.7406749555950266,0.07246553617177016,David Moore,WR,120.30000000000001,0.0
00-0033589,2023,REG,0,0,0.0,0,0.0,0.0,0.0,0,0,0.0,0.0,0.0,0.0,0,0.0,0.0,0,0.0,0,0.0,0.0,0.0,0.0,0,5,7,94.0,1,0.0,0.0,49.0,62.0,3.0,2.777235616638791,0,12.066666666666666,0.23302268941868498,0.2037779109938812,0.4921785718237443,0.0,15.4,6,0.03723404255319149,0.0325149303251493,0.08869814020028613,0.08186300808990668,0.06469373709566414,0.08333333333333333,0.04411764705882353,0.05,0.07401353521449874,0.06842165634319798,0.5,0.04026686668508942,David Moore,WR,37.1,85.10000000000001
00-0033591,2020,REG,0,0,0.0,0,0.0,0.0,0.0,0,0,0.0,0.0,0.0,0.0,0,0.0,0.0,1,4.0,0,0.0,0.0,0.0,-0.18137425696477294,0,14,24,154.0,0,0.0,0.0,247.0,47.0,6.0,6.376197339218726,0,6.661656455552274,0.5763848299648339,0.8574907465562059,1.464820767536595,0.0,15.8,9,0.05896805896805897,0.0810101672679567,0.03552532123960695,0.15326022226645383,0.05511811023622047,0.0,0.041379310344827586,0.037037037037037035,0.027559055118110236,0.04409448818897638,0.3783783783783784,0.03130054828477197,Noah Brown,WR,29.8,34.4
00-0033591,2021,REG,0,0,0.0,0,0.0,0.0,0.0,0,0,0.0,0.0,0.0,0.0,0,0.0,0.0,0,0.0,0,0.0,0.0,0.0,0.0,0,16,25,184.0,0,0.0,0.0,227.0,68.0,6.0,0.19712335924850777,0,10.520300267108778,0.6246492796007215,0.6675379822194146,1.4042505069546725,0.0,18.400000000000002,9,0.07042253521126761,0.073296738779464,0.05501618122977346,0.16427119384047262,0.06703096539162114,0.0,0.04580152671755725,0.040268456375838924,0.03351548269581057,0.05362477231329691,0.5183098591549296,0.0361800588977703,Noah Brown,WR,34.4,122.4
00-0033591,2022,REG,0,0,0.0,0,0.0,0.0,0.0,0,0,0.0,0.0,0.0,0.0,0,0.0,0.0,0,0.0,0,0.0,0.0,0.0,0.0,0,43,74,555.0,3,1.0,1.0,800.0,128.0,25.0,-2.5797449333169062,0,12.18448534591861,2.335821584480121,3.086830675440398,5.66451384952846,0.0,71.5,15,0.14829659318637275,0.2035105571101501,0.08596373404969779,0.3852533354676792,0.16323529411764706,0.125,0.15060240963855423,0.14736842105263157,0.14411764705882352,0.15558823529411764,1.1122244488977955,0.08849215549887936,Noah Brown,WR,122.4,101.60000000000001
00-0033591,2023,REG,0,0,0.0,0,0.0,0.0,0.0,0,0,0.0,0.0,0.0,0.0,0,0.0,0.0,1,-1.0,0,0.0,0.0,0.0,-1.1092690661523945,0,33,55,567.0,2,0.0,0.0,658.0,223.0,24.0,21.82116976229356,0,6.960359495576887,1.6658509978404872,2.2204296841636904,4.053077275675314,0.0,68.60000000000001,10,0.15759312320916904,0.2222222222222222,0.2014453477868112,0.41416746259153137,0.23171230077646096,0.15384615384615385,0.20168067226890757,0.19696969696969696,0.19277922731130742,0.21613907139039956,1.6246418338108883,0.1246656359665268,Noah Brown,WR,101.60000000000001,86.30000000000001
00-0033594,2020,REG,0,0,0.0,0,0.0,0.0,0.0,0,0,0.0,0.0,0.0,0.0,0,0.0,0.0,141,681.0,5,1.0,0.0,43.0,16.84980487272697,0,37,46,287.0,4,0.0,0.0,61.0,257.0,14.0,-12.369180925685214,0,31.188496732026145,1.4171790823897303,0.17418675456259797,2.2476993517784143,0.0,150.8,12,0.10952380952380952,0.01676284693597142,0.19410876132930513,0.17769599183449142,0.09114004445855828,0.125,0.0875,0.09375,0.10807002222927914,0.09791203556684663,0.6833333333333333,0.15067877659745177,Chris Carson,RB,197.0,48.1
00-0033611,2020,REG,0,0,0.0,0,0.0,0.0,0.0,0,0,0.0,0.0,0.0,0.0,0,0.0,0.0,0,0.0,0,0.0,0.0,0.0,0.0,0,0,1,0.0,0,0.0,0.0,7.0,0.0,0.0,-0.5332070263102651,0,0.0,0.038461538461538464,0.043478260869565216,0.08812709030100335,0.0,0.0,1,0.038461538461538464,0.043478260869565216,0.0,0.09247491638795988,0.0,0.0,0.0,0.0,0.0,0.0,0.0,0.0,Ricky Seals-Jones,TE,0.0,69.10000000000001
00-0033658,2020,REG,0,0,0.0,0,0.0,0.0,0.0,0,0,0.0,0.0,0.0,0.0,0,0.0,0.0,0,0.0,0,0.0,0.0,0.0,0.0,0,1,1,12.0,0,0.0,0.0,12.0,0.0,1.0,0.9156609246274456,0,1.0,0.02702702702702703,0.046875,0.07335304054054054,0.0,1.2000000000000002,1,0.02564102564102564,0.04240282685512368,0.0,0.0723837999456374,0.045112781954887216,0.0,0.07142857142857142,0.06666666666666667,0.022556390977443608,0.03609022556390978,0.3076923076923077,0.023954703832752614,Blake Jarwin,TE,2.2,32.6
00-0033662,2021,REG,30,47,422.0,3,1.0,3.0,19.0,1,1,424.0,207.0,18.0,8.025694479129601,0,14.364013266998342,0.03636572623385869,9,-8.0,0,0.0,0.0,0.0,-0.6177260712720454,0,0,0,0.0,0,0.0,0.0,0.0,0.0,0.0,0.0,0,0.0,0.0,0.0,0.0,0.0,24.08,4,0.0,0.0,0.0,0.0,0.0,0.0,0.0,0.0,0.0,0.0,0.0,0.04546999509044903,Cooper Rush,QB,28.3,67.15
00-0033662,2022,REG,94,162,1051.0,5,3.0,7.0,49.0,2,0,1247.0,455.0,52.0,-9.40141764110182,0,5.073308998810486,0.4156372615366917,9,6.0,0,0.0,0.0,1.0,-3.2891339077396897,0,0,0,0.0,0,0.0,0.0,0.0,0.0,0.0,0.0,0,0.0,0.0,0.0,0.0,0.0,56.64,8,0.0,0.0,0.0,0.0,0.0,0.0,0.0,0.0,0.0,0.0,0.0,0.10055746901963569,Cooper Rush,QB,67.15,4.7
00-0033662,2023,REG,18,24,144.0,0,1.0,1.0,8.0,0,0,215.0,80.0,7.0,-5.2399477475692215,0,11.486082995951417,0.13267692710045703,12,-5.0,0,0.0,0.0,1.0,-5.685892370471265,0,0,0,0.0,0,0.0,0.0,0.0,0.0,0.0,0.0,0,0.0,0.0,0.0,0.0,0.0,3.2600000000000002,7,0.0,0.0,0.0,0.0,0.0,0.0,0.0,0.0,0.0,0.0,0.0,0.004454282122752364,Cooper Rush,QB,4.7,126.00000000000001
00-0033681,2020,REG,0,0,0.0,0,0.0,0.0,0.0,0,0,0.0,0.0,0.0,0.0,0,0.0,0.0,1,2.0,0,0.0,0.0,0.0,-0.4680304585490376,0,55,88,642.0,5,0.0,0.0,957.0,174.0,34.0,27.025060365026768,0,13.954317626506722,2.388568040252758,3.1531759186168413,5.790075203410925,1.0,100.39999999999999,16,0.14285714285714285,0.19699464800329353,0.10259433962264151,0.3718814326883491,0.16232616940581543,0.2,0.16585365853658537,0.16956521739130434,0.1811630847029077,0.16986093552465237,1.0422077922077921,0.11338100102145048,Keelan Cole,WR,149.4,78.9
00-0033681,2021,REG,0,1,0.0,0,0.0,0.0,0.0,0,0,8.0,0.0,0.0,-0.7408587794052437,0,0.0,0.0,0,0.0,0,0.0,0.0,0.0,0.0,0,28,51,449.0,1,0.0,0.0,686.0,85.0,20.0,8.228594383905822,0,11.236068031200574,1.4863660935307523,2.875659388605892,4.242510712320253,0.0,50.900000000000006,14,0.10303030303030303,0.20301864456939922,0.04979496192149971,0.3169603702009739,0.13751914241960184,0.0625,0.12195121951219512,0.11666666666666667,0.10000957120980092,0.12251531393568148,0.907070707070707,0.0714609183950729,Keelan Cole,WR,78.9,30.1
00-0033699,2020,REG,0,0,0.0,0,0.0,0.0,0.0,0,0,0.0,0.0,0.0,0.0,0,0.0,0.0,116,530.0,1,1.0,0.0,26.0,-9.872815974796051,0,54,65,403.0,2,0.0,0.0,-78.0,473.0,20.0,12.726700321200665,0,-17.066666666666666,1.57757305068157,-0.26268148338552666,2.1824825376524863,0.0,111.30000000000001,10,0.17015706806282724,-0.027967013266403728,0.3298465829846583,0.23286199148111786,0.1451729106628242,0.14285714285714285,0.145985401459854,0.1456953642384106,0.1440150267599835,0.14470975710168793,1.0549738219895288,0.17951001259719387,Austin Ekeler,RB,165.3,339.8
00-0033699,2021,REG,0,0,0.0,0,0.0,0.0,0.0,0,0,0.0,0.0,0.0,0.0,0,0.0,0.0,206,911.0,12,0.0,0.0,53.0,-1.0015907277993392,1,70,94,647.0,8,4.0,3.0,171.0,627.0,31.0,-1.7168062682961875,1,-54.61257007882979,2.4079077007237166,0.6087022723450394,4.037953141727103,0.0,273.8,16,0.14710485133020346,0.035425730267246734,0.28461189287335453,0.24899786120910258,0.13830696879008123,0.21621621621621623,0.1308016877637131,0.14233576642335766,0.1772615925031487,0.15388881827530823,1.0125195618153364,0.20159256957230476,Austin Ekeler,RB,339.8,391.0
00-0033699,2022,REG,0,0,0.0,0,0.0,0.0,0.0,0,0,0.0,0.0,0.0,0.0,0,0.0,0.0,204,915.0,13,3.0,2.0,46.0,-2.574200863173674,0,107,127,722.0,5,2.0,1.0,-101.0,857.0,37.0,12.586065592543006,0,-36.06825396825397,3.0160049919729626,-0.46262314088142575,4.200171289342446,0.0,265.7,17,0.17862165963431786,-0.022340190223401904,0.3358150470219436,0.2500603372727553,0.1506992277186391,0.19230769230769232,0.15948275862068967,0.16279069767441862,0.17150346001316571,0.15902092063644976,1.0154711673699015,0.22863066975842564,Austin Ekeler,RB,391.0,185.4
00-0033699,2023,REG,0,0,0.0,0,0.0,0.0,0.0,0,0,0.0,0.0,0.0,0.0,0,0.0,0.0,179,628.0,5,3.0,2.0,34.0,-41.1234789901547,0,51,74,436.0,1,2.0,2.0,-82.0,533.0,21.0,-13.322743022098864,0,-22.915739041025084,2.0597655235259276,-0.45439316865503365,2.771573067230368,0.0,134.4,14,0.14258188824662812,-0.02239213544511196,0.3037037037037037,0.19595912401385263,0.12876550502067335,0.058823529411764705,0.12962962962962962,0.12290502793296089,0.09379451721621904,0.11477710989889163,0.8400770712909441,0.1632559613962171,Austin Ekeler,RB,185.4,159.6
00-0033720,2020,REG,0,0,0.0,0,0.0,0.0,0.0,0,0,0.0,0.0,0.0,0.0,0,0.0,0.0,0,0.0,0,0.0,0.0,0.0,0.0,0,1,2,7.0,1,0.0,0.0,6.0,0.0,1.0,0.8301298317383043,0,1.0,0.07417582417582418,0.03212432778185781,0.13375076571103672,0.0,6.7,2,0.03636363636363636,0.014563106796116505,0.0,0.06619593998234774,0.021406727828746176,0.3333333333333333,0.0625,0.10526315789473684,0.17737003058103976,0.0837920489296636,0.12727272727272726,0.05461767626613705,Colin Thompson,TE,7.7,0.0
00-0033725,2020,REG,0,0,0.0,0,0.0,0.0,0.0,0,0,0.0,0.0,0.0,0.0,0,0.0,0.0,21,75.0,1,0.0,0.0,3.0,-2.49004258424975,0,5,6,25.0,0,0.0,0.0,-10.0,32.0,2.0,-0.8252911531017162,0,7.333333333333332,0.1834151270652532,-0.02770183745793502,0.25573140437732533,0.0,16.0,8,0.019736842105263157,-0.0037678975131876413,0.04526166902404526,0.02659094514734462,0.01447596988998263,0.0,0.023809523809523808,0.02127659574468085,0.007237984944991315,0.011580775911986104,0.08223684210526316,0.03355275771713428,Corey Clement,RB,21.0,28.9
00-0033725,2021,REG,0,0,0.0,0,0.0,0.0,0.0,0,0,0.0,0.0,0.0,0.0,0,0.0,0.0,33,140.0,0,0.0,0.0,7.0,-4.944279069779441,0,6,7,29.0,1,0.0,0.0,12.0,17.0,1.0,-1.8718156907620562,0,4.0,0.22444222444222445,0.05112377334599557,0.37244997800553353,0.0,22.9,5,0.041176470588235294,0.00894187779433681,0.02635658914728682,0.0689182081178224,0.01971447994561523,0.0625,0.013888888888888888,0.022727272727272728,0.041107239972807616,0.028271583956492184,0.17058823529411765,0.04718829599634249,Corey Clement,RB,28.9,21.9
00-0033733,2020,REG,1,1,15.0,0,0.0,0.0,0.0,0,0,15.0,0.0,1.0,0.8680690744658932,0,1.0,0.0,2,-4.0,0,0.0,0.0,0.0,-2.9271544193616137,0,53,79,419.0,6,1.0,0.0,444.0,164.0,24.0,13.441710953846389,1,17.7836995501021,2.329482360540343,1.6089234890770052,4.620469983164418,0.0,80.1,16,0.13210702341137123,0.0828822101922718,0.1106612685560054,0.2644663032708743,0.11239270386266094,0.2727272727272727,0.13559322033898305,0.1507537688442211,0.19255998829496682,0.1444596176355833,0.7006688963210702,0.0988400588139193,Greg Ward,WR,131.25,34.6
00-0033757,2020,REG,0,0,0.0,0,0.0,0.0,0.0,0,0,0.0,0.0,0.0,0.0,0,0.0,0.0,0,0.0,0,0.0,0.0,0.0,0.0,0,52,59,586.0,11,0.0,0.0,457.0,223.0,33.0,43.79369479993515,0,22.51816667785217,1.8899591574148917,1.8447634401160409,4.126273144203566,0.0,124.6,15,0.12240663900414937,0.12206196581196581,0.10654562828475872,0.2812595311557967,0.14891994917407878,0.25,0.1658291457286432,0.18106995884773663,0.1994599745870394,0.169135959339263,1.2157676348547717,0.11017530725559922,Robert Tonyan,TE,198.8,50.4
00-0033757,2021,REG,0,0,0.0,0,0.0,0.0,0.0,0,0,0.0,0.0,0.0,0.0,0,0.0,0.0,0,0.0,0,0.0,0.0,0.0,0.0,0,18,29,204.0,2,0.0,0.0,262.0,104.0,10.0,10.811656699598128,0,10.805674160054853,0.9259258346544874,1.2150541934440018,2.239426687392532,0.0,32.4,8,0.10943396226415095,0.1191992720655141,0.104,0.2595103610486377,0.10397553516819572,0.11764705882352941,0.0970873786407767,0.1,0.11081129699586256,0.10670983989926246,0.769811320754717,0.06930883687670177,Robert Tonyan,TE,50.4,112.0
00-0033757,2022,REG,0,0,0.0,0,0.0,0.0,0.0,0,0,0.0,0.0,0.0,0.0,0,0.0,0.0,0,0.0,0,0.0,0.0,0.0,0.0,0,53,67,470.0,2,0.0,0.0,390.0,230.0,19.0,3.8618942636649485,0,17.744087221238008,2.035336817354806,1.4250793873910612,4.050560797205952,0.0,59.0,17,0.11900532859680284,0.08709245198749442,0.11442786069651742,0.2481819544851998,0.12082262210796915,0.07407407407407407,0.10215053763440861,0.09859154929577464,0.09744834809102161,0.11147291250119015,0.8348134991119005,0.07799986071453444,Robert Tonyan,TE,112.0,22.2
00-0033839,2020,REG,0,0,0.0,0,0.0,0.0,0.0,0,0,0.0,0.0,0.0,0.0,0,0.0,0.0,0,0.0,0,0.0,0.0,0.0,0.0,0,1,1,4.0,0,0.0,0.0,4.0,0.0,0.0,-0.041800702281761914,0,1.0,0.023809523809523808,0.012779552715654952,0.04465997261524418,0.0,0.4,1,0.023809523809523808,0.012779552715654952,0.0,0.04593792788680967,0.014545454545454545,0.0,0.0,0.0,0.0,0.0,0.09523809523809523,0.016726403823178016,Dede Westbrook,WR,1.4,16.8
00-0033854,2020,REG,0,0,0.0,0,0.0,0.0,0.0,0,0,0.0,0.0,0.0,0.0,0,0.0,0.0,32,145.0,0,0.0,0.0,6.0,-3.9531414980010595,0,10,20,54.0,0,0.0,0.0,17.0,63.0,4.0,-13.996855522505939,0,0.9761904761904763,0.5395441670139354,0.05594742390293238,0.8484794472529558,0.0,19.900000000000002,7,0.07246376811594203,0.008068343616516375,0.10227272727272728,0.11515032706712615,0.03459320948110186,0.0,0.047058823529411764,0.0425531914893617,0.01729660474055093,0.027674567584881488,0.1956521739130435,0.05746242841219202,Dare Ogunbowale,RB,29.9,50.1
00-0033854,2021,REG,0,0,0.0,0,0.0,0.0,0.0,0,0,0.0,0.0,0.0,0.0,0,0.0,0.0,43,137.0,1,0.0,0.0,5.0,-9.352211868853061,0,13,21,114.0,1,0.0,0.0,31.0,100.0,3.0,-1.1754501754767261,0,12.8992673992674,0.6263065083187034,0.11947638176801056,1.0230932297156625,0.0,37.1,10,0.058823529411764705,0.011384502387073081,0.10131712259371833,0.09734289602730552,0.05132823052678973,0.16666666666666666,0.02702702702702703,0.03418803418803419,0.10899744859672819,0.07439591775476512,0.31932773109243695,0.0696181424045356,Dare Ogunbowale,RB,50.1,48.7
00-0033854,2022,REG,0,0,0.0,0,0.0,0.0,0.0,0,0,0.0,0.0,0.0,0.0,0,0.0,0.0,42,123.0,1,0.0,0.0,10.0,-6.272083778888103,0,20,26,104.0,0,0.0,0.0,-11.0,124.0,5.0,-12.237651202012785,0,0.9888888888888883,0.7129796619928199,-0.030513433498291394,1.0481100895404258,0.0,28.7,11,0.06649616368286446,-0.003688799463447351,0.0985691573926868,0.0967932059535388,0.04262295081967213,0.0,0.04672897196261682,0.041666666666666664,0.021311475409836064,0.0340983606557377,0.2659846547314578,0.06277391080175304,Dare Ogunbowale,RB,48.7,10.3
00-0033854,2023,REG,0,0,0.0,0,0.0,0.0,0.0,0,0,0.0,0.0,0.0,0.0,0,0.0,0.0,8,35.0,0,0.0,0.0,2.0,-2.0045381444233454,0,2,7,18.0,0,0.0,0.0,31.0,5.0,0.0,-10.043784208130091,0,2.2,0.20302287581699346,0.10221553139292382,0.37608518570053684,0.0,5.300000000000001,6,0.031818181818181815,0.017279821627647716,0.0077279752704791345,0.061551130029390895,0.012640449438202247,0.0,0.0,0.0,0.006320224719101123,0.010112359550561799,0.08181818181818182,0.015543158880892562,Dare Ogunbowale,RB,10.3,58.4
00-0033856,2020,REG,0,0,0.0,0,0.0,0.0,0.0,0,0,0.0,0.0,0.0,0.0,0,0.0,0.0,97,367.0,6,0.0,0.0,21.0,-1.0750201898976117,0,36,47,233.0,0,0.0,0.0,7.0,235.0,9.0,-1.8479957873565294,0,10.131150793650793,1.1900241961270366,0.012886649708404026,1.7940569489864375,0.0,96.0,12,0.09631147540983606,0.0016040329972502293,0.15141752577319587,0.14575043951255426,0.061445147679324894,0.0,0.04736842105263158,0.04054054054054054,0.030722573839662447,0.049156118143459916,0.4774590163934426,0.09945900330023055,Leonard Fournette,RB,218.8,287.3
00-0033856,2021,REG,0,1,0.0,0,0.0,0.0,0.0,0,0,0.0,0.0,0.0,-0.6633014641702175,0,0.0,0.0,180,812.0,8,0.0,0.0,45.0,8.428610962301828,0,69,84,454.0,2,1.0,0.0,57.0,449.0,30.0,-0.44357361815067353,0,18.233516483516482,2.0186469354625944,0.1851913062152563,3.1576043175445707,0.0,186.60000000000002,14,0.13747954173486088,0.01186511240632806,0.20521023765996343,0.21571140252735377,0.1028312570781427,0.05555555555555555,0.13333333333333333,0.12260536398467432,0.07919340631684912,0.09337611677362527,0.7430441898527005,0.16241977505242422,Leonard Fournette,RB,287.3,228.8
00-0033856,2022,REG,0,1,0.0,0,1.0,0.0,0.0,0,0,16.0,0.0,0.0,-4.726016435190104,0,0.0,0.0,189,668.0,3,0.0,0.0,39.0,-37.12463744228285,0,73,83,523.0,3,0.0,0.0,-49.0,563.0,26.0,13.675018606606653,0,-56.616774891774895,1.856190727157182,-0.1779277297360733,2.6597366799205218,0.0,153.1,16,0.1172316384180791,-0.010270383567386292,0.25614194722474976,0.16763115077320961,0.11622222222222223,0.125,0.11255411255411256,0.11372549019607843,0.12061111111111111,0.11797777777777779,0.7387005649717514,0.15494791666666666,Leonard Fournette,RB,228.8,4.0
00-0033857,2020,REG,0,0,0.0,0,0.0,0.0,0.0,0,0,0.0,0.0,0.0,0.0,0,0.0,0.0,0,0.0,0,0.0,0.0,0.0,0.0,0,97,128,831.0,9,3.0,1.0,703.0,409.0,48.0,23.981840247974816,1,20.07117924612871,3.1030896097518075,2.386837176823603,6.325420438404233,0.0,137.1,16,0.1951219512195122,0.15095555078376638,0.1974891356832448,0.4134473674562814,0.20125938483894407,0.2571428571428571,0.23300970873786409,0.23651452282157676,0.2292011209909006,0.2124360792997267,1.266768292682927,0.1520959484394085,JuJu Smith-Schuster,WR,266.8,42.4
00-0033857,2021,REG,0,0,0.0,0,0.0,0.0,0.0,0,0,0.0,0.0,0.0,0.0,0,0.0,0.0,3,9.0,1,0.0,0.0,1.0,0.7040680426289327,0,15,28,129.0,0,0.0,0.0,183.0,68.0,6.0,-8.17464221835365,0,6.067554179566564,0.7390937223695844,0.7176195373279399,1.6109742596839345,0.0,19.8,5,0.14358974358974358,0.13212996389891696,0.09798270893371758,0.32108858650374894,0.10031104199066875,0.0,0.09836065573770492,0.08955223880597014,0.05015552099533437,0.080248833592535,0.6615384615384615,0.08429415754287374,JuJu Smith-Schuster,WR,42.4,204.20000000000002
00-0033857,2022,REG,0,0,0.0,0,0.0,0.0,0.0,0,0,0.0,0.0,0.0,0.0,0,0.0,0.0,0,0.0,0,0.0,0.0,0.0,0.0,0,78,101,933.0,3,3.0,2.0,750.0,457.0,47.0,49.5891622691533,0,26.405826892719258,2.7129969503573266,2.7807409987774756,6.016014124680223,0.0,107.3,16,0.16369529983792544,0.17154620311070448,0.17001488095238096,0.38277991224545177,0.18959561064824224,0.07894736842105263,0.1828793774319066,0.1694915254237288,0.13427148953464743,0.16746596220280432,1.5121555915721232,0.10596806661176686,JuJu Smith-Schuster,WR,204.20000000000002,61.0
00-0033857,2023,REG,0,0,0.0,0,0.0,0.0,0.0,0,0,0.0,0.0,0.0,0.0,0,0.0,0.0,0,0.0,0,0.0,0.0,0.0,0.0,0,29,47,260.0,1,0.0,0.0,338.0,94.0,13.0,-10.345766047132201,0,8.142511809116234,1.3920654016710359,1.5131451347942348,3.147299696862518,0.0,32.0,11,0.12566844919786097,0.11508341845420497,0.07892527287993283,0.28056940856015544,0.11888431641518062,0.09090909090909091,0.12745098039215685,0.12389380530973451,0.10489670366213577,0.11328927131396269,0.6951871657754011,0.08282641755376928,JuJu Smith-Schuster,WR,61.0,64.7
00-0033858,2020,REG,0,0,0.0,0,0.0,0.0,0.0,0,0,0.0,0.0,0.0,0.0,0,0.0,0.0,2,4.0,1,0.0,0.0,1.0,-0.21429491424351,0,41,65,448.0,8,0.0,0.0,360.0,238.0,25.0,16.68681009830206,0,24.38669712577031,2.2651355197183807,1.5380223190971456,4.474318902945573,0.0,99.2,14,0.15550239234449761,0.1052939455981281,0.1860828772478499,0.31748874499524893,0.13930348258706468,0.27586206896551724,0.14204545454545456,0.16097560975609757,0.20758277577629097,0.1666151998627552,1.0717703349282297,0.10232530982235391,Jonnu Smith,TE,143.1,67.4
00-0033858,2021,REG,0,0,0.0,0,0.0,0.0,0.0,0,0,0.0,0.0,0.0,0.0,0,0.0,0.0,9,40.0,0,0.0,0.0,2.0,0.19568356208037585,0,28,45,294.0,1,1.0,0.0,249.0,232.0,15.0,-9.738656883560578,0,28.56359231411863,1.6421876197417993,1.4702381591386848,3.492448141009778,0.0,39.400000000000006,15,0.09433962264150944,0.06561264822134387,0.13410404624277455,0.19399955253933926,0.08010899182561308,0.05,0.09202453987730061,0.08743169398907104,0.06505449591280654,0.07408719346049047,0.6163522012578616,0.05154481492811258,Jonnu Smith,TE,67.4,52.0
00-0033858,2022,REG,0,0,0.0,0,0.0,0.0,0.0,0,0,0.0,0.0,0.0,0.0,0,0.0,0.0,1,5.0,0,1.0,0.0,1.0,0.7029989284928888,0,27,38,245.0,0,0.0,0.0,116.0,200.0,9.0,0.5408437211881392,0,30.17829830987726,1.2432858857186542,0.442492057074259,2.1746732685299626,0.0,25.0,12,0.09844559585492228,0.03954994885782475,0.15267175572519084,0.17930835286864322,0.09203606311044328,0.0,0.07964601769911504,0.07317073170731707,0.04601803155522164,0.07362885048835463,0.6347150259067358,0.05824503237079684,Jonnu Smith,TE,52.0,124.2
00-0033858,2023,REG,0,1,0.0,0,0.0,0.0,0.0,0,0,7.0,0.0,0.0,-0.8618303572875448,0,0.0,0.0,1,0.0,0,0.0,0.0,0.0,-0.4215346801793203,0,50,70,582.0,3,1.0,1.0,458.0,357.0,26.0,9.006753303375968,0,29.02644730778481,2.2089619752303156,1.809815731257128,4.580313974725462,0.0,74.2,15,0.1425661914460285,0.11132717549829849,0.21848225214198286,0.3029110275676815,0.16666666666666666,0.2,0.1566265060240964,0.16022099447513813,0.18333333333333335,0.17333333333333334,1.185336048879837,0.10856833161418906,Jonnu Smith,TE,124.2,222.3
00-0033869,2020,REG,199,297,2055.0,16,8.0,18.0,125.0,5,2,2325.0,1003.0,124.0,27.61277748692674,1,8.786635485505721,0.8966607824929134,33,195.0,1,1.0,0.0,12.0,9.21759511633022,0,0,0,0.0,0,0.0,0.0,0.0,0.0,0.0,0.0,0,0.0,0.0,0.0,0.0,0.0,153.70000000000002,10,0.0,0.0,0.0,0.0,0.0,0.0,0.0,0.0,0.0,0.0,0.0,0.15674077095655722,Mitchell Trubisky,QB,187.20000000000002,8.35
00-0033869,2021,REG,6,8,43.0,0,1.0,0.0,0.0,0,0,41.0,17.0,2.0,-1.6611338711809367,0,6.980769230769231,-0.025617871494943267,13,24.0,1,0.0,0.0,3.0,-3.8544540730363224,0,0,0,0.0,0,0.0,0.0,0.0,0.0,0.0,0.0,0,0.0,0.0,0.0,0.0,0.0,8.120000000000001,5,0.0,0.0,0.0,0.0,0.0,0.0,0.0,0.0,0.0,0.0,0.0,0.015533534835673568,Mitchell Trubisky,QB,8.35,84.4
00-0033869,2022,REG,117,180,1252.0,4,5.0,11.0,68.0,0,0,1754.0,378.0,65.0,7.730268376912257,1,5.5151715258969,0.8298139355750473,19,38.0,2,0.0,0.0,7.0,-3.26305165985832,0,0,0,0.0,0,0.0,0.0,0.0,0.0,0.0,0.0,0,0.0,0.0,0.0,0.0,0.0,73.88,7,0.0,0.0,0.0,0.0,0.0,0.0,0.0,0.0,0.0,0.0,0.0,0.15011378413524057,Mitchell Trubisky,QB,84.4,53.0
00-0033869,2023,REG,67,107,632.0,4,5.0,7.0,42.0,0,0,983.0,274.0,36.0,-19.649531939842504,1,3.2166248271766116,0.10879010804049569,16,54.0,2,1.0,1.0,6.0,-0.6899640021729283,0,0,0,0.0,0,0.0,0.0,0.0,0.0,0.0,0.0,0,0.0,0.0,0.0,0.0,0.0,48.68,5,0.0,0.0,0.0,0.0,0.0,0.0,0.0,0.0,0.0,0.0,0.0,0.15558680644336487,Mitchell Trubisky,QB,53.0,16.75
00-0033871,2020,REG,0,0,0.0,0,0.0,0.0,0.0,0,0,0.0,0.0,0.0,0.0,0,0.0,0.0,0,0.0,0,0.0,0.0,0.0,0.0,0,65,92,984.0,5,1.0,1.0,1080.0,291.0,49.0,55.97207082288508,0,12.874019140465661,3.1364675062707295,4.511802336977109,7.862962895290071,0.0,126.4,14,0.22115384615384615,0.30260577192490895,0.22350230414746544,0.5738153867706963,0.3013782542113323,0.18518518518518517,0.28994082840236685,0.2755102040816326,0.24328171969825874,0.2781396404061029,2.3653846153846154,0.14359666891739814,Corey Davis,WR,191.4,105.2
00-0033871,2021,REG,0,0,0.0,0,0.0,0.0,0.0,0,0,0.0,0.0,0.0,0.0,0,0.0,0.0,0,0.0,0,0.0,0.0,0.0,0.0,0,34,59,492.0,4,2.0,1.0,765.0,129.0,23.0,-0.8347992301747356,0,5.783907154094891,1.6625274133354244,2.5765576038286397,4.297381442683185,0.0,71.2,9,0.17507418397626112,0.28052805280528054,0.13217213114754098,0.4870337182086162,0.22517162471395882,0.4,0.23,0.24545454545454545,0.3125858123569794,0.26013729977116706,1.459940652818991,0.1557826151340145,Corey Davis,WR,105.2,97.6
00-0033873,2020,REG,390,588,4740.0,38,6.0,22.0,147.0,3,2,4917.0,2241.0,238.0,182.87040399905007,3,15.267915447112713,2.657670153083185,62,308.0,2,2.0,0.0,21.0,17.55606427490582,0,0,2,0.0,0,0.0,0.0,25.0,0.0,0.0,-2.384233193297405,0,0.0,0.045548654244306416,0.07936822020423308,0.12388073550942277,0.0,374.4,15,0.0033444816053511705,0.005044390637610976,0.0,0.009052234918115538,0.0,0.0,0.0,0.0,0.0,0.0,0.0,0.221803575871752,Patrick Mahomes,QB,487.5,523.6
00-0033873,2021,REG,436,658,4839.0,37,13.0,28.0,146.0,6,2,4829.0,2699.0,260.0,139.73444912621196,1,17.98432325121572,2.6801821786057025,66,381.0,2,3.0,2.0,25.0,13.275448703119764,1,0,0,0.0,0,0.0,0.0,0.0,0.0,0.0,0.0,0,0.0,0.0,0.0,0.0,0.0,361.66,17,0.0,0.0,0.0,0.0,0.0,0.0,0.0,0.0,0.0,0.0,0.0,0.2054092736897108,Patrick Mahomes,QB,523.6,537.0500000000001
00-0033873,2022,REG,435,648,5250.0,41,12.0,26.0,188.0,1,0,4715.0,2830.0,272.0,191.97220477679906,2,19.204404193233483,2.973218235264926,61,358.0,4,4.0,0.0,25.0,23.256492984170187,1,1,1,6.0,0,0.0,0.0,-9.0,15.0,0.0,0.3510209037922323,0,0.0,0.024390243902439025,-0.02903225806451613,0.016262785208497253,0.0,416.4,17,0.0015360983102918587,-0.0019100169779286927,0.00530035335689046,0.0007761338830948338,0.001142857142857143,0.0,0.0,0.0,0.0005714285714285715,0.0009142857142857144,0.009216589861751152,0.22452931683700914,Patrick Mahomes,QB,537.0500000000001,413.7
00-0033873,2023,REG,401,597,4183.0,27,14.0,27.0,186.0,4,3,3873.0,2555.0,206.0,50.961515690338,0,18.826962129917064,1.9057311672888373,75,389.0,0,2.0,0.0,27.0,13.332186714137126,0,0,0,0.0,0,0.0,0.0,0.0,0.0,0.0,0.0,0,0.0,0.0,0.0,0.0,0.0,280.22,16,0.0,0.0,0.0,0.0,0.0,0.0,0.0,0.0,0.0,0.0,0.0,0.19350071815269032,Patrick Mahomes,QB,413.7,388.45
00-0033879,2020,REG,0,0,0.0,0,0.0,0.0,0.0,0,0,0.0,0.0,0.0,0.0,0,0.0,0.0,0,0.0,0,0.0,0.0,0.0,0.0,0,11,19,146.0,2,0.0,0.0,226.0,17.0,8.0,3.927629019250162,0,2.558463298715015,0.5066293183940243,0.6980182847091174,1.2485567768874186,0.0,26.6,4,0.12258064516129032,0.1778127458693942,0.04047619047619048,0.32612116443745087,0.13012477718360071,0.18181818181818182,0.1509433962264151,0.15625,0.15597147950089127,0.14046345811051694,0.9419354838709677,0.089272994919037,O.J. Howard,TE,37.6,36.5
00-0033879,2021,REG,0,0,0.0,0,0.0,0.0,0.0,0,0,0.0,0.0,0.0,0.0,0,0.0,0.0,0,0.0,0,0.0,0.0,0.0,0.0,0,14,21,135.0,1,0.0,0.0,136.0,83.0,10.0,3.820306091011582,0,10.262558791123874,0.5006447368470817,0.39851233699811356,1.0299257411693021,0.0,19.5,9,0.05303030303030303,0.04124962086745526,0.059755219582433405,0.11254515123941874,0.0472193074501574,0.043478260869565216,0.06711409395973154,0.06395348837209303,0.04534878415986131,0.04647109813403896,0.3409090909090909,0.033012732074579214,O.J. Howard,TE,36.5,36.5
00-0033881,2020,REG,0,0,0.0,0,0.0,0.0,0.0,0,0,0.0,0.0,0.0,0.0,0,0.0,0.0,6,26.0,1,0.0,0.0,1.0,1.0618145177722909,0,63,109,654.0,1,1.0,1.0,785.0,287.0,32.0,-21.589125085364813,0,13.928451282281982,3.448112569172656,3.325552465652388,7.500055579715656,0.0,78.0,16,0.21083172147001933,0.19669255825607618,0.22705696202531644,0.47360162880989,0.1960431654676259,0.08333333333333333,0.1797752808988764,0.1736842105263158,0.1396882494004796,0.17350119904076738,1.264990328820116,0.12490698416073136,Evan Engram,TE,141.0,102.5
00-0033881,2021,REG,0,0,0.0,0,0.0,0.0,0.0,0,0,0.0,0.0,0.0,0.0,0,0.0,0.0,1,-3.0,0,0.0,0.0,0.0,-1.524498006911017,0,46,73,408.0,3,1.0,1.0,366.0,185.0,21.0,-10.748071335000818,0,38.20791753251318,2.2812556931101993,1.6042975135676028,4.54489179916262,0.0,56.5,15,0.13931297709923665,0.0989724175229854,0.12243547319655856,0.28814739966724334,0.13844587716321682,0.23076923076923078,0.14189189189189189,0.14906832298136646,0.1846075539662238,0.1569105478844196,0.7786259541984732,0.10415819852044549,Evan Engram,TE,102.5,205.3
00-0033881,2022,REG,0,0,0.0,0,0.0,0.0,0.0,0,0,0.0,0.0,0.0,0.0,0,0.0,0.0,2,13.0,0,0.0,0.0,1.0,0.47202901676064357,0,73,98,766.0,4,0.0,0.0,614.0,465.0,33.0,34.6329223110723,1,24.39534508647241,2.8591812935111194,2.620121528898016,6.12285701049529,0.0,103.9,17,0.1644295302013423,0.1410845588235294,0.22827687776141384,0.35951194236083694,0.18466730954676952,0.16,0.15865384615384615,0.15879828326180256,0.17233365477338475,0.17973384763741562,1.2852348993288591,0.11775121145960912,Evan Engram,TE,205.3,230.3
00-0033881,2023,REG,0,0,0.0,0,0.0,0.0,0.0,0,0,0.0,0.0,0.0,0.0,0,0.0,0.0,0,0.0,0,0.0,0.0,0.0,0.0,0,114,143,963.0,4,3.0,2.0,716.0,516.0,47.0,11.192342287670527,0,31.263083333166275,4.003035382029859,2.507666329243134,7.759919503514982,0.0,116.30000000000001,17,0.2306451612903226,0.14374623569564343,0.26639132679401134,0.4609647304919986,0.22001370801919123,0.18181818181818182,0.23618090452261306,0.23076923076923078,0.20091594491868653,0.21237460277898937,1.553225806451613,0.15737539121759214,Evan Engram,TE,230.3,87.5
00-0033885,2020,REG,0,0,0.0,0,0.0,0.0,0.0,0,0,0.0,0.0,0.0,0.0,0,0.0,0.0,0,0.0,0,0.0,0.0,0.0,0.0,0,19,29,213.0,2,0.0,0.0,216.0,87.0,13.0,11.381847840867628,0,10.8500062704213,0.9379132198211145,0.7875247445891176,1.958137150944054,0.0,33.3,11,0.07733333333333334,0.06872414890232262,0.08277830637488107,0.1709793191218581,0.07790782735918068,0.1111111111111111,0.09285714285714286,0.0949367088607595,0.09450946923514589,0.08454848410956678,0.568,0.05434556714742923,David Njoku,TE,63.900000000000006,107.60000000000001
00-0033885,2021,REG,0,0,0.0,0,0.0,0.0,0.0,0,0,0.0,0.0,0.0,0.0,0,0.0,0.0,1,1.0,0,0.0,0.0,0.0,-0.5057117864489555,0,36,53,475.0,4,0.0,0.0,432.0,247.0,17.0,21.50712458865616,0,13.544374993552353,1.8569848443966832,1.8248722086432398,4.062887812645292,0.0,71.60000000000001,15,0.11597374179431072,0.11419508326724821,0.1549560853199498,0.26531667930526465,0.14923028589381088,0.2222222222222222,0.11038961038961038,0.12209302325581395,0.18572625405801654,0.16382867315949315,1.039387308533917,0.08958305581457306,David Njoku,TE,107.60000000000001,142.0
00-0033885,2022,REG,0,0,0.0,0,0.0,0.0,0.0,0,0,0.0,0.0,0.0,0.0,0,0.0,0.0,2,-8.0,0,0.0,0.0,0.0,-2.48257483902853,0,58,80,628.0,4,1.0,1.0,535.0,332.0,36.0,24.657573101232835,0,22.14341504690826,2.642232659813305,2.1739793767310713,5.485134553431708,0.0,84.0,14,0.17391304347826086,0.14187218244497482,0.24720774385703648,0.3743673111733712,0.20330203949498218,0.23529411764705882,0.23376623376623376,0.23391812865497075,0.21929807857102052,0.20970045512539753,1.3652173913043477,0.12351477828227475,David Njoku,TE,142.0,217.5
00-0033885,2023,REG,0,0,0.0,0,0.0,0.0,0.0,0,0,0.0,0.0,0.0,0.0,0,0.0,0.0,0,0.0,0,0.0,0.0,0.0,0.0,0,81,123,882.0,6,2.0,2.0,566.0,599.0,35.0,-11.441595228930556,0,45.013224573456306,3.411277323252209,2.0406629119944233,6.54538002327441,0.0,120.2,16,0.205685618729097,0.11170317742253799,0.3367060146149522,0.3978909700316759,0.2293888166449935,0.2727272727272727,0.21212121212121213,0.2192513368983957,0.25105804468613313,0.23805650786144936,1.4749163879598661,0.151323706377858,David Njoku,TE,217.5,144.5
00-0033891,2020,REG,1,1,29.0,0,0.0,0.0,0.0,0,0,26.0,3.0,1.0,2.2214208621298894,0,1.1153846153846154,0.0,0,0.0,0,0.0,0.0,0.0,0.0,0,14,20,154.0,1,0.0,0.0,142.0,65.0,6.0,-1.1626644140924327,0,7.370927318295739,0.5707235122429986,0.4896140399809839,1.1988150963511865,0.0,22.560000000000002,11,0.04950495049504951,0.04339853300733496,0.04344919786096257,0.10897625214844224,0.04741379310344827,0.047619047619047616,0.03870967741935484,0.03977272727272727,0.047516420361247945,0.047454844006568145,0.3811881188118812,0.033112342861283194,Zay Jones,WR,36.85,123.0
00-0033891,2021,REG,0,0,0.0,0,0.0,0.0,0.0,0,0,0.0,0.0,0.0,0.0,0,0.0,0.0,2,3.0,0,0.0,0.0,0.0,-0.5168792470358312,0,47,70,546.0,1,1.0,1.0,979.0,170.0,29.0,6.003509571934941,0,22.458007689147188,2.0472723314703947,3.666571145917926,5.6375082993481405,0.0,58.900000000000006,15,0.12411347517730496,0.21794300979519146,0.08461921353907417,0.36052462060211066,0.13365973072215423,0.05263157894736842,0.15343915343915343,0.14423076923076922,0.09314565483476132,0.11745410036719708,0.9680851063829787,0.08042223572296477,Zay Jones,WR,123.0,230.8
00-0033891,2022,REG,0,0,0.0,0,0.0,0.0,0.0,0,0,0.0,0.0,0.0,0.0,0,0.0,0.0,4,18.0,0,0.0,0.0,1.0,0.5186655742581934,0,82,121,823.0,5,0.0,0.0,1018.0,282.0,44.0,40.43086222549859,1,14.103603632178888,3.42740221915166,4.175364490340393,8.063858471965766,0.0,116.1,16,0.2111692844677138,0.24418325737586952,0.14476386036960986,0.5121005326022663,0.20709612481127326,0.21739130434782608,0.22110552763819097,0.22072072072072071,0.21224371457954966,0.20915516071858384,1.4363001745200699,0.13663388189204473,Zay Jones,WR,230.8,78.1
00-0033891,2023,REG,0,0,0.0,0,0.0,0.0,0.0,0,0,0.0,0.0,0.0,0.0,0,0.0,0.0,0,0.0,0,0.0,0.0,0.0,0.0,0,34,64,321.0,2,0.0,0.0,871.0,51.0,14.0,-4.416608735239675,0,4.412540410730633,1.611170814135999,2.4408872921289126,4.125377325694237,0.0,44.1,9,0.1797752808988764,0.2826086956521739,0.04871060171919771,0.49574987787005376,0.1274315204446209,0.14285714285714285,0.1206896551724138,0.12307692307692308,0.13514433165088185,0.13051664492712528,0.901685393258427,0.0917032618650635,Zay Jones,WR,78.1,16.400000000000002
00-0033893,2020,REG,0,0,0.0,0,0.0,0.0,0.0,0,0,0.0,0.0,0.0,0.0,0,0.0,0.0,312,1557.0,16,4.0,2.0,91.0,12.994914752173084,3,44,54,361.0,1,1.0,1.0,-96.0,438.0,17.0,-2.095607762291956,0,-99.02645687645688,1.8632379229164924,-0.8294336911601596,2.214253300562627,0.0,293.8,14,0.12272727272727273,-0.02741290691033695,0.27564505978602893,0.16216058356263952,0.10264429911856696,0.034482758620689655,0.09550561797752809,0.08695652173913043,0.0685635288696283,0.0890119910189915,0.8204545454545454,0.24478615632110612,Dalvin Cook,RB,336.8,209.3
00-0033893,2021,REG,0,0,0.0,0,0.0,0.0,0.0,0,0,0.0,0.0,0.0,0.0,0,0.0,0.0,249,1159.0,6,3.0,2.0,57.0,-9.881772697699489,1,34,49,224.0,0,0.0,0.0,-79.0,278.0,9.0,-4.863669206548714,0,-8.349437817084874,1.4626383593656191,-0.33980823499380675,1.9560917745527642,0.0,172.3,13,0.10816777041942605,-0.021305285868392664,0.19758351101634683,0.14520742693442493,0.07006568658116985,0.0,0.06569343065693431,0.054878048780487805,0.035032843290584925,0.056052549264935886,0.49448123620309054,0.17220654768860916,Dalvin Cook,RB,209.3,250.8
00-0033893,2022,REG,0,0,0.0,0,0.0,1.0,5.0,1,1,0.0,0.0,0.0,-6.88789240695769,0,0.0,0.0,264,1173.0,8,3.0,3.0,50.0,-48.55650332735415,0,39,56,295.0,2,0.0,0.0,-34.0,331.0,16.0,6.475425905337565,0,-31.043939393939397,1.4740606455216956,-0.16259486632661066,2.097274561853916,0.0,198.8,17,0.08333333333333333,-0.006779661016949152,0.15650118203309693,0.11957627118644068,0.06122872561228725,0.06666666666666667,0.06557377049180328,0.06569343065693431,0.06394769613947696,0.06231631382316314,0.43898809523809523,0.14251297479354197,Dalvin Cook,RB,250.8,42.5
00-0033893,2023,REG,0,0,0.0,0,0.0,0.0,0.0,0,0,0.0,0.0,0.0,0.0,0,0.0,0.0,67,214.0,0,2.0,2.0,10.0,-24.862718149961438,0,15,20,78.0,0,0.0,0.0,-23.0,106.0,3.0,-2.2741327221738175,0,-27.51666666666667,0.6719249069249069,-0.15759518204814657,0.8975707329536577,0.0,25.200000000000003,14,0.04106776180698152,-0.006491673722833756,0.07675597393193338,0.05640830373220527,0.02761061946902655,0.0,0.022900763358778626,0.02142857142857143,0.013805309734513275,0.022088495575221242,0.1601642710472279,0.04580674567000912,Dalvin Cook,RB,42.5,4.0
00-0033895,2020,REG,0,0,0.0,0,0.0,0.0,0.0,0,0,0.0,0.0,0.0,0.0,0,0.0,0.0,1,2.0,1,0.0,0.0,1.0,0.8793559034820646,0,41,62,417.0,1,1.0,1.0,385.0,243.0,24.0,-1.4543599627711679,0,22.999904276861134,1.6975772154550592,1.5734977470729687,3.6478142461336667,0.0,51.900000000000006,15,0.11012433392539965,0.10360602798708289,0.11376404494382023,0.2480713232777658,0.10648621041879469,0.058823529411764705,0.12698412698412698,0.12135922330097088,0.0826548699152797,0.0969536742173887,0.7406749555950266,0.06961200113896925,Gerald Everett,TE,92.9,117.8
00-0033895,2021,REG,0,0,0.0,0,0.0,0.0,0.0,0,0,0.0,0.0,0.0,0.0,0,0.0,0.0,3,20.0,0,0.0,0.0,2.0,0.3558884628582746,0,48,63,478.0,4,2.0,2.0,330.0,249.0,26.0,10.863654386933332,0,25.658808446455506,2.2003416761651056,1.2832171834353345,4.198764542652393,0.0,69.8,15,0.14350797266514806,0.07946063086925115,0.16126943005181346,0.27883046369312303,0.1412947088383092,0.15384615384615385,0.17687074829931973,0.17341040462427745,0.14757043134223152,0.14380499783987813,1.0888382687927107,0.09115389377244026,Gerald Everett,TE,117.8,160.4
00-0033895,2022,REG,0,0,0.0,0,0.0,0.0,0.0,0,0,0.0,0.0,0.0,0.0,0,0.0,0.0,1,0.0,0,0.0,0.0,0.0,-0.5668091089464724,0,58,87,555.0,4,0.0,0.0,491.0,326.0,29.0,1.2463771053494592,1,20.309801852736637,2.0347954409416076,1.8158727468102736,4.323304084179602,0.0,81.5,15,0.13384615384615384,0.12153465346534653,0.1394354148845167,0.297996953541508,0.12979420018709073,0.16666666666666666,0.1380952380952381,0.14102564102564102,0.1482304334268787,0.13716869348300592,0.8538461538461538,0.0955846077947706,Gerald Everett,TE,160.4,111.10000000000001
00-0033895,2023,REG,0,0,0.0,0,0.0,0.0,0.0,0,0,0.0,0.0,0.0,0.0,0,0.0,0.0,3,10.0,0,0.0,0.0,0.0,-0.7361745203379542,0,51,70,411.0,3,3.0,0.0,282.0,275.0,25.0,7.632986672921106,0,23.918703607379985,1.9770294410144922,1.0322437083401026,3.68811475735981,0.0,60.1,15,0.12589928057553956,0.06693567529076667,0.14761137949543746,0.2423974610959227,0.1094832179009057,0.15789473684210525,0.14285714285714285,0.14432989690721648,0.13368897737150548,0.11916552168914563,0.7392086330935251,0.08843006781495749,Gerald Everett,TE,111.10000000000001,11.6
00-0033896,2020,REG,0,0,0.0,0,0.0,0.0,0.0,0,0,0.0,0.0,0.0,0.0,0,0.0,0.0,0,0.0,0,0.0,0.0,0.0,0.0,0,12,22,150.0,3,0.0,0.0,95.0,105.0,9.0,6.726093934237724,0,11.975112971823497,0.6348430009667283,0.38927572701522206,1.224757510360748,0.0,33.0,13,0.04670912951167728,0.0265883011474951,0.07138001359619306,0.09133433518551201,0.044300059066745424,0.14285714285714285,0.05113636363636364,0.06091370558375635,0.09357860096194413,0.06401147582482491,0.3184713375796178,0.03769665086199675,Adam Shaheen,TE,45.0,23.0
00-0033897,2020,REG,0,0,0.0,0,0.0,0.0,0.0,0,0,0.0,0.0,0.0,0.0,0,0.0,0.0,119,428.0,3,1.0,1.0,20.0,-21.27239988895925,0,21,26,138.0,1,0.0,0.0,-29.0,171.0,5.0,4.43909093705588,0,-30.75,0.7205817560580856,-0.09408021185146422,1.0150164857911035,0.0,78.60000000000001,6,0.10569105691056911,-0.013829279923700524,0.250733137829912,0.14747316142689323,0.08534322820037106,0.16666666666666666,0.054945054945054944,0.061855670103092786,0.12600494743351887,0.10160791589363019,0.5609756097560976,0.18882232501706228,Joe Mixon,RB,99.60000000000001,353.1
00-0033897,2021,REG,0,0,0.0,0,0.0,0.0,0.0,0,0,0.0,0.0,0.0,0.0,0,0.0,0.0,292,1205.0,13,1.0,1.0,60.0,-23.539310737683202,0,42,48,314.0,3,1.0,0.0,-8.0,318.0,11.0,8.68478629522724,0,17.84873737373737,1.484186980005193,-0.11017198977352642,2.149160077166321,0.0,245.9,16,0.09125475285171103,-0.0018899125915426411,0.1375432525951557,0.13537019920433244,0.06723768736616702,0.08571428571428572,0.05392156862745098,0.058577405857740586,0.07647598654022636,0.07093300703579077,0.596958174904943,0.17981387795890325,Joe Mixon,RB,353.1,274.8
00-0033897,2022,REG,0,0,0.0,0,0.0,0.0,0.0,0,0,0.0,0.0,0.0,0.0,0,0.0,0.0,210,814.0,7,0.0,0.0,47.0,-11.59523736968028,0,60,75,441.0,2,0.0,0.0,-15.0,468.0,17.0,11.331125587833561,0,27.896853546910755,1.9769494035838657,-0.11740903691224129,2.8832377795372297,0.0,179.5,14,0.13837638376383765,-0.004057343792263998,0.24592748292170258,0.2043187006119453,0.11125126135216952,0.0625,0.08717948717948718,0.08370044052863436,0.08687563067608475,0.10150100908173562,0.8136531365313653,0.16833478590907813,Joe Mixon,RB,274.8,265.0
00-0033897,2023,REG,0,0,0.0,0,0.0,0.0,0.0,0,0,0.0,0.0,0.0,0.0,0,0.0,0.0,257,1034.0,9,0.0,0.0,59.0,-18.04731191544719,0,52,64,376.0,3,0.0,0.0,-114.0,463.0,14.0,2.2984562656331287,1,-48.3861013986014,1.8546761149303226,-0.5671427914967492,2.3850142183477594,0.0,215.0,17,0.1040650406504065,-0.029396596183599792,0.19552364864864866,0.13258028402872993,0.08832511158092553,0.1111111111111111,0.0673076923076923,0.07234042553191489,0.09971811134601832,0.09288231148696265,0.6113821138211382,0.1793535212402934,Joe Mixon,RB,265.0,275.40000000000003
00-0033906,2020,REG,0,0,0.0,0,0.0,0.0,0.0,0,0,0.0,0.0,0.0,0.0,0,0.0,0.0,187,932.0,16,1.0,0.0,58.0,9.025045766669791,0,83,107,756.0,5,0.0,0.0,60.0,731.0,35.0,8.163480030002383,0,109.95061338811338,3.25069350731934,0.13042687833711847,4.967339075814993,0.0,294.8,15,0.21836734693877552,0.019646365422396856,0.399890590809628,0.34326811274608077,0.20192307692307693,0.2,0.18617021276595744,0.18779342723004694,0.20096153846153847,0.20153846153846156,1.542857142857143,0.2561251745691701,Alvin Kamara,RB,410.90000000000003,234.70000000000002
00-0033906,2021,REG,0,0,0.0,0,0.0,0.0,0.0,0,0,0.0,0.0,0.0,0.0,0,0.0,0.0,240,898.0,4,0.0,0.0,42.0,-39.5228313004611,0,47,67,439.0,5,0.0,0.0,77.0,437.0,20.0,10.802413816069686,0,36.38333333333333,2.6442744996549346,0.41214829843745393,4.254915558388619,0.0,187.7,13,0.1876750700280112,0.028795811518324606,0.3561532192339038,0.3045492542566765,0.1765178930438279,0.23809523809523808,0.16393442622950818,0.17482517482517482,0.20730656556953297,0.18883336205410994,1.2296918767507004,0.24094530223390276,Alvin Kamara,RB,234.70000000000002,211.7
00-0033906,2022,REG,0,0,0.0,0,0.0,0.0,0.0,0,0,0.0,0.0,0.0,0.0,0,0.0,0.0,223,897.0,2,2.0,2.0,40.0,-41.05023815162713,0,57,77,490.0,2,2.0,2.0,73.0,461.0,17.0,-3.4010880035233564,0,178.97582417582416,2.6896266332329666,0.2528540156114855,4.21143776077749,0.0,154.7,15,0.17342342342342343,0.01970310391363023,0.3065159574468085,0.2758976182660393,0.14012010294538177,0.09090909090909091,0.10559006211180125,0.10382513661202186,0.11551459692723634,0.1302779005381236,1.1036036036036037,0.17500495998941867,Alvin Kamara,RB,211.7,227.0
00-0033906,2023,REG,0,0,0.0,0,0.0,0.0,0.0,0,0,0.0,0.0,0.0,0.0,0,0.0,0.0,180,694.0,5,0.0,0.0,42.0,-3.1450200827093795,2,75,86,466.0,1,0.0,0.0,5.0,501.0,23.0,2.298240115110629,1,64.66933066933068,2.410359176511542,0.026035231186232695,3.6337634265976755,0.0,158.0,13,0.18143459915611815,0.0013000520020800832,0.3412806539509537,0.27319194033584127,0.1449004975124378,0.045454545454545456,0.14935064935064934,0.13636363636363635,0.09517752148349162,0.12501130710085934,0.9831223628691983,0.20172461559772822,Alvin Kamara,RB,227.0,265.3
00-0033908,2020,REG,0,0,0.0,0,0.0,0.0,0.0,0,0,0.0,0.0,0.0,0.0,0,0.0,0.0,4,33.0,0,0.0,0.0,3.0,2.185493062424939,0,92,124,974.0,3,0.0,0.0,782.0,525.0,45.0,28.34769537814477,0,24.442366886012074,3.439677080017437,3.225114647686295,7.417095873406562,0.0,118.7,15,0.2246376811594203,0.21849678681195864,0.24395910780669144,0.5117539511886974,0.24645748987854252,0.15,0.23195876288659795,0.22429906542056074,0.19822874493927126,0.227165991902834,1.7644927536231885,0.15139974706829157,Cooper Kupp,WR,222.5,552.8
00-0033908,2021,REG,0,1,0.0,0,0.0,0.0,0.0,0,0,25.0,0.0,0.0,-0.4020649445010349,0,0.0,0.0,4,18.0,0,0.0,0.0,1.0,-1.437612365464151,0,145,191,1947.0,16,0.0,0.0,1641.0,846.0,89.0,111.88284767521603,1,21.944289806670792,5.495459006963327,5.641115282405869,12.191969208129098,0.0,294.5,17,0.31466227347611203,0.31963381379041683,0.39588207767898925,0.7277004612465016,0.39791538933169834,0.3902439024390244,0.38197424892703863,0.38321167883211676,0.3940796458853614,0.39638109195316357,3.2075782537067545,0.25832882702842497,Cooper Kupp,WR,552.8,201.4
00-0033908,2022,REG,0,1,0.0,0,0.0,0.0,0.0,0,0,25.0,0.0,0.0,-0.46752027643378824,0,0.0,0.0,9,52.0,1,0.0,0.0,4.0,1.3107369058998302,0,75,98,812.0,6,2.0,1.0,713.0,413.0,42.0,16.342067479237862,0,10.350793346240902,2.7541357273831704,3.2562751871611018,6.410596222087526,0.0,126.4,9,0.30246913580246915,0.34213051823416507,0.3461860854987427,0.7274081182910358,0.3778501628664495,0.6666666666666666,0.3783783783783784,0.4,0.5222584147665581,0.435613463626493,2.506172839506173,0.2939459396345379,Cooper Kupp,WR,201.4,170.1
00-0033908,2023,REG,0,0,0.0,0,0.0,0.0,0.0,0,0,0.0,0.0,0.0,0.0,0,0.0,0.0,1,-3.0,0,0.0,0.0,0.0,-0.9448826210573316,0,59,95,737.0,5,0.0,0.0,781.0,322.0,33.0,9.66519119279009,1,12.906007594174369,3.1014791670544795,3.304916050523547,6.965659985948202,0.0,105.4,12,0.24173027989821882,0.2636731937879811,0.2131039046988749,0.5735339748777131,0.2534387895460798,0.23809523809523808,0.24812030075187969,0.24675324675324675,0.24576701382065894,0.2503700792559115,1.8753180661577609,0.15420402956515214,Cooper Kupp,WR,170.1,190.0
00-0033921,2020,REG,0,0,0.0,0,0.0,0.0,0.0,0,0,0.0,0.0,0.0,0.0,0,0.0,0.0,0,0.0,0,0.0,0.0,0.0,0.0,0,65,84,840.0,7,1.0,0.0,858.0,280.0,43.0,55.18849837249133,0,13.018394973354207,2.2600209531308995,2.3829850523256946,5.058120966324336,0.0,126.0,12,0.1810344827586207,0.20307692307692307,0.1895734597156398,0.4340132625994695,0.22963367960634226,0.21212121212121213,0.24157303370786518,0.23696682464454977,0.2208774458637772,0.22613118610931623,1.8103448275862069,0.14562144523566278,Chris Godwin,WR,236.8,242.4
00-0033921,2021,REG,0,0,0.0,0,0.0,0.0,0.0,0,0,0.0,0.0,0.0,0.0,0,0.0,0.0,4,21.0,1,0.0,0.0,4.0,3.0718219943228178,0,98,127,1103.0,5,2.0,2.0,931.0,586.0,55.0,36.05648674908548,0,18.649696843320267,2.9557375845861795,2.750652987685764,6.359063468259304,0.0,144.4,14,0.2078559738134206,0.19379683597002498,0.26782449725776963,0.4668214294961509,0.24983012457531145,0.1388888888888889,0.24444444444444444,0.22988505747126436,0.19435950673210017,0.22764187743802697,1.8052373158756136,0.15403189934549152,Chris Godwin,WR,242.4,239.3
00-0033921,2022,REG,0,0,0.0,0,0.0,0.0,0.0,0,0,0.0,0.0,0.0,0.0,0,0.0,0.0,3,5.0,0,0.0,0.0,0.0,-1.5077545003732666,0,104,142,1023.0,3,2.0,2.0,820.0,514.0,54.0,30.63972956130346,1,20.175727108657664,3.2946553406084007,2.7723061676546483,6.882597328270855,0.0,118.80000000000001,15,0.21037037037037037,0.17779705117085862,0.24018691588785046,0.4577931964922425,0.23873978996499418,0.125,0.2488479262672811,0.23651452282157676,0.1818698949824971,0.21599183197199534,1.5155555555555555,0.15755604271267942,Chris Godwin,WR,239.3,229.7
00-0033921,2023,REG,0,1,0.0,0,0.0,0.0,0.0,0,0,18.0,0.0,0.0,-0.7111730779288337,0,0.0,0.0,4,38.0,1,0.0,0.0,3.0,3.3153676909860224,0,83,130,1024.0,2,0.0,0.0,1180.0,376.0,53.0,44.001912592251465,1,15.23549886744565,4.066448334129675,4.452738392912001,9.216589376232914,0.0,126.2,17,0.22887323943661972,0.24254881808838644,0.1951219512195122,0.5373489136256387,0.2532146389713155,0.07142857142857142,0.28191489361702127,0.25462962962962965,0.1623216051999435,0.2168574254627667,1.8028169014084507,0.15144495280013898,Chris Godwin,WR,229.7,137.8
00-0033923,2020,REG,0,0,0.0,0,0.0,0.0,0.0,0,0,0.0,0.0,0.0,0.0,0,0.0,0.0,198,841.0,6,1.0,0.0,44.0,-16.575925301484148,0,38,51,304.0,5,1.0,0.0,71.0,280.0,19.0,10.17334430416809,0,82.12129795491865,1.717993612138349,0.27939733877284995,2.7725685553485184,0.0,180.5,16,0.10179640718562874,0.016757139485485014,0.19914651493598862,0.16610032236683112,0.08213996217238584,0.18518518518518517,0.09743589743589744,0.10810810810810811,0.1336625736787855,0.10274900677494571,0.6067864271457086,0.15167923139933637,Kareem Hunt,RB,248.0,108.0
00-0033923,2021,REG,0,0,0.0,0,0.0,0.0,0.0,0,0,0.0,0.0,0.0,0.0,0,0.0,0.0,78,386.0,5,0.0,0.0,22.0,5.536269161013422,1,22,27,174.0,0,0.0,0.0,4.0,174.0,11.0,2.827636903235966,0,-24.533333333333335,0.9267403661501679,0.037798280433568046,1.4165693455287494,0.0,88.0,8,0.11020408163265306,0.0018231540565177757,0.1895424836601307,0.16676464569419383,0.09076682316118936,0.0,0.12359550561797752,0.11224489795918367,0.04538341158059468,0.0726134585289515,0.710204081632653,0.15910208568370504,Kareem Hunt,RB,108.0,126.80000000000001
00-0033923,2022,REG,0,0,0.0,0,0.0,0.0,0.0,0,0,0.0,0.0,0.0,0.0,0,0.0,0.0,123,468.0,3,1.0,0.0,30.0,-11.557620754056018,0,35,44,210.0,1,0.0,0.0,-12.0,235.0,11.0,-2.4749615233686106,0,4.322222222222221,1.5616048896812653,-0.07181677689875689,2.292135590692768,0.0,91.8,17,0.08148148148148149,-0.002694812485964518,0.1475204017576899,0.12006637223345062,0.05660377358490566,0.05263157894736842,0.06043956043956044,0.05970149253731343,0.05461767626613704,0.055809334657398214,0.3888888888888889,0.09219136251272356,Kareem Hunt,RB,126.80000000000001,139.0
00-0033923,2023,REG,0,0,0.0,0,0.0,0.0,0.0,0,0,0.0,0.0,0.0,0.0,0,0.0,0.0,135,411.0,9,0.0,0.0,38.0,-4.943675237866472,0,15,21,84.0,0,0.0,0.0,-6.0,98.0,5.0,-2.7660895040025935,0,4.999999999999999,0.5963524088016859,-0.010723170165850246,0.8870223940864337,0.0,103.5,15,0.03783783783783784,-0.0013114754098360656,0.057919621749408984,0.055707576428887906,0.02319160684704583,0.0,0.03289473684210526,0.028735632183908046,0.011595803423522915,0.018553285477636666,0.15135135135135136,0.09623349412853871,Kareem Hunt,RB,139.0,183.4
00-0033925,2020,REG,0,0,0.0,0,0.0,0.0,0.0,0,0,0.0,0.0,0.0,0.0,0,0.0,0.0,22,95.0,0,0.0,0.0,6.0,-2.6536189534235746,0,1,1,5.0,1,0.0,0.0,2.0,3.0,1.0,1.0344758105347864,0,2.5,0.037037037037037035,0.01015228426395939,0.06266215454032713,0.0,16.0,5,0.007575757575757576,0.0019305019305019305,0.006185567010309278,0.01290803790803791,0.004878048780487805,0.125,0.018518518518518517,0.03225806451612903,0.0649390243902439,0.028902439024390245,0.03787878787878788,0.03904455672944419,D'Onta Foreman,RB,17.0,100.5
00-0033925,2021,REG,0,0,0.0,0,0.0,0.0,0.0,0,0,0.0,0.0,0.0,0.0,0,0.0,0.0,133,566.0,3,2.0,1.0,22.0,-13.765064943669131,0,9,11,123.0,0,0.0,0.0,-1.0,124.0,6.0,8.979706341546262,0,-15.0,0.3642176314970432,-0.012451251312679792,0.537610571326689,0.0,84.9,9,0.040740740740740744,-0.0005268703898840885,0.148859543817527,0.060689614799203845,0.0710161662817552,0.0,0.0625,0.05555555555555555,0.0355080831408776,0.05681293302540416,0.45555555555555555,0.13456963512855052,D'Onta Foreman,RB,100.5,129.0
00-0033925,2022,REG,0,0,0.0,0,0.0,0.0,0.0,0,0,0.0,0.0,0.0,0.0,0,0.0,0.0,203,914.0,5,1.0,0.0,45.0,2.982043358247358,1,5,9,26.0,0,0.0,0.0,-3.0,27.0,1.0,-10.932217505602033,0,1.0,0.36777393753200205,0.05596611671568918,0.5908371879989855,0.0,126.0,16,0.020833333333333332,-0.0009481668773704172,0.01700251889168766,0.030491466498103668,0.008452535760728219,0.0,0.007518796992481203,0.006756756756756757,0.0042262678803641094,0.006762028608582576,0.06018518518518518,0.11864437480754252,D'Onta Foreman,RB,129.0,91.2
00-0033925,2023,REG,0,0,0.0,0,0.0,0.0,0.0,0,0,0.0,0.0,0.0,0.0,0,0.0,0.0,109,425.0,4,1.0,0.0,24.0,-4.143150425195927,0,11,16,77.0,1,0.0,0.0,21.0,65.0,6.0,1.204451046185568,0,10.451428571428572,0.5139678471575023,-0.0025617968902794663,0.7691585129130579,0.0,80.2,9,0.055944055944055944,0.011087645195353749,0.07238307349665925,0.09278620007236692,0.04553518628030751,0.14285714285714285,0.06741573033707865,0.07291666666666667,0.09419616456872518,0.06499957759567458,0.2692307692307692,0.14251336062755882,D'Onta Foreman,RB,91.2,32.6
00-0033932,2020,REG,0,0,0.0,0,0.0,0.0,0.0,0,0,0.0,0.0,0.0,0.0,0,0.0,0.0,0,0.0,0,0.0,0.0,0.0,0.0,0,20,32,338.0,2,0.0,0.0,466.0,38.0,16.0,21.662456989948417,0,3.2183186813186815,1.0047715053763442,1.5798236363891718,2.6130338035369363,0.0,45.8,5,0.1871345029239766,0.3008392511297611,0.07011070110701106,0.5213731552897738,0.24581818181818182,0.2,0.2318840579710145,0.22784810126582278,0.22290909090909092,0.23665454545454548,1.976608187134503,0.13976210705182668,Kenny Golladay,WR,65.8,89.10000000000001
00-0033932,2021,REG,0,0,0.0,0,0.0,0.0,0.0,0,0,0.0,0.0,0.0,0.0,0,0.0,0.0,0,0.0,0,0.0,0.0,0.0,0.0,0,37,76,521.0,0,0.0,0.0,1050.0,119.0,27.0,-2.5020646329655882,0,7.023553354772107,2.338942362147855,4.474273131993287,6.640404735617084,0.0,52.1,14,0.16,0.28680688336520077,0.09573612228479485,0.4694455066921606,0.18869974646867077,0.0,0.2,0.1836734693877551,0.09434987323433539,0.15095979717493663,1.0968421052631578,0.09697009272561055,Kenny Golladay,WR,89.10000000000001,20.1
00-0033936,2020,REG,66,104,787.0,6,0.0,9.0,71.0,3,3,851.0,344.0,42.0,10.165198434277361,0,5.111201427194872,0.6486443185994646,6,28.0,0,0.0,0.0,1.0,-1.9259210244053975,0,0,0,0.0,0,0.0,0.0,0.0,0.0,0.0,0.0,0,0.0,0.0,0.0,0.0,0.0,52.28,6,0.0,0.0,0.0,0.0,0.0,0.0,0.0,0.0,0.0,0.0,0.0,0.09862290133936993,C.J. Beathard,QB,60.15,1.85
00-0033936,2021,REG,2,2,33.0,0,0.0,0.0,0.0,0,0,27.0,6.0,1.0,1.829054368659854,0,1.2222222222222223,0.0,1,2.0,0,0.0,0.0,0.0,-0.5504119084216654,0,0,0,0.0,0,0.0,0.0,0.0,0.0,0.0,0.0,0,0.0,0.0,0.0,0.0,0.0,1.52,2,0.0,0.0,0.0,0.0,0.0,0.0,0.0,0.0,0.0,0.0,0.0,0.017186793306196293,C.J. Beathard,QB,1.85,-0.6499999999999998
00-0033936,2022,REG,7,11,35.0,0,1.0,1.0,5.0,0,0,57.0,20.0,2.0,-11.6011407254408,0,1.2170212765957447,0.020308693873695063,4,-4.0,0,0.0,0.0,0.0,0.0,0,0,0,0.0,0,0.0,0.0,0.0,0.0,0.0,0.0,0,0.0,0.0,0.0,0.0,0.0,-1.0000000000000002,4,0.0,0.0,0.0,0.0,0.0,0.0,0.0,0.0,0.0,0.0,0.0,-0.0029834715675159623,C.J. Beathard,QB,-0.6499999999999998,24.950000000000003
00-0033943,2020,REG,0,0,0.0,0,0.0,0.0,0.0,0,0,0.0,0.0,0.0,0.0,0,0.0,0.0,1,5.0,0,0.0,0.0,0.0,0.13487184548284858,0,52,81,618.0,2,1.0,0.0,886.0,225.0,31.0,9.792746040639628,0,17.48527766837038,2.266971739090479,3.4890589773901115,5.842798892808796,0.0,74.3,16,0.13728813559322034,0.22504445008890017,0.10022271714922049,0.38596776346095063,0.14774085584508725,0.1,0.15048543689320387,0.14601769911504425,0.12387042792254363,0.13819268467606982,1.047457627118644,0.08692240987735889,Josh Reynolds,WR,135.8,80.6
00-0033943,2021,REG,0,0,0.0,0,0.0,0.0,0.0,0,0,0.0,0.0,0.0,0.0,0,0.0,0.0,0,0.0,0,0.0,0.0,0.0,0.0,0,29,49,396.0,2,0.0,0.0,668.0,119.0,21.0,18.884278442147462,0,13.082562757052502,1.5228453910421198,3.146631022796414,4.486909802520669,0.0,51.6,10,0.153125,0.2925974594831362,0.10682226211849193,0.463765467586509,0.17475728155339806,0.11764705882352941,0.18584070796460178,0.17692307692307693,0.14620217018846374,0.16333523700742433,1.2375,0.09368389241462677,Josh Reynolds,WR,80.6,103.9
00-0033943,2022,REG,0,0,0.0,0,0.0,0.0,0.0,0,0,0.0,0.0,0.0,0.0,0,0.0,0.0,0,0.0,0,0.0,0.0,0.0,0.0,0,38,59,479.0,3,0.0,0.0,704.0,115.0,25.0,11.604702909754556,0,9.437114414508013,1.6713382219879316,2.51402664186801,4.266825982289505,0.0,65.9,12,0.135632183908046,0.21681552202032645,0.0701219512195122,0.37690069347833016,0.14030462800234328,0.13043478260869565,0.14705882352941177,0.14507772020725387,0.13536970530551945,0.13833065892361376,1.1011494252873564,0.08424142180709605,Josh Reynolds,WR,103.9,156.0
00-0033943,2023,REG,0,0,0.0,0,0.0,0.0,0.0,0,0,0.0,0.0,0.0,0.0,0,0.0,0.0,0,0.0,0,0.0,0.0,0.0,0.0,0,40,64,608.0,5,1.0,1.0,645.0,173.0,32.0,14.700263801555883,0,15.687563326269583,1.9714406900904498,2.9996325035636717,5.056903787630245,0.0,88.80000000000001,16,0.11169284467713787,0.1691137912952281,0.08277511961722488,0.30283030005188927,0.1393536557414623,0.1724137931034483,0.14746543778801843,0.15040650406504066,0.1558837244224553,0.1459656832138595,1.0610820244328099,0.07899804958231621,Josh Reynolds,WR,156.0,38.4
00-0033948,2020,REG,0,0,0.0,0,0.0,0.0,0.0,0,0,0.0,0.0,0.0,0.0,0,0.0,0.0,119,505.0,2,0.0,0.0,29.0,1.3992540342733264,2,31,35,236.0,1,0.0,0.0,19.0,219.0,11.0,3.714593994267493,0,-12.976190476190476,1.0283082315330332,0.0521230016150799,1.5789484484301057,0.0,96.10000000000001,14,0.07446808510638298,0.00509656652360515,0.10900945744151319,0.11577938087845858,0.0627159181504119,0.025,0.0582010582010582,0.05240174672489083,0.043857959075205954,0.05517273452032953,0.502127659574468,0.08461374590578649,Jamaal Williams,RB,138.1,119.8
00-0033948,2021,REG,0,0,0.0,0,0.0,0.0,0.0,0,0,0.0,0.0,0.0,0.0,0,0.0,0.0,153,601.0,3,1.0,0.0,42.0,-3.0968296908927346,0,26,28,157.0,0,0.0,0.0,10.0,156.0,6.0,1.584870417835191,0,32.416666666666664,0.7755349523469072,0.028326559476934098,1.1831310201542147,0.0,93.8,13,0.05970149253731343,0.0033112582781456954,0.0913884007029877,0.0922012454284867,0.05036894449791466,0.0,0.03870967741935484,0.034482758620689655,0.02518447224895733,0.04029515559833173,0.3347547974413646,0.10792987261031729,Jamaal Williams,RB,119.8,223.9
00-0033948,2022,REG,0,0,0.0,0,0.0,0.0,0.0,0,0,0.0,0.0,0.0,0.0,0,0.0,0.0,262,1066.0,17,3.0,2.0,65.0,-26.026520815387734,1,12,16,73.0,0,0.0,0.0,29.0,65.0,4.0,-1.974092585442122,0,5.852631578947368,0.44656505502149396,0.08025408870282633,0.7260254446242194,0.0,213.9,17,0.027210884353741496,0.007013301088270859,0.028446389496717725,0.04642696740122893,0.01642664266426643,0.0,0.017543859649122806,0.01556420233463035,0.008213321332133214,0.013141314131413144,0.12414965986394558,0.13782289849059826,Jamaal Williams,RB,223.9,60.800000000000004
00-0033948,2023,REG,0,0,0.0,0,0.0,0.0,0.0,0,0,0.0,0.0,0.0,0.0,0,0.0,0.0,106,306.0,1,1.0,0.0,19.0,-26.248758762661247,0,18,20,62.0,0,0.0,0.0,-27.0,87.0,1.0,-7.395753533012436,0,7.627777777777777,0.6461915218938545,-0.12489177334807967,0.881863041497126,0.0,42.8,13,0.043859649122807015,-0.007403345215245407,0.06290672451193059,0.059866797512014194,0.01855731816821311,0.0,0.006369426751592357,0.0055248618784530384,0.009278659084106555,0.014845854534570489,0.13596491228070176,0.05013440638554018,Jamaal Williams,RB,60.800000000000004,37.1
00-0033949,2022,REG,40,68,411.0,2,2.0,6.0,26.0,4,2,538.0,213.0,25.0,-8.974636538833105,0,1.6181879123055594,0.09966735207661534,8,44.0,0,0.0,0.0,4.0,1.7875308629591018,0,0,0,0.0,0,0.0,0.0,0.0,0.0,0.0,0.0,0,0.0,0.0,0.0,0.0,0.0,20.84,2,0.0,0.0,0.0,0.0,0.0,0.0,0.0,0.0,0.0,0.0,0.0,0.15559205614454233,Joshua Dobbs,QB,24.950000000000003,221.3
00-0033949,2023,REG,262,417,2464.0,13,10.0,30.0,217.0,7,5,3320.0,1003.0,126.0,-80.74965717074797,1,10.019750557365622,0.8529584814598875,77,421.0,6,5.0,1.0,31.0,13.464617508027004,2,0,0,0.0,0,0.0,0.0,0.0,0.0,0.0,0.0,0,0.0,0.0,0.0,0.0,0.0,202.66,13,0.0,0.0,0.0,0.0,0.0,0.0,0.0,0.0,0.0,0.0,0.0,0.2046326588311321,Joshua Dobbs,QB,221.3,34.45
00-0033950,2020,REG,0,0,0.0,0,0.0,0.0,0.0,0,0,0.0,0.0,0.0,0.0,0,0.0,0.0,147,682.0,6,1.0,0.0,36.0,2.313932252568896,0,21,27,114.0,0,0.0,0.0,10.0,100.0,6.0,-1.770453923905734,0,18.255555555555556,0.8769593305459715,0.002142746040785362,1.316938918047507,0.0,115.6,14,0.05895196506550218,0.002788622420524261,0.08726003490401396,0.09065884553467268,0.03821656050955414,0.0,0.03870967741935484,0.03614457831325301,0.01910828025477707,0.030573248407643312,0.24890829694323144,0.1350175938006563,Wayne Gallman,RB,136.6,13.5
00-0033951,2020,REG,0,0,0.0,0,0.0,0.0,0.0,0,0,0.0,0.0,0.0,0.0,0,0.0,0.0,4,26.0,0,0.0,0.0,2.0,0.8817492661764845,0,3,3,30.0,0,0.0,0.0,-1.0,31.0,1.0,1.5845337327336892,0,-30.0,0.06521739130434782,-0.0034602076124567475,0.09540394162780201,0.0,5.6000000000000005,1,0.06521739130434782,-0.0034602076124567475,0.14622641509433962,0.09505792086655633,0.08264462809917356,0.0,0.058823529411764705,0.05555555555555555,0.04132231404958678,0.06611570247933884,0.6521739130434783,0.07991079724958187,Marlon Mack,RB,8.6,12.9
00-0033951,2021,REG,0,0,0.0,0,0.0,0.0,0.0,0,0,0.0,0.0,0.0,0.0,0,0.0,0.0,28,101.0,0,0.0,0.0,6.0,-5.852898045268375,0,2,5,8.0,0,0.0,0.0,16.0,4.0,0.0,-2.1475536422804,0,7.066666666666666,0.14989495798319327,0.058191489361702126,0.2655764795279814,0.0,10.9,5,0.03355704697986577,0.01316872427983539,0.0072992700729927005,0.06087054989366697,0.006274509803921568,0.0,0.0,0.0,0.003137254901960784,0.005019607843137255,0.053691275167785234,0.027634961439588688,Marlon Mack,RB,12.9,38.3
00-0033955,2020,REG,0,0,0.0,0,0.0,0.0,0.0,0,0,0.0,0.0,0.0,0.0,0,0.0,0.0,47,204.0,1,0.0,0.0,8.0,-7.238106450948239,0,12,17,55.0,0,0.0,0.0,8.0,51.0,0.0,-6.754241546049546,0,5.533333333333334,0.5341357379515587,-0.0228494516414006,0.7852089907783577,0.0,31.900000000000002,15,0.03711790393013101,0.0021316280309086064,0.034764826175869123,0.057382158319923396,0.015235457063711912,0.0,0.0,0.0,0.007617728531855956,0.01218836565096953,0.12008733624454149,0.029392072844134972,Jeremy McNichols,RB,44.300000000000004,73.60000000000001
00-0033958,2020,REG,3,5,25.0,0,0.0,2.0,16.0,0,0,9.0,21.0,1.0,-3.5255509120761417,0,2.7777777777777777,-0.08648318352401158,1,9.0,0,0.0,0.0,1.0,1.3306350384955294,0,0,0,0.0,0,0.0,0.0,0.0,0.0,0.0,0.0,0,0.0,0.0,0.0,0.0,0.0,1.9,1,0.0,0.0,0.0,0.0,0.0,0.0,0.0,0.0,0.0,0.0,0.0,0.03612167300380228,Nathan Peterman,QB,2.15,0.2
00-0033958,2021,REG,0,0,0.0,0,0.0,0.0,0.0,0,0,0.0,0.0,0.0,0.0,0,0.0,0.0,2,2.0,0,0.0,0.0,1.0,0.7534801120636985,0,0,0,0.0,0,0.0,0.0,0.0,0.0,0.0,0.0,0,0.0,0.0,0.0,0.0,0.0,0.2,1,0.0,0.0,0.0,0.0,0.0,0.0,0.0,0.0,0.0,0.0,0.0,0.0032289312237649337,Nathan Peterman,QB,0.2,9.649999999999999
00-0033958,2022,REG,14,25,139.0,1,1.0,1.0,6.0,0,0,265.0,44.0,9.0,-5.093470546009485,0,0.9838632750397457,0.14480918711894367,2,7.0,0,0.0,0.0,0.0,-0.23472769581712782,0,0,0,0.0,0,0.0,0.0,0.0,0.0,0.0,0.0,0,0.0,0.0,0.0,0.0,0.0,8.26,3,0.0,0.0,0.0,0.0,0.0,0.0,0.0,0.0,0.0,0.0,0.0,0.044764795144157814,Nathan Peterman,QB,9.649999999999999,-0.4
00-0034011,2020,REG,0,0,0.0,0,0.0,0.0,0.0,0,0,0.0,0.0,0.0,0.0,0,0.0,0.0,0,0.0,0,0.0,0.0,0.0,0.0,0,31,45,438.0,4,2.0,1.0,565.0,173.0,24.0,25.6917289988196,0,15.399846622923834,1.2957753653447077,2.042511887684455,3.3734213693961803,0.0,65.8,14,0.08754863813229571,0.14546858908341914,0.10819262038774234,0.24769782846517888,0.12393887945670629,0.16666666666666666,0.12834224598930483,0.13270142180094788,0.14530277306168649,0.13248443689869838,0.8521400778210116,0.07296519077985315,Dan Arnold,TE,96.8,73.8
00-0034011,2021,REG,0,0,0.0,0,0.0,0.0,0.0,0,0,0.0,0.0,0.0,0.0,0,0.0,0.0,0,0.0,0,0.0,0.0,0.0,0.0,0,35,52,408.0,0,1.0,1.0,340.0,188.0,20.0,3.5404379209805996,1,10.837012797647184,1.4860942806064759,1.299480484173022,3.138777759830829,0.0,40.800000000000004,10,0.14285714285714285,0.12048192771084337,0.16123499142367068,0.310671256454389,0.1656516443361754,0.0,0.16,0.15151515151515152,0.0828258221680877,0.13252131546894033,1.120879120879121,0.0914663577565402,Dan Arnold,TE,73.8,22.5
00-0034052,2020,REG,0,0,0.0,0,0.0,0.0,0.0,0,0,0.0,0.0,0.0,0.0,0,0.0,0.0,1,1.0,0,0.0,0.0,0.0,-0.3697966646286659,0,3,4,35.0,0,0.0,0.0,55.0,15.0,3.0,5.771752778324299,0,1.6345029239766082,0.11104636104636104,0.23184104721832632,0.32885827462236994,1.0,9.6,5,0.022099447513812154,0.044715447154471545,0.020689655172413793,0.06892152899429546,0.02631578947368421,0.0,0.04918032786885246,0.045454545454545456,0.013157894736842105,0.021052631578947368,0.19337016574585636,0.027178602243313203,Brandon Zylstra,WR,6.6000000000000005,49.0
00-0034054,2022,REG,0,0,0.0,0,0.0,0.0,0.0,0,0,0.0,0.0,0.0,0.0,0,0.0,0.0,0,0.0,0,0.0,0.0,0.0,0.0,0,9,14,102.0,2,0.0,0.0,122.0,26.0,8.0,1.4560171206831,0,4.9298245614035086,0.4017854890494209,0.37159965209515006,0.8627979900407364,0.0,22.2,8,0.047619047619047616,0.046564885496183206,0.02944507361268403,0.10868047982551798,0.044463818657367045,0.15384615384615385,0.0761904761904762,0.0847457627118644,0.09915498625176045,0.0663402856951244,0.3469387755102041,0.04441534037525268,River Cracraft,WR,31.2,32.4
00-0034054,2023,REG,0,0,0.0,0,0.0,0.0,0.0,0,0,0.0,0.0,0.0,0.0,0,0.0,0.0,0,0.0,0,0.0,0.0,0.0,0.0,0,9,12,121.0,1,0.0,0.0,92.0,49.0,8.0,5.9576272064005025,0,8.174603174603174,0.36313098140684347,0.28409581759331726,0.7435635444255873,0.0,18.1,6,0.06217616580310881,0.053117782909930716,0.057579318448883664,0.1357584750326078,0.06782511210762332,0.07142857142857142,0.09302325581395349,0.09,0.06962684176809737,0.06854580397181295,0.6269430051813472,0.040281824127474886,River Cracraft,WR,32.4,13.600000000000001
00-0034073,2020,REG,0,0,0.0,0,0.0,0.0,0.0,0,0,0.0,0.0,0.0,0.0,0,0.0,0.0,0,0.0,0,0.0,0.0,0.0,0.0,0,19,24,245.0,1,0.0,0.0,182.0,107.0,10.0,16.528869150963146,0,16.647002058828683,0.6523235678185463,0.720997586920515,1.48318366257218,0.0,30.5,10,0.0636604774535809,0.07207920792079207,0.07873436350257543,0.15315408251700502,0.08672566371681416,0.06666666666666667,0.07194244604316546,0.07142857142857142,0.07669616519174041,0.08271386430678467,0.649867374005305,0.05318006016330038,Ross Dwelley,TE,49.5,15.1
00-0034073,2021,REG,0,0,0.0,0,0.0,0.0,0.0,0,0,0.0,0.0,0.0,0.0,0,0.0,0.0,0,0.0,0,0.0,0.0,0.0,0.0,0,4,5,51.0,1,0.0,0.0,59.0,5.0,2.0,1.563315904873889,0,2.484593837535014,0.17114367114367113,0.21182122247344304,0.40499036244691683,0.0,11.1,3,0.05154639175257732,0.06941176470588235,0.01644736842105263,0.13284899939357186,0.07338129496402877,0.25,0.0625,0.08333333333333333,0.1616906474820144,0.10870503597122302,0.5257731958762887,0.0645575032064985,Ross Dwelley,TE,15.1,19.5
00-0034073,2022,REG,0,0,0.0,0,0.0,0.0,0.0,0,0,0.0,0.0,0.0,0.0,0,0.0,0.0,0,0.0,0,0.0,0.0,0.0,0.0,0,3,5,105.0,1,0.0,0.0,69.0,43.0,3.0,8.342849017702974,0,4.708333333333334,0.19705128205128206,0.3647635865413212,0.5509114336558479,0.0,16.5,4,0.047619047619047616,0.09478021978021978,0.08669354838709678,0.14725274725274726,0.12266355140186916,0.2,0.08823529411764706,0.10256410256410256,0.1613317757009346,0.13813084112149535,1.0,0.061274509803921566,Ross Dwelley,TE,19.5,2.2
00-0034073,2023,REG,0,0,0.0,0,0.0,0.0,0.0,0,0,0.0,0.0,0.0,0.0,0,0.0,0.0,0,0.0,0,0.0,0.0,0.0,0.0,0,1,2,12.0,0,0.0,0.0,17.0,12.0,1.0,0.5722602570895106,0,0.0,0.07614942528735633,0.07083333333333333,0.16380747126436782,0.0,1.2000000000000002,2,0.03508771929824561,0.03469387755102041,0.06060606060606061,0.08038668098818474,0.030226700251889168,0.0,0.058823529411764705,0.05263157894736842,0.015113350125944584,0.024181360201511334,0.21052631578947367,0.016938712657838008,Ross Dwelley,TE,2.2,1.5
00-0034104,2020,REG,0,0,0.0,0,0.0,0.0,0.0,0,0,0.0,0.0,0.0,0.0,0,0.0,0.0,1,5.0,0,0.0,0.0,0.0,0.04467823216691613,0,32,48,477.0,1,0.0,0.0,523.0,249.0,18.0,19.660104081075612,0,17.308656283695054,1.1884823979437,2.0310388346739687,3.2044507811873277,0.0,54.2,11,0.10835214446952596,0.19544095665171898,0.15266707541385652,0.3188809820256642,0.16545265348595214,0.09090909090909091,0.12857142857142856,0.12582781456953643,0.12818087219752153,0.1505439409705799,1.0767494356659142,0.09143754243041412,Cam Sims,WR,103.6,48.8
00-0034104,2021,REG,0,0,0.0,0,0.0,0.0,0.0,0,0,0.0,0.0,0.0,0.0,0,0.0,0.0,1,7.0,0,0.0,0.0,0.0,0.40346220385981724,0,15,23,211.0,2,0.0,0.0,267.0,42.0,11.0,8.951436545556941,0,8.864358869744427,0.8103151948740184,1.2333393188323094,2.0788103154936444,0.0,33.800000000000004,10,0.07958477508650519,0.12389791183294664,0.0425531914893617,0.2184954920961151,0.1053419870194708,0.18181818181818182,0.11827956989247312,0.125,0.1435800844188263,0.120637225979213,0.7301038062283737,0.069002573456633,Cam Sims,WR,48.8,16.900000000000002
00-0034109,2020,REG,0,0,0.0,0,0.0,0.0,0.0,0,0,0.0,0.0,0.0,0.0,0,0.0,0.0,118,502.0,1,0.0,0.0,19.0,-18.795654265617486,0,7,14,28.0,0,0.0,0.0,-6.0,39.0,1.0,-4.184614260739181,0,-0.5777777777777776,0.4039473684210526,-0.09114081747823873,0.5421224803968119,0.0,59.0,11,0.03899721448467967,-0.0019305019305019305,0.03535811423390753,0.05695142018261796,0.012053379250968575,0.0,0.008695652173913044,0.007751937984496124,0.006026689625484288,0.00964270340077486,0.07799442896935933,0.07988187165645953,Phillip Lindsay,RB,66.0,45.4
00-0034109,2021,REG,0,0,0.0,0,0.0,0.0,0.0,0,0,0.0,0.0,0.0,0.0,0,0.0,0.0,88,249.0,1,0.0,0.0,11.0,-22.972245210723486,0,4,5,45.0,1,0.0,0.0,-11.0,53.0,1.0,3.949103784223553,0,-18.5,0.14089912280701755,-0.039225317278790424,0.183890962115373,0.0,41.4,14,0.011363636363636364,-0.0034385745545482964,0.03940520446096654,0.014294594901815907,0.015723270440251572,0.07692307692307693,0.007518796992481203,0.0136986301369863,0.04632317368166425,0.027963231736816644,0.10227272727272728,0.04700863550705129,Phillip Lindsay,RB,45.4,12.8
00-0034115,2020,REG,0,0,0.0,0,0.0,0.0,0.0,0,0,0.0,0.0,0.0,0.0,0,0.0,0.0,126,600.0,7,2.0,2.0,31.0,-8.540836647419574,0,13,28,133.0,3,0.0,0.0,51.0,111.0,8.0,4.0000032974439925,0,-3.0936147186147185,0.807861975422951,0.21035066776041028,1.3590384305667138,0.0,129.3,11,0.07197943444730077,0.019325502084122773,0.074949358541526,0.12342955333824938,0.045346062052505964,0.1875,0.05228758169934641,0.0650887573964497,0.11642303102625298,0.07377684964200479,0.34190231362467866,0.13823317984884692,Jeffery Wilson,RB,142.3,51.5
00-0034115,2021,REG,0,0,0.0,0,0.0,0.0,0.0,0,0,0.0,0.0,0.0,0.0,0,0.0,0.0,79,294.0,2,1.0,0.0,19.0,-10.14015267467984,0,7,8,31.0,0,0.0,0.0,-10.0,43.0,1.0,-1.1884272018214688,0,-2.590909090909091,0.3075091575091575,-0.026233243114233563,0.44290046608377276,0.0,44.5,6,0.04790419161676647,-0.008149959250203748,0.05375,0.06533632002498671,0.021512838306731435,0.0,0.015151515151515152,0.013333333333333334,0.010756419153365717,0.017210270645385148,0.18562874251497005,0.09317219669283931,Jeffery Wilson,RB,51.5,169.1
00-0034115,2022,REG,0,0,0.0,0,0.0,0.0,0.0,0,0,0.0,0.0,0.0,0.0,0,0.0,0.0,176,860.0,5,2.0,1.0,44.0,7.632931600141033,0,22,37,185.0,1,1.0,1.0,92.0,141.0,7.0,-8.737561003082606,0,40.58170995670996,1.1785655366628895,0.2935100998511357,1.9733053748901295,0.0,136.5,16,0.07212475633528265,0.02117863720073665,0.07413249211356467,0.1251300442635133,0.045555281950258555,0.04,0.0374331550802139,0.03773584905660377,0.042777640975129275,0.04444422556020684,0.36062378167641324,0.11745612995020156,Jeffery Wilson,RB,169.1,42.900000000000006
00-0034115,2023,REG,0,0,0.0,0,0.0,0.0,0.0,0,0,0.0,0.0,0.0,0.0,0,0.0,0.0,41,188.0,0,0.0,0.0,8.0,-0.9232725574984215,0,14,17,85.0,0,0.0,0.0,46.0,69.0,3.0,2.6493050900326858,0,1.2007575757575766,0.5208714896214897,0.20690994870895507,0.926144198528503,0.0,27.3,9,0.05782312925170068,0.020674157303370785,0.06934673366834171,0.10327401972024765,0.03881278538812785,0.0,0.027777777777777776,0.024793388429752067,0.019406392694063926,0.031050228310502283,0.2891156462585034,0.05373406193078325,Jeff Wilson,RB,42.900000000000006,10.600000000000001
00-0034132,2020,REG,0,0,0.0,0,0.0,0.0,0.0,0,0,0.0,0.0,0.0,0.0,0,0.0,0.0,0,0.0,0,0.0,0.0,0.0,0.0,0,13,18,141.0,0,0.0,0.0,173.0,26.0,6.0,1.3524434753030015,0,5.456022408963586,0.5001475538240244,0.5377579636564659,1.1266519052955626,0.0,14.100000000000001,7,0.06691449814126393,0.07567804024496938,0.03551912568306011,0.1609141794078714,0.07071213640922769,0.0,0.05714285714285714,0.05128205128205128,0.035356068204613844,0.056569709127382156,0.5241635687732342,0.04084031587196335,Christian Blake,WR,27.1,6.5
00-0034159,2020,REG,0,0,0.0,0,0.0,0.0,0.0,0,0,0.0,0.0,0.0,0.0,0,0.0,0.0,0,0.0,0,0.0,0.0,0.0,0.0,0,24,29,251.0,2,0.0,0.0,138.0,169.0,12.0,5.9031648086966015,0,25.50734989648033,0.8244043306948888,0.43562652706119354,1.5415450649851687,0.0,37.1,14,0.05742574257425743,0.03102517985611511,0.09982279976373302,0.11095875774627824,0.06445814072932717,0.05263157894736842,0.06030150753768844,0.05907172995780591,0.05854485983834779,0.062092828372935414,0.497029702970297,0.04088159725939407,Will Dissly,TE,62.2,50.1
00-0034159,2021,REG,0,0,0.0,0,0.0,0.0,0.0,0,0,0.0,0.0,0.0,0.0,0,0.0,0.0,0,0.0,0,0.0,0.0,0.0,0.0,0,21,26,231.0,1,1.0,0.0,112.0,143.0,11.0,11.774168830830604,0,20.724074074074075,0.9287698391178867,0.3938248194877334,1.6688321323182433,0.0,29.1,12,0.07123287671232877,0.03345280764635603,0.1144,0.133611561185578,0.0858416945373467,0.05,0.09016393442622951,0.08450704225352113,0.06792084726867335,0.07867335562987737,0.6328767123287671,0.049294527421925735,Will Dissly,TE,50.1,86.9
00-0034159,2022,REG,0,0,0.0,0,0.0,0.0,0.0,0,0,0.0,0.0,0.0,0.0,0,0.0,0.0,0,0.0,0,0.0,0.0,0.0,0.0,0,34,38,349.0,3,0.0,0.0,206.0,184.0,20.0,26.388054174371064,0,43.3415875131497,1.2114567406785546,0.7764057008436536,2.3606691016083894,0.0,52.900000000000006,15,0.07407407407407407,0.05454064072014827,0.11358024691358025,0.15474362368722971,0.08980957282552754,0.1111111111111111,0.10752688172043011,0.107981220657277,0.10046034196831932,0.09406988048264427,0.6803118908382066,0.06293726552428408,Will Dissly,TE,86.9,40.2
00-0034159,2023,REG,0,0,0.0,0,0.0,0.0,0.0,0,0,0.0,0.0,0.0,0.0,0,0.0,0.0,0,0.0,0,0.0,0.0,0.0,0.0,0,17,22,172.0,1,0.0,0.0,62.0,120.0,8.0,8.722147255612072,0,27.328703703703702,0.6855969311444693,0.3385033545824807,1.2653477449244406,0.0,23.200000000000003,12,0.05250596658711217,0.020960108181203516,0.08264462809917356,0.09552703642563107,0.058603066439523,0.0625,0.06015037593984962,0.06040268456375839,0.0605515332197615,0.0593824531516184,0.4105011933174224,0.04180967238689548,Will Dissly,TE,40.2,113.7
00-0034164,2020,REG,0,0,0.0,0,0.0,0.0,0.0,0,0,0.0,0.0,0.0,0.0,0,0.0,0.0,10,33.0,0,0.0,0.0,2.0,-2.8927566396887414,0,3,3,16.0,0,0.0,0.0,3.0,13.0,1.0,-0.6049104123958386,0,5.0,0.10532407407407407,0.012195121951219513,0.16652269647696477,0.0,4.9,5,0.01775147928994083,0.0024937655860349127,0.018387553041018388,0.028622231403739172,0.012003000750187547,0.0,0.016666666666666666,0.015384615384615385,0.006001500375093774,0.009602400600150038,0.09467455621301775,0.01862680373479204,Trenton Cannon,RB,7.900000000000001,0.4
00-0034171,2021,REG,0,0,0.0,0,0.0,0.0,0.0,0,0,0.0,0.0,0.0,0.0,0,0.0,0.0,3,23.0,0,0.0,0.0,2.0,1.3899604643229395,0,4,7,16.0,1,0.0,0.0,6.0,8.0,2.0,-2.3362336072605103,0,3.2,0.21182701737621645,-0.004081185682695873,0.31488369608643757,0.0,9.9,7,0.02880658436213992,0.003873466752743706,0.0103359173126615,0.04630864994540484,0.010702341137123745,0.08333333333333333,0.02531645569620253,0.03296703296703297,0.04701783723522854,0.025228539576365665,0.06584362139917696,0.022975206611570244,Jason Cabinda,RB,13.899999999999999,1.9
00-0034171,2022,REG,0,0,0.0,0,0.0,0.0,0.0,0,0,0.0,0.0,0.0,0.0,0,0.0,0.0,1,4.0,0,0.0,0.0,1.0,-0.12419170117937028,0,1,4,5.0,0,0.0,0.0,13.0,2.0,1.0,-1.16645134286955,0,1.6666666666666667,0.14226053639846742,0.08165175974403723,0.2705470364185272,0.0,0.9,4,0.029850746268656716,0.016414141414141416,0.0035714285714285713,0.057907432534298205,0.004940711462450593,0.0,0.017241379310344827,0.015625,0.0024703557312252965,0.003952569169960475,0.03731343283582089,0.004624221183800623,Jason Cabinda,RB,1.9,1.0
00-0034177,2020,REG,0,0,0.0,0,0.0,1.0,11.0,1,0,0.0,0.0,0.0,-2.0614159354008734,0,0.0,0.0,13,-9.0,0,0.0,0.0,0.0,-6.312236611265689,0,0,0,0.0,0,0.0,0.0,0.0,0.0,0.0,0.0,0,0.0,0.0,0.0,0.0,0.0,-0.9000000000000001,8,0.0,0.0,0.0,0.0,0.0,0.0,0.0,0.0,0.0,0.0,0.0,-0.0009932240051206216,Tim Boyle,QB,-0.9000000000000001,27.599999999999998
00-0034177,2021,REG,61,94,526.0,3,6.0,0.0,0.0,1,0,593.0,265.0,28.0,-4.898510669356259,1,2.561133516014566,0.18424207227658554,2,13.0,0,0.0,0.0,1.0,1.8778446284122765,0,0,0,0.0,0,0.0,0.0,0.0,0.0,0.0,0.0,0,0.0,0.0,0.0,0.0,0.0,24.34,4,0.0,0.0,0.0,0.0,0.0,0.0,0.0,0.0,0.0,0.0,0.0,0.07384708737864078,Tim Boyle,QB,27.599999999999998,-2.55
00-0034177,2022,REG,2,8,33.0,0,2.0,0.0,0.0,0,0,101.0,32.0,2.0,-4.509478976833634,0,0.32673267326732675,-0.16155104254342956,2,-2.0,0,0.0,0.0,0.0,0.0,0,0,0,0.0,0,0.0,0.0,0.0,0.0,0.0,0.0,0,0.0,0.0,0.0,0.0,0.0,-2.88,1,0.0,0.0,0.0,0.0,0.0,0.0,0.0,0.0,0.0,0.0,0.0,-0.050191704426629485,Tim Boyle,QB,-2.55,14.5
00-0034177,2023,REG,48,77,360.0,1,4.0,9.0,64.0,1,0,477.0,190.0,16.0,-30.987578107018386,0,2.1070126356823606,-0.05296382447891782,4,5.0,0,1.0,0.0,3.0,2.6916901476797648,0,0,0,0.0,0,0.0,0.0,0.0,0.0,0.0,0.0,0,0.0,0.0,0.0,0.0,0.0,10.9,3,0.0,0.0,0.0,0.0,0.0,0.0,0.0,0.0,0.0,0.0,0.0,0.07082521117608838,Tim Boyle,QB,14.5,16.700000000000003
00-0034184,2022,REG,0,0,0.0,0,0.0,0.0,0.0,0,0,0.0,0.0,0.0,0.0,0,0.0,0.0,87,433.0,3,1.0,1.0,30.0,-0.02994282904546708,0,0,2,0.0,0,0.0,0.0,6.0,0.0,0.0,-1.012467852095142,0,0.0,0.09583333333333333,0.0347970173985087,0.1681079121789561,0.0,59.300000000000004,9,0.007936507936507936,0.003067484662576687,0.0,0.014358749634823254,0.0,0.0,0.0,0.0,0.0,0.0,0.0,0.09951000134246207,Gus Edwards,RB,65.5,194.5
00-0034184,2023,REG,0,0,0.0,0,0.0,0.0,0.0,0,0,0.0,0.0,0.0,0.0,0,0.0,0.0,198,810.0,13,2.0,2.0,49.0,-12.828958436328318,1,12,13,180.0,0,1.0,0.0,32.0,145.0,5.0,9.551620966289192,0,41.175,0.5504449294421955,0.13868336823651595,0.9227457519288544,0.0,175.0,17,0.02631578947368421,0.007825874296894107,0.07936507936507936,0.045734383648041596,0.04637979902087091,0.0,0.027777777777777776,0.024154589371980676,0.023189899510435454,0.03710383921669673,0.3643724696356275,0.1216307628265168,Gus Edwards,RB,194.5,66.30000000000001
00-0034193,2020,REG,0,0,0.0,0,0.0,0.0,0.0,0,0,0.0,0.0,0.0,0.0,0,0.0,0.0,0,0.0,0,0.0,0.0,0.0,0.0,0,0,1,0.0,0,0.0,0.0,4.0,0.0,0.0,-1.4395779594779015,0,0.0,0.023809523809523808,0.009828009828009828,0.04259389259389259,0.0,0.0,1,0.022727272727272728,0.009569377990430622,0.0,0.04174641148325359,0.0,0.0,0.0,0.0,0.0,0.0,0.0,0.0,Kevin Rader,TE,0.0,2.8000000000000003
00-0034208,2020,REG,0,0,0.0,0,0.0,0.0,0.0,0,0,0.0,0.0,0.0,0.0,0,0.0,0.0,11,59.0,1,0.0,0.0,2.0,-1.3900620707427152,0,2,2,10.0,0,0.0,0.0,-7.0,17.0,0.0,-0.17037402873393148,0,-2.833333333333333,0.05714285714285714,-0.024868705591597158,0.06830619180016771,0.0,12.900000000000002,5,0.010362694300518135,-0.005339435545385202,0.023192360163710776,0.011272493014469039,0.006609385327164574,0.0,0.0,0.0,0.003304692663582287,0.00528750826173166,0.05181347150259067,0.026663326294692393,Mike Boone,RB,14.900000000000002,7.7
00-0034208,2021,REG,0,0,0.0,0,0.0,0.0,0.0,0,0,0.0,0.0,0.0,0.0,0,0.0,0.0,4,35.0,0,0.0,0.0,2.0,1.714410936110653,0,2,2,22.0,0,0.0,0.0,-2.0,24.0,1.0,2.1143767066532746,0,8.75,0.048611111111111105,-0.0003764351590438558,0.07265316205533597,0.0,5.7,2,0.02247191011235955,-0.002631578947368421,0.08191126279863481,0.03160260201064459,0.03722504230118443,0.0,0.03571428571428571,0.03125,0.018612521150592216,0.029780033840947545,0.24719101123595505,0.03962128228877226,Mike Boone,RB,7.7,28.8
00-0034208,2022,REG,0,0,0.0,0,0.0,0.0,0.0,0,0,0.0,0.0,0.0,0.0,0,0.0,0.0,24,102.0,0,0.0,0.0,6.0,-3.6902199581488917,0,9,15,96.0,0,0.0,0.0,45.0,81.0,2.0,-7.14867603957688,0,-11.299421009098428,0.508718287849516,0.17546633232662878,0.8859038644029142,0.0,19.8,8,0.053763440860215055,0.01892346509671993,0.08402489626556017,0.09578393336769853,0.05052631578947368,0.0,0.02702702702702703,0.024390243902439025,0.02526315789473684,0.04042105263157895,0.34408602150537637,0.048072108162243374,Mike Boone,RB,28.8,13.3
00-0034208,2023,REG,0,0,0.0,0,0.0,0.0,0.0,0,0,0.0,0.0,0.0,0.0,0,0.0,0.0,5,23.0,0,1.0,0.0,2.0,-1.9981542084133253,0,7,9,40.0,0,0.0,0.0,9.0,33.0,2.0,0.046215330461528925,0,4.7785714285714285,0.23792878887738128,0.016520145713086944,0.3684572853152328,0.0,6.300000000000001,7,0.036734693877551024,0.004032258064516129,0.03905325443786982,0.058327847267939444,0.019445794846864366,0.0,0.0196078431372549,0.017391304347826087,0.009722897423432183,0.015556635877491494,0.16326530612244897,0.020051863466409362,Mike Boone,RB,13.3,5.9
00-0034253,2020,REG,0,0,0.0,0,0.0,0.0,0.0,0,0,0.0,0.0,0.0,0.0,0,0.0,0.0,9,48.0,0,0.0,0.0,3.0,-1.0054544250306208,0,1,1,2.0,0,0.0,0.0,0.0,2.0,0.0,2.055344753433019,0,0.0,0.038461538461538464,0.0,0.057692307692307696,0.0,5.0,2,0.01694915254237288,0.0,0.015384615384615385,0.025423728813559324,0.005449591280653951,0.0,0.0,0.0,0.0027247956403269754,0.004359673024523161,0.03389830508474576,0.03322627090486211,Dontrell Hilliard,RB,6.0,77.0
00-0034253,2021,REG,0,0,0.0,0,0.0,0.0,0.0,0,0,0.0,0.0,0.0,0.0,0,0.0,0.0,56,350.0,2,1.0,1.0,15.0,9.060534117830684,0,19,26,87.0,0,1.0,0.0,-23.0,108.0,7.0,-6.92588988899954,0,15.023443223443223,0.8100665266106443,-0.13655089811627172,1.1195141612345763,0.0,53.7,7,0.12037037037037036,-0.013897280966767372,0.18090452261306533,0.16943773078214167,0.06322674418604651,0.0,0.09090909090909091,0.08045977011494253,0.031613372093023256,0.05058139534883721,0.4027777777777778,0.12971950610234814,Dontrell Hilliard,RB,77.0,77.2
00-0034270,2020,REG,0,0,0.0,0,0.0,0.0,0.0,0,0,0.0,0.0,0.0,0.0,0,0.0,0.0,0,0.0,0,0.0,0.0,0.0,0.0,0,19,26,194.0,1,1.0,0.0,114.0,126.0,11.0,7.9242709229001775,0,14.276452713952715,0.7259915777816635,0.47270814976855396,1.4198830715104829,0.0,25.4,7,0.09386281588447654,0.05981112277019937,0.12401574803149606,0.1886431220428743,0.09255725190839695,0.058823529411764705,0.09821428571428571,0.09302325581395349,0.07569039066008082,0.08581050740907051,0.7003610108303249,0.05774182641038312,Tyler Conklin,TE,44.4,138.3
00-0034270,2021,REG,0,0,0.0,0,0.0,0.0,0.0,0,0,0.0,0.0,0.0,0.0,0,0.0,0.0,0,0.0,0,0.0,0.0,0.0,0.0,0,61,87,593.0,3,1.0,0.0,464.0,326.0,26.0,11.340533091528917,0,29.39912178090937,2.579116856284786,1.8421571293325785,5.158185274959984,0.0,77.3,17,0.14403973509933773,0.09582817017761255,0.16769547325102882,0.29272213879109665,0.13325842696629214,0.08823529411764706,0.12871287128712872,0.1228813559322034,0.11074686054196961,0.12425380039656314,0.9817880794701986,0.08632958801498128,Tyler Conklin,TE,138.3,131.5
00-0034270,2022,REG,0,0,0.0,0,0.0,0.0,0.0,0,0,0.0,0.0,0.0,0.0,0,0.0,0.0,2,3.0,0,0.0,0.0,2.0,1.2572721946344245,0,58,87,552.0,3,2.0,0.0,617.0,284.0,25.0,2.4153021171548597,0,22.868384274512362,2.470601775671396,2.4572693842035624,5.425991232449587,0.0,73.5,17,0.13875598086124402,0.11927314904310844,0.15468409586056645,0.3035524905263528,0.13663366336633664,0.2,0.13089005235602094,0.13592233009708737,0.16831683168316833,0.14930693069306933,0.8803827751196173,0.1027745212973818,Tyler Conklin,TE,131.5,123.1
00-0034270,2023,REG,0,0,0.0,0,0.0,0.0,0.0,0,0,0.0,0.0,0.0,0.0,0,0.0,0.0,1,0.0,0,0.0,0.0,0.0,-3.5422332452144474,0,61,87,621.0,0,0.0,0.0,595.0,246.0,27.0,6.411194102599364,0,19.097925098665293,2.6299457855340207,2.4806720447535,5.681389109628481,0.0,62.1,17,0.1447587354409318,0.14875,0.13804713804713806,0.3361381031613977,0.1841091016898903,0.0,0.17307692307692307,0.16167664670658682,0.09205455084494515,0.14728728135191224,1.0332778702163061,0.11181557243033098,Tyler Conklin,TE,123.1,119.9
00-0034272,2020,REG,0,0,0.0,0,0.0,0.0,0.0,0,0,0.0,0.0,0.0,0.0,0,0.0,0.0,4,13.0,0,0.0,0.0,1.0,-0.7676328771049157,0,33,63,690.0,6,1.0,1.0,1153.0,241.0,27.0,29.160337658657227,0,8.808487930829482,1.9667755555218012,4.511859561761441,6.10846502651571,0.0,104.3,14,0.13347457627118645,0.3105305682736332,0.11942517343904856,0.44863631902568624,0.1788955146486907,0.15,0.14285714285714285,0.14410480349344978,0.16444775732434536,0.17311641171895256,1.4618644067796611,0.09115776334833818,Marquez Valdes-Scantling,WR,166.1,87.0
00-0034272,2021,REG,0,0,0.0,0,0.0,0.0,0.0,0,0,0.0,0.0,0.0,0.0,0,0.0,0.0,0,0.0,0,0.0,0.0,0.0,0.0,0,26,55,430.0,3,0.0,0.0,985.0,146.0,18.0,10.757256269082617,0,4.897845505075898,1.6350371999565547,3.3152062343236572,4.773200163961392,0.0,61.0,11,0.14138817480719795,0.31329516539440205,0.09001233045622688,0.4627183945263186,0.13965573238064308,0.12,0.1125,0.11351351351351352,0.12982786619032155,0.13572458590451447,1.1053984575835476,0.07848019051742802,Marquez Valdes-Scantling,WR,87.0,153.60000000000002
00-0034272,2022,REG,0,0,0.0,0,0.0,0.0,0.0,0,0,0.0,0.0,0.0,0.0,0,0.0,0.0,1,-3.0,0,0.0,0.0,0.0,-1.0038337134756148,0,42,81,687.0,2,0.0,0.0,1153.0,122.0,32.0,17.297868028928427,0,11.054388491417706,2.4051013034626436,4.502846492666535,6.759644500060539,0.0,80.4,17,0.12442396313364056,0.2446943972835314,0.0431095406360424,0.38239146252728595,0.13085714285714287,0.04878048780487805,0.11764705882352941,0.10862619808306709,0.08981881533101047,0.11444181184668992,1.055299539170507,0.06584185045723508,Marquez Valdes-Scantling,WR,153.60000000000002,83.3
00-0034272,2023,REG,0,0,0.0,0,0.0,0.0,0.0,0,0,0.0,0.0,0.0,0.0,0,0.0,0.0,0,0.0,0,0.0,0.0,0.0,0.0,0,21,42,315.0,1,1.0,1.0,742.0,92.0,14.0,0.6663176012461647,0,6.8086640959781795,1.2067560432941005,3.081848684484555,3.967428144080339,0.0,35.5,16,0.06942148760330578,0.18890020366598778,0.035783741734733567,0.25525239433774893,0.07448569401749823,0.03571428571428571,0.06666666666666667,0.06302521008403361,0.05509998986589197,0.06673141235685573,0.5206611570247934,0.039015025963981875,Marquez Valdes-Scantling,WR,83.3,84.5
00-0034279,2020,REG,0,0,0.0,0,0.0,0.0,0.0,0,0,0.0,0.0,0.0,0.0,0,0.0,0.0,1,7.0,0,0.0,0.0,1.0,0.5274908703286201,0,7,13,117.0,1,0.0,0.0,157.0,59.0,6.0,5.776400765753351,0,4.900279156327543,0.41909184111558095,0.6447724679578807,1.0799784892438877,0.0,18.4,8,0.05019305019305019,0.0748688602765856,0.057392996108949414,0.13518466351084377,0.05766387382947265,0.041666666666666664,0.05555555555555555,0.05303030303030303,0.04966527024806966,0.054464432396911455,0.4517374517374517,0.030046370776947103,Equanimeous St. Brown,WR,31.1,20.3
00-0034279,2021,REG,0,0,0.0,0,0.0,0.0,0.0,0,0,0.0,0.0,0.0,0.0,0,0.0,0.0,3,14.0,0,0.0,0.0,2.0,-0.4780338841374032,0,9,17,98.0,0,0.0,0.0,175.0,58.0,6.0,4.694028524769237,0,11.29548942106487,0.48118138099162766,0.7053104303192956,1.2154893727109484,0.0,11.200000000000001,9,0.05246913580246913,0.075790385448246,0.0436418359668924,0.1393360120623005,0.04026294165981923,0.0,0.047244094488188976,0.039473684210526314,0.020131470829909615,0.032210353327855386,0.30246913580246915,0.0212976825590958,Equanimeous St. Brown,WR,20.3,62.7
00-0034279,2022,REG,0,0,0.0,0,0.0,0.0,0.0,0,0,0.0,0.0,0.0,0.0,0,0.0,0.0,6,54.0,0,0.0,0.0,2.0,1.3262877903180197,0,21,38,323.0,1,1.0,1.0,495.0,98.0,14.0,2.969664967786953,0,11.383348637501781,1.9981064796766776,2.6761988929185345,4.8704989445579905,0.0,41.7,16,0.10888252148997135,0.15415758330738089,0.08876811594202899,0.28664984888086176,0.13162184189079054,0.05555555555555555,0.13592233009708737,0.12396694214876033,0.09358869872317305,0.11640858462374355,0.9255014326647565,0.057419685702773,Equanimeous St. Brown,WR,62.7,11.2
00-0034286,2022,REG,0,0,0.0,0,0.0,0.0,0.0,0,0,0.0,0.0,0.0,0.0,0,0.0,0.0,2,6.0,0,0.0,0.0,0.0,-0.5533195314928889,0,57,70,569.0,4,0.0,0.0,509.0,176.0,29.0,24.49580530790889,0,16.56121583831753,2.4649494644261893,2.950696566064685,5.762911792884564,0.0,81.5,14,0.16203703703703703,0.1824372759856631,0.12616487455197134,0.38900537634408605,0.19688581314878892,0.2857142857142857,0.20422535211267606,0.21153846153846154,0.24130004943153732,0.21465150766188829,1.3171296296296295,0.12109819008481244,Richie James,WR,157.70000000000002,23.0
00-0034297,2020,REG,0,0,0.0,0,0.0,0.0,0.0,0,0,0.0,0.0,0.0,0.0,0,0.0,0.0,0,0.0,0,0.0,0.0,0.0,0.0,0,13,17,160.0,1,0.0,0.0,173.0,68.0,9.0,15.089731177809881,0,5.805862731566056,0.47029646171718925,0.7898298019533787,1.2583255539431488,1.0,28.0,6,0.0776255707762557,0.10340705319784818,0.07327586206896551,0.1991639987226621,0.08918617614269789,0.07142857142857142,0.1,0.09615384615384616,0.08030737378563466,0.08563465519987261,0.730593607305936,0.06177862158334086,Byron Pringle,WR,44.9,167.0
00-0034297,2021,REG,0,0,0.0,0,0.0,0.0,0.0,0,0,0.0,0.0,0.0,0.0,0,0.0,0.0,0,0.0,0,0.0,0.0,0.0,0.0,0,42,60,568.0,5,0.0,0.0,641.0,187.0,32.0,36.73909083536926,0,19.610158014732264,1.6156527513652799,2.3538321589899422,4.07116163834088,0.0,86.8,16,0.09404388714733543,0.1383254208027622,0.07123809523809524,0.2517261673632129,0.11905260951582478,0.1388888888888889,0.12403100775193798,0.12585034013605442,0.12897074920235685,0.1230198653904376,0.890282131661442,0.07577629519808912,Byron Pringle,WR,167.0,35.5
00-0034297,2022,REG,0,0,0.0,0,0.0,0.0,0.0,0,0,0.0,0.0,0.0,0.0,0,0.0,0.0,0,0.0,0,0.0,0.0,0.0,0.0,0,10,16,135.0,2,0.0,0.0,225.0,14.0,8.0,8.891196727927309,0,6.949914630719585,0.8090888577653284,1.3600066456932014,2.1656379386332336,0.0,25.5,8,0.0903954802259887,0.14441591784338895,0.026615969581749048,0.25112595461369425,0.12373968835930339,0.2,0.1702127659574468,0.17543859649122806,0.1618698441796517,0.13899175068744274,0.7627118644067796,0.07146595804646294,Byron Pringle,WR,35.5,30.1
00-0034301,2020,REG,0,0,0.0,0,0.0,0.0,0.0,0,0,0.0,0.0,0.0,0.0,0,0.0,0.0,39,169.0,1,0.0,0.0,14.0,2.454457768605429,0,18,26,116.0,0,0.0,0.0,-22.0,156.0,6.0,-1.3187599171375486,1,-17.362301587301587,0.662795520183991,-0.10417962869927463,0.9212675401864944,0.0,36.5,13,0.04990403071017274,-0.005323009920154851,0.07947019867549669,0.07059763812913523,0.029464058928117855,0.0,0.02830188679245283,0.024390243902439025,0.014732029464058927,0.023571247142494284,0.22264875239923224,0.03787668186367174,Darrel Williams,RB,82.5,196.4
00-0034301,2021,REG,0,0,0.0,0,0.0,0.0,0.0,0,0,0.0,0.0,0.0,0.0,0,0.0,0.0,144,558.0,6,0.0,0.0,40.0,4.9404268118926105,0,47,57,452.0,2,0.0,0.0,82.0,435.0,19.0,20.60644695547321,0,-68.78368035473298,1.4976302423950436,0.3678614435110998,2.5039483740503354,0.0,149.0,17,0.08444444444444445,0.01651560926485398,0.1594574780058651,0.13987915407854987,0.09155357504557424,0.05405405405405406,0.07116104868913857,0.06907894736842106,0.07280381454981415,0.08405367084727021,0.6696296296296296,0.11132062612172569,Darrel Williams,RB,196.4,21.1
00-0034317,2020,REG,0,0,0.0,0,0.0,0.0,0.0,0,0,0.0,0.0,0.0,0.0,0,0.0,0.0,0,0.0,0,0.0,0.0,0.0,0.0,0,1,2,13.0,0,0.0,0.0,32.0,9.0,0.0,-0.9609215835037486,0,0.40625,0.07407407407407407,0.13008130081300814,0.2021680216802168,0.0,1.3,1,0.06896551724137931,0.12307692307692308,0.12,0.20190981432360744,0.06018518518518518,0.0,0.0,0.0,0.0,0.0,0.4482758620689655,0.04004178272980501,Keith Kirkwood,WR,2.3,4.7
00-0034317,2021,REG,0,0,0.0,0,0.0,0.0,0.0,0,0,0.0,0.0,0.0,0.0,0,0.0,0.0,0,0.0,0,0.0,0.0,0.0,0.0,0,3,7,17.0,0,0.0,0.0,55.0,16.0,1.0,-0.8913638396188617,0,0.3469387755102041,0.1970551378446115,0.19277735515154576,0.4305268553729993,0.0,1.7000000000000002,3,0.06542056074766354,0.07913669064748201,0.05161290322580645,0.16144019363948092,0.034482758620689655,0.0,0.04,0.037037037037037035,0.017241379310344827,0.027586206896551724,0.1588785046728972,0.025416396279472203,Keith Kirkwood,WR,4.7,3.8000000000000003
00-0034317,2022,REG,0,0,0.0,0,0.0,0.0,0.0,0,0,0.0,0.0,0.0,0.0,0,0.0,0.0,0,0.0,0,0.0,0.0,0.0,0.0,0,2,4,18.0,0,0.0,0.0,55.0,4.0,1.0,-1.6444360294844955,0,3.166666666666667,0.2151152073732719,0.5218861024033438,0.6879930827422485,0.0,1.8,3,0.05263157894736842,0.09136212624584718,0.015873015873015872,0.15203706941773037,0.037578288100208766,0.0,0.038461538461538464,0.034482758620689655,0.018789144050104383,0.030062630480167014,0.23684210526315788,0.01620054570259209,Keith Kirkwood,WR,3.8000000000000003,14.700000000000001
00-0034319,2020,REG,0,0,0.0,0,0.0,0.0,0.0,0,0,0.0,0.0,0.0,0.0,0,0.0,0.0,0,0.0,0,0.0,0.0,0.0,0.0,0,7,11,36.0,0,0.0,0.0,57.0,30.0,2.0,-2.5545581913320348,0,4.113207547169812,0.3175836684337238,0.4087443011720292,0.7624965134710062,0.0,3.6000000000000005,6,0.044,0.027777777777777776,0.03,0.08822222222222223,0.01900739176346357,0.0,0.021052631578947368,0.017857142857142856,0.009503695881731784,0.015205913410770856,0.144,0.015988898274405694,Deon Yelder,TE,10.6,1.0
00-0034331,2020,REG,0,0,0.0,0,0.0,0.0,0.0,0,0,0.0,0.0,0.0,0.0,0,0.0,0.0,9,28.0,0,0.0,0.0,1.0,-2.667070102780183,0,9,14,46.0,0,0.0,0.0,-3.0,56.0,2.0,-3.0637966215144843,0,-1.7000000000000002,0.3534341480160069,-0.00984898766596458,0.5232569306578352,0.0,7.4,8,0.0440251572327044,-0.0013959981386691485,0.05415860735009671,0.06492093733812128,0.024351508734780307,0.0,0.020618556701030927,0.017699115044247787,0.012175754367390153,0.019481206987824247,0.14465408805031446,0.023099892951715592,Jaylen Samuels,RB,16.4,5.3
00-0034348,2020,REG,0,0,0.0,0,0.0,0.0,0.0,0,0,0.0,0.0,0.0,0.0,0,0.0,0.0,0,0.0,0,0.0,0.0,0.0,0.0,0,3,6,66.0,0,0.0,0.0,106.0,7.0,2.0,-4.61644256112127,0,0.6226415094339622,0.15789473684210525,0.20703125,0.38176398026315783,0.0,6.6000000000000005,1,0.15384615384615385,0.2058252427184466,0.11475409836065574,0.3954294249439881,0.2391304347826087,0.0,0.16666666666666666,0.14285714285714285,0.11956521739130435,0.19130434782608696,1.6923076923076923,0.10904134484325308,Courtland Sutton,WR,9.600000000000001,148.4
00-0034348,2021,REG,1,1,16.0,0,0.0,0.0,0.0,0,0,15.0,1.0,1.0,1.001634000451304,0,1.0666666666666667,0.0,0,0.0,0,0.0,0.0,0.0,0.0,0,58,98,776.0,2,0.0,0.0,1509.0,135.0,35.0,20.10111837010122,1,10.128864363037687,3.09028538187106,5.2192606061907565,8.288910497140119,0.0,92.24000000000001,17,0.18114602587800369,0.33150263620386644,0.07740825688073394,0.5369211477800987,0.2012448132780083,0.1,0.19553072625698323,0.18592964824120603,0.15062240663900417,0.18099585062240664,1.4343807763401109,0.11011917850389198,Courtland Sutton,WR,148.4,159.4
00-0034348,2022,REG,0,0,0.0,0,0.0,0.0,0.0,0,0,0.0,0.0,0.0,0.0,0,0.0,0.0,1,5.0,0,0.0,0.0,0.0,0.17087475687731057,0,64,109,829.0,2,0.0,0.0,1343.0,147.0,38.0,23.830661869054634,0,9.226001649147541,3.4398098556908874,4.633179804142948,8.402940646436395,0.0,95.4,15,0.21756487025948104,0.288755106428725,0.08807669263031756,0.5573513905322016,0.2337186354665915,0.15384615384615385,0.2602739726027397,0.25157232704402516,0.19378239465637268,0.21774413914250398,1.654690618762475,0.14338658606793322,Courtland Sutton,WR,159.4,190.20000000000002
00-0034348,2023,REG,0,0,0.0,0,0.0,0.0,0.0,0,0,0.0,0.0,0.0,0.0,0,0.0,0.0,0,0.0,0,0.0,0.0,0.0,0.0,0,59,90,772.0,10,3.0,3.0,1060.0,156.0,37.0,22.994587154528944,0,12.205767101141742,3.301223616740858,5.697227547017675,8.93989470802366,0.0,131.2,16,0.18711018711018712,0.30182232346241455,0.08232189973614776,0.5221231394352124,0.23099940155595453,0.37037037037037035,0.25170068027210885,0.27011494252873564,0.30068488596316245,0.2588735953188377,1.604989604989605,0.15194363226765087,Courtland Sutton,WR,190.20000000000002,253.10000000000002
00-0034351,2020,REG,0,0,0.0,0,0.0,0.0,0.0,0,0,0.0,0.0,0.0,0.0,0,0.0,0.0,0,0.0,0,0.0,0.0,0.0,0.0,0,46,65,524.0,3,0.0,0.0,560.0,202.0,28.0,14.879573279526085,0,17.963896287501033,1.8508334945781144,1.8712008058872776,4.086090805988266,0.0,70.4,11,0.15550239234449761,0.15114709851551958,0.1854912764003673,0.3541712673291621,0.20404984423676012,0.2,0.22764227642276422,0.2246376811594203,0.20202492211838008,0.2032398753894081,1.2535885167464116,0.12725205527374497,Dallas Goedert,TE,116.4,178.20000000000002
00-0034351,2021,REG,0,0,0.0,0,0.0,0.0,0.0,0,0,0.0,0.0,0.0,0.0,0,0.0,0.0,0,0.0,0,0.0,0.0,0.0,0.0,0,56,76,830.0,4,1.0,0.0,643.0,386.0,42.0,52.33043191915097,1,23.902611042754636,3.1044301870286692,3.082101851390614,6.814116576516434,0.0,109.0,15,0.17511520737327188,0.17257112184648415,0.24200626959247648,0.4007297085370951,0.2528945764777575,0.23529411764705882,0.2781456953642384,0.27380952380952384,0.24409434706240815,0.24937448471161777,1.912442396313364,0.13022066483568517,Dallas Goedert,TE,178.20000000000002,177.3
00-0034351,2022,REG,0,0,0.0,0,0.0,0.0,0.0,0,0,0.0,0.0,0.0,0.0,0,0.0,0.0,0,0.0,0,0.0,0.0,0.0,0.0,0,55,69,702.0,3,1.0,1.0,424.0,420.0,40.0,45.187987072817165,0,28.47765233686346,2.4181013812138263,2.1173453186836624,5.109293794899303,0.0,86.2,12,0.18449197860962566,0.14696707105719237,0.2843601895734597,0.3943116247601924,0.22659780503550678,0.17647058823529413,0.273972602739726,0.26380368098159507,0.20153419663540045,0.21657236167546426,1.8770053475935828,0.12906528217034421,Dallas Goedert,TE,177.3,148.4
00-0034351,2023,REG,0,0,0.0,0,0.0,0.0,0.0,0,0,0.0,0.0,0.0,0.0,0,0.0,0.0,1,1.0,0,0.0,0.0,0.0,-0.45955811988096684,0,59,83,592.0,3,0.0,0.0,445.0,319.0,33.0,16.14812831702584,0,21.61008305758972,2.721693260446011,1.7420044387278621,5.301942997778521,0.0,77.3,14,0.17965367965367965,0.10845722641969291,0.21641791044776118,0.3562463006162738,0.17396414928004703,0.15,0.20496894409937888,0.19889502762430938,0.1619820746400235,0.16917131942403763,1.2813852813852813,0.11172863794347171,Dallas Goedert,TE,148.4,149.4
00-0034353,2020,REG,0,0,0.0,0,0.0,0.0,0.0,0,0,0.0,0.0,0.0,0.0,0,0.0,0.0,2,12.0,0,0.0,0.0,1.0,0.6104293982498348,0,49,76,485.0,2,1.0,1.0,735.0,148.0,23.0,3.230421506153111,0,18.568532008162208,2.013150811594734,2.285249186723277,4.619400648098395,0.0,59.7,16,0.1237785016286645,0.15092402464065707,0.08619685497961561,0.3064069721555224,0.12356687898089172,0.07692307692307693,0.10550458715596331,0.10245901639344263,0.10024497795198432,0.11423811856932876,0.7899022801302932,0.07664645325059935,Anthony Miller,WR,113.10000000000001,14.5
00-0034364,2020,REG,0,0,0.0,0,0.0,0.0,0.0,0,0,0.0,0.0,0.0,0.0,0,0.0,0.0,1,4.0,0,0.0,0.0,1.0,0.7527946922928095,0,37,49,403.0,1,0.0,0.0,369.0,172.0,20.0,16.162207264186605,0,15.35191137132729,1.5334579520887994,1.343698316899434,3.240775749962803,0.0,46.7,13,0.11290322580645161,0.09415667262056647,0.10804020100502512,0.24468017680613058,0.10494791666666667,0.041666666666666664,0.11494252873563218,0.10606060606060606,0.07330729166666666,0.09229166666666667,0.9285714285714286,0.06828750917842866,Jordan Akins,TE,83.7,41.7
00-0034364,2021,REG,0,0,0.0,0,0.0,0.0,0.0,0,0,0.0,0.0,0.0,0.0,0,0.0,0.0,1,3.0,0,0.0,0.0,1.0,0.49852748471312225,0,24,33,214.0,0,2.0,2.0,207.0,81.0,11.0,-8.525723242740607,0,13.545265309738994,1.0371351766513057,0.8660220157750149,2.161918176019469,0.0,17.700000000000003,12,0.08168316831683169,0.0696969696969697,0.060044477390659746,0.17828232823282328,0.07623797648735305,0.0,0.08661417322834646,0.07746478873239436,0.03811898824367652,0.06099038118988244,0.5297029702970297,0.04523365297001779,Jordan Akins,TE,41.7,114.5
00-0034364,2022,REG,0,0,0.0,0,0.0,0.0,0.0,0,0,0.0,0.0,0.0,0.0,0,0.0,0.0,0,0.0,0,0.0,0.0,0.0,0.0,0,37,54,495.0,5,1.0,1.0,332.0,270.0,23.0,21.35781015403336,1,25.963571501237535,1.6433250720737549,1.3648095284712318,3.4203542780404943,0.0,79.5,15,0.10714285714285714,0.0881104033970276,0.16090584028605484,0.23120260843190776,0.15348837209302327,0.2777777777777778,0.16312056737588654,0.1761006289308176,0.21563307493540051,0.1783462532299742,0.9821428571428571,0.10914371369683341,Jordan Akins,TE,114.5,28.200000000000003
00-0034364,2023,REG,0,0,0.0,0,0.0,0.0,0.0,0,0,0.0,0.0,0.0,0.0,0,0.0,0.0,0,0.0,0,0.0,0.0,0.0,0.0,0,15,23,132.0,0,0.0,0.0,109.0,58.0,6.0,-1.0378406735835597,0,23.526774891774892,0.7420062562255719,0.43641040729953473,1.4184966694480323,0.0,13.200000000000001,13,0.04904051172707889,0.025509010063187457,0.038821954484605084,0.0939679756411683,0.0414572864321608,0.0,0.045454545454545456,0.0392156862745098,0.0207286432160804,0.033165829145728645,0.2814498933901919,0.025627976298665898,Jordan Akins,TE,28.200000000000003,91.0
00-0034365,2020,REG,0,0,0.0,0,0.0,0.0,0.0,0,0,0.0,0.0,0.0,0.0,0,0.0,0.0,0,0.0,0,0.0,0.0,0.0,0.0,0,20,31,145.0,1,1.0,0.0,196.0,78.0,11.0,-5.499420326494146,0,13.694306557922118,0.9378702724290959,0.7900414161147014,1.959834399923935,0.0,20.5,13,0.0696629213483146,0.05975609756097561,0.04596346493812611,0.15229926007125238,0.04384638645297853,0.07142857142857142,0.0728476821192053,0.07272727272727272,0.05763747894077498,0.04936282344809711,0.3258426966292135,0.03659263810332677,Ian Thomas,TE,40.5,36.800000000000004
00-0034365,2021,REG,0,0,0.0,0,0.0,0.0,0.0,0,0,0.0,0.0,0.0,0.0,0,0.0,0.0,0,0.0,0,0.0,0.0,0.0,0.0,0,18,30,188.0,0,0.0,0.0,183.0,92.0,6.0,-15.779598595749121,0,13.653061021665673,0.9216770102111179,0.7580295345081932,1.9131361894724122,0.0,18.8,14,0.06134969325153374,0.04891740176423416,0.06301369863013699,0.13115846128868794,0.06539130434782608,0.0,0.04316546762589928,0.04,0.03269565217391304,0.05231304347826087,0.38445807770961143,0.03815844048112817,Ian Thomas,TE,36.800000000000004,40.7
00-0034365,2022,REG,0,0,0.0,0,0.0,0.0,0.0,0,0,0.0,0.0,0.0,0.0,0,0.0,0.0,0,0.0,0,0.0,0.0,0.0,0.0,0,21,30,197.0,0,0.0,0.0,69.0,182.0,8.0,4.008337110019056,0,23.321834415584412,1.177258504725298,0.11299308852364723,1.8449829190545,0.0,19.700000000000003,13,0.08042895442359249,0.02593984962406015,0.12491420727522307,0.14139531133463687,0.07280118255728012,0.0,0.07142857142857142,0.064,0.03640059127864006,0.058240946045824096,0.5281501340482574,0.042660685086579185,Ian Thomas,TE,40.7,10.6
00-0034365,2023,REG,0,0,0.0,0,0.0,0.0,0.0,0,0,0.0,0.0,0.0,0.0,0,0.0,0.0,0,0.0,0,0.0,0.0,0.0,0.0,0,5,9,56.0,0,0.0,0.0,78.0,33.0,1.0,-7.67592188360868,0,10.07563025210084,0.33044216206355426,0.5166201068141995,0.857297317865271,0.0,5.6000000000000005,7,0.037037037037037035,0.04524361948955916,0.05392156862745098,0.09175045114720289,0.04028776978417266,0.0,0.015625,0.014492753623188406,0.02014388489208633,0.03223021582733813,0.23045267489711935,0.022849752101746064,Ian Thomas,TE,10.6,3.7
00-0034366,2020,REG,0,0,0.0,0,0.0,0.0,0.0,0,0,0.0,0.0,0.0,0.0,0,0.0,0.0,0,0.0,0,0.0,0.0,0.0,0.0,0,33,40,400.0,3,3.0,2.0,377.0,148.0,18.0,10.64267510625084,1,21.277781072399307,1.1624464523138638,1.109048524118558,2.5200036453537864,0.0,56.0,8,0.14285714285714285,0.14640776699029126,0.1487437185929648,0.33141192787794727,0.15509887553315238,0.1875,0.15,0.15441176470588236,0.1712994377665762,0.1615791004265219,1.4285714285714286,0.1099906075436255,Keke Coutee,WR,87.0,1.5
00-0034366,2021,REG,0,0,0.0,0,0.0,0.0,0.0,0,0,0.0,0.0,0.0,0.0,0,0.0,0.0,0,0.0,0,0.0,0.0,0.0,0.0,0,1,1,5.0,0,0.0,0.0,5.0,0.0,0.0,-0.1689153602346778,0,1.0,0.038461538461538464,0.02617801047120419,0.07601691502215063,0.0,0.5,1,0.038461538461538464,0.02617801047120419,0.0,0.07863471606927105,0.03333333333333333,0.0,0.0,0.0,0.016666666666666666,0.02666666666666667,0.19230769230769232,0.018564356435643563,Keke Coutee,WR,1.5,1.0
00-0034367,2020,REG,0,0,0.0,0,0.0,0.0,0.0,0,0,0.0,0.0,0.0,0.0,0,0.0,0.0,89,380.0,3,0.0,0.0,24.0,-11.425455689232127,1,63,76,482.0,4,0.0,0.0,52.0,470.0,24.0,8.828977514605773,0,40.720592527192245,2.258664351819833,0.1919317765891132,3.5223487713421284,0.0,130.20000000000002,16,0.13768115942028986,0.013111447302067574,0.20944741532976827,0.21701089697208883,0.11514572384137602,0.16666666666666666,0.11940298507462686,0.12444444444444444,0.14090619525402134,0.12544991240643416,0.8731884057971014,0.12823235809483352,Nyheim Hines,RB,200.5,116.60000000000001
00-0034367,2021,REG,0,0,0.0,0,0.0,0.0,0.0,0,0,0.0,0.0,0.0,0.0,0,0.0,0.0,56,276.0,2,0.0,0.0,15.0,3.9944264685792374,0,40,57,310.0,1,1.0,0.0,113.0,286.0,15.0,4.338703770994259,0,2.240476190476189,1.9602050372959379,0.5680710886663278,3.337957318010336,0.0,76.60000000000001,17,0.10940499040307101,0.02825,0.17260108630054316,0.18670748560460654,0.08639910813823858,0.037037037037037035,0.08982035928143713,0.08247422680412371,0.061718072587637805,0.07652669391799827,0.5950095969289827,0.07930246476957396,Nyheim Hines,RB,116.60000000000001,72.5
00-0034378,2020,REG,0,0,0.0,0,0.0,0.0,0.0,0,0,0.0,0.0,0.0,0.0,0,0.0,0.0,63,268.0,1,0.0,0.0,8.0,-1.9848800259642303,0,17,26,75.0,0,1.0,0.0,1.0,81.0,3.0,-12.01111012653402,0,26.67222222222222,0.6491859200946077,-0.010405468607736201,0.9664950521164963,0.0,40.300000000000004,14,0.046181172291296625,0.00020733982998133942,0.0552901023890785,0.06943763030093002,0.018495684340320593,0.0,0.014018691588785047,0.012605042016806723,0.009247842170160296,0.014796547472256475,0.13321492007104796,0.0429986492570914,Ito Smith,RB,57.3,6.4
00-0034383,2020,REG,0,0,0.0,0,0.0,0.0,0.0,0,0,0.0,0.0,0.0,0.0,0,0.0,0.0,0,0.0,0,0.0,0.0,0.0,0.0,0,63,89,615.0,4,1.0,1.0,584.0,279.0,33.0,13.081543445433166,0,20.520361328720462,2.3321683861830946,2.016343831738088,4.909693261491303,0.0,83.5,16,0.13928012519561817,0.12271485606219794,0.1354368932038835,0.3070920726431856,0.13633340722677897,0.16,0.14285714285714285,0.14453125,0.1481667036133895,0.14106672578142318,0.9624413145539906,0.09629668581645127,Dalton Schultz,TE,146.5,222.70000000000002
00-0034383,2021,REG,0,0,0.0,0,0.0,0.0,0.0,0,0,0.0,0.0,0.0,0.0,0,0.0,0.0,0,0.0,0,0.0,0.0,0.0,0.0,0,78,104,808.0,8,0.0,0.0,741.0,341.0,43.0,46.23608383688971,1,23.184866003662872,2.9023300721551735,2.52868309184982,6.123573272527634,0.0,130.8,17,0.160741885625966,0.14483971853010164,0.15061837455830387,0.3569846032630303,0.16280475518839413,0.2,0.17338709677419356,0.17708333333333334,0.18140237759419708,0.17024380415071533,1.248840803709428,0.11368090944727559,Dalton Schultz,TE,222.70000000000002,184.9
00-0034383,2022,REG,0,0,0.0,0,0.0,0.0,0.0,0,0,0.0,0.0,0.0,0.0,0,0.0,0.0,0,0.0,0,0.0,0.0,0.0,0.0,0,57,89,577.0,5,1.0,1.0,640.0,204.0,27.0,-0.3395475966057493,0,15.779795722272137,2.6843085390919708,2.3948818143365367,5.702880078673532,0.0,85.7,15,0.18275154004106775,0.16393442622950818,0.13645484949832776,0.4052748510452082,0.16415362731152205,0.19230769230769232,0.1588235294117647,0.16326530612244897,0.17823065980960717,0.16978444031075612,1.1848049281314168,0.10470320639812164,Dalton Schultz,TE,184.9,170.5
00-0034383,2023,REG,0,0,0.0,0,0.0,0.0,0.0,0,0,0.0,0.0,0.0,0.0,0,0.0,0.0,0,0.0,0,0.0,0.0,0.0,0.0,0,59,88,635.0,5,1.0,1.0,669.0,259.0,35.0,25.352797458600588,0,13.363461037967637,2.6351846199862043,2.239893423603384,5.5207023265016755,0.0,91.5,15,0.16417910447761194,0.14511930585683297,0.14404894327030032,0.3623641014018843,0.15151515151515152,0.19230769230769232,0.1724137931034483,0.17467248908296942,0.17191142191142192,0.15967365967365968,1.1847014925373134,0.10941953120456,Dalton Schultz,TE,170.5,132.8
00-0034386,2022,REG,0,0,0.0,0,0.0,0.0,0.0,0,0,0.0,0.0,0.0,0.0,0,0.0,0.0,0,0.0,0,0.0,0.0,0.0,0.0,0,15,34,315.0,2,0.0,0.0,637.0,60.0,12.0,7.577325679885094,0,9.766479951798924,0.9678264994145919,2.438476787980246,3.15867350070806,0.0,43.5,17,0.05222734254992319,0.1351867572156197,0.02120141342756184,0.18649041959738055,0.06,0.04878048780487805,0.04411764705882353,0.04472843450479233,0.054390243902439024,0.05775609756097561,0.4838709677419355,0.03146853146853147,Justin Watson,WR,64.5,104.0
00-0034386,2023,REG,0,0,0.0,0,0.0,0.0,0.0,0,0,0.0,0.0,0.0,0.0,0,0.0,0.0,0,0.0,0,0.0,0.0,0.0,0.0,0,27,53,460.0,3,1.0,1.0,928.0,47.0,21.0,4.295495750731789,0,8.395652053509531,1.4860122326112655,4.037167633147576,5.055035692120201,0.0,62.0,15,0.09464285714285714,0.26774379688401617,0.020346320346320345,0.3561593232214987,0.12269938650306748,0.13043478260869565,0.11538461538461539,0.11707317073170732,0.12656708455588156,0.12424646572419312,0.8214285714285714,0.06944119345224162,Justin Watson,WR,104.0,62.9
00-0034401,2021,REG,88,132,953.0,5,8.0,4.0,18.0,0,0,781.0,566.0,49.0,2.940178521830399,0,5.1654869161481125,0.4150567100805549,5,-1.0,0,0.0,0.0,2.0,-0.6702195840189233,0,0,0,0.0,0,0.0,0.0,0.0,0.0,0.0,0.0,1,0.0,0.0,0.0,0.0,0.0,44.019999999999996,4,0.0,0.0,0.0,0.0,0.0,0.0,0.0,0.0,0.0,0.0,0.0,0.1005941499085923,Mike White,QB,54.55,68.5
00-0034401,2022,REG,103,175,1192.0,3,4.0,9.0,76.0,2,1,1303.0,568.0,56.0,-7.627866973863519,0,4.250796003810265,0.2561724384163461,6,9.0,1,0.0,0.0,3.0,2.5758212814689614,0,0,0,0.0,0,0.0,0.0,0.0,0.0,0.0,0.0,0,0.0,0.0,0.0,0.0,0.0,56.58,4,0.0,0.0,0.0,0.0,0.0,0.0,0.0,0.0,0.0,0.0,0.0,0.16262359163025983,Mike White,QB,68.5,2.8
00-0034401,2023,REG,5,6,74.0,1,1.0,0.0,0.0,0,0,23.0,51.0,1.0,-7.240901717566885,0,1.9142857142857144,0.0,8,-9.0,0,1.0,1.0,0.0,-11.80669235586538,0,0,0,0.0,0,0.0,0.0,0.0,0.0,0.0,0.0,0,0.0,0.0,0.0,0.0,0.0,2.06,6,0.0,0.0,0.0,0.0,0.0,0.0,0.0,0.0,0.0,0.0,0.0,0.003036735656583525,Mike White,QB,2.8,1.4000000000000001
00-0034407,2020,REG,0,0,0.0,0,0.0,0.0,0.0,0,0,0.0,0.0,0.0,0.0,0,0.0,0.0,4,65.0,0,0.0,0.0,1.0,3.0353001162293367,0,20,22,77.0,0,0.0,0.0,-33.0,105.0,3.0,0.09034955844981596,0,8.0,0.528805562385857,-0.1077261089246048,0.7178000673315622,0.0,14.200000000000001,11,0.04772234273318872,-0.010012135922330098,0.07473309608540925,0.063573805361919,0.02726628895184136,0.0,0.022058823529411766,0.018867924528301886,0.01363314447592068,0.02181303116147309,0.16702819956616052,0.03283221012614481,Ray-Ray McCloud,WR,34.2,72.2
00-0034407,2021,REG,0,0,0.0,0,0.0,0.0,0.0,0,0,0.0,0.0,0.0,0.0,0,0.0,0.0,2,15.0,0,0.0,0.0,0.0,0.03957455197814852,0,39,66,277.0,0,1.0,0.0,421.0,116.0,17.0,-14.2788928315848,0,16.5083924225127,1.6241526236707218,1.626245945393909,3.574601097281819,0.0,29.200000000000003,14,0.11978221415607986,0.11829165495925822,0.0675990675990676,0.27430664520152637,0.08468358300214002,0.0,0.10179640718562874,0.09090909090909091,0.04234179150107001,0.06774686640171201,0.5027223230490018,0.05741997406839881,Ray-Ray McCloud,WR,72.2,58.1
00-0034407,2022,REG,0,0,0.0,0,0.0,0.0,0.0,0,0,0.0,0.0,0.0,0.0,0,0.0,0.0,4,78.0,1,0.0,0.0,1.0,3.877258835535031,0,14,25,243.0,1,0.0,0.0,295.0,92.0,11.0,12.392493324063253,0,17.098148148148148,0.8675148206737219,1.395303740925321,2.2779848496583077,0.0,44.1,14,0.05938242280285035,0.10161901481226318,0.049972840847365564,0.1703688460540861,0.07249403341288783,0.043478260869565216,0.0728476821192053,0.06896551724137931,0.057986147141226525,0.06669087890422332,0.5771971496437055,0.0470452962801017,Ray-Ray McCloud,WR,58.1,33.1
00-0034407,2023,REG,0,0,0.0,0,0.0,0.0,0.0,0,0,0.0,0.0,0.0,0.0,0,0.0,0.0,3,30.0,0,0.0,0.0,2.0,1.9398944369750097,0,12,15,135.0,0,0.0,0.0,94.0,87.0,7.0,2.3845920271705836,0,4.50984739793922,0.5820197044334975,0.4022003231278809,1.1545697828397627,0.0,16.5,7,0.07853403141361257,0.055852644087938205,0.11254851228978008,0.16248316239076943,0.07959905660377359,0.0,0.08641975308641975,0.07692307692307693,0.039799528301886794,0.06367924528301887,0.7068062827225131,0.04605390731045181,Ray-Ray McCloud,WR,33.1,142.5
00-0034411,2020,REG,1,2,39.0,1,0.0,0.0,0.0,0,0,75.0,2.0,1.0,2.136300238315016,0,1.054054054054054,0.0,2,9.0,0,0.0,0.0,1.0,-0.1903986821998842,0,72,109,786.0,4,0.0,0.0,927.0,281.0,50.0,31.42884212508111,0,38.7961605019364,2.8563706222162577,2.8108194416284134,6.252129542464276,0.0,109.06,16,0.1735668789808917,0.17112793058888684,0.17092457420924576,0.397252662942447,0.17012987012987013,0.14814814814814814,0.205761316872428,0.2,0.15913900913900914,0.16573352573352573,1.2515923566878981,0.11880577427821523,Russell Gage,WR,181.45000000000002,163.0
00-0034411,2021,REG,0,0,0.0,0,0.0,0.0,0.0,0,0,0.0,0.0,0.0,0.0,0,0.0,0.0,0,0.0,0,0.0,0.0,0.0,0.0,0,66,94,770.0,4,2.0,2.0,882.0,248.0,37.0,9.49708630586398,0,14.596562488144496,3.0649776298969846,3.7188363154244404,7.200651865642586,0.0,97.0,13,0.22274881516587677,0.2933155969404722,0.19180201082753287,0.568775700301193,0.2589976454759502,0.36363636363636365,0.26618705035971224,0.2733333333333333,0.31131700455615696,0.27992538910803294,1.8246445497630333,0.1757374504053821,Russell Gage,WR,163.0,124.60000000000001
00-0034414,2020,REG,0,0,0.0,0,0.0,0.0,0.0,0,0,0.0,0.0,0.0,0.0,0,0.0,0.0,80,374.0,1,1.0,0.0,16.0,-4.652030469616875,0,25,36,212.0,1,0.0,0.0,95.0,181.0,8.0,-0.4704102040354665,0,0.5546939494613924,1.0197009973705664,0.3330350432194201,1.7626760263094439,0.0,70.60000000000001,16,0.06020066889632107,0.01773380623483293,0.12213225371120108,0.10448804833234794,0.05686695278969957,0.045454545454545456,0.04519774011299435,0.04522613065326633,0.05116074912212251,0.05458447132266875,0.35451505016722407,0.0709925591480893,Boston Scott,RB,95.60000000000001,109.1
00-0034414,2021,REG,0,0,0.0,0,0.0,0.0,0.0,0,0,0.0,0.0,0.0,0.0,0,0.0,0.0,87,373.0,7,1.0,1.0,24.0,3.1922295561869576,0,13,16,83.0,0,0.0,0.0,-9.0,96.0,3.0,-4.427679989648453,0,8.032051282051281,0.6209615964899168,-0.047319309194139965,0.8983188782989772,0.0,85.6,9,0.06694560669456066,-0.003991130820399113,0.1276595744680851,0.0972255053855217,0.04868035190615836,0.0,0.0379746835443038,0.03409090909090909,0.02434017595307918,0.03894428152492669,0.3472803347280335,0.14265046296296294,Boston Scott,RB,109.1,66.2
00-0034414,2022,REG,0,0,0.0,0,0.0,0.0,0.0,0,0,0.0,0.0,0.0,0.0,0,0.0,0.0,54,217.0,3,0.0,0.0,12.0,-2.530565278371796,0,5,6,15.0,0,0.0,0.0,-10.0,20.0,0.0,-3.9425144935958087,0,0.22222222222222232,0.2090384402450727,-0.054979274317480904,0.2750721683453724,0.0,41.2,13,0.01507537688442211,-0.003027550711474417,0.01330671989354624,0.020191024757453633,0.004613964933866502,0.0,0.0,0.0,0.002306982466933251,0.003691171947093202,0.03768844221105527,0.03680571046174437,Boston Scott,RB,66.2,17.8
00-0034418,2020,REG,2,2,23.0,1,0.0,0.0,0.0,0,0,2.0,21.0,1.0,2.8229402869474143,0,1.1,0.0,3,-12.0,0,0.0,0.0,0.0,-5.772642614785582,0,17,28,189.0,2,0.0,0.0,244.0,113.0,10.0,4.126200041268021,0,5.1291361374943465,0.6283087665544782,0.6438173801942983,1.3931353159677262,0.0,34.620000000000005,10,0.06542056074766354,0.07979071288423806,0.08862745098039215,0.16196341142888576,0.06669019054340156,0.125,0.0684931506849315,0.07407407407407407,0.09584509527170078,0.07835215243472124,0.441588785046729,0.05361111688095881,Cedrick Wilson,WR,51.85,157.9
00-0034418,2021,REG,3,3,88.0,0,0.0,0.0,0.0,0,0,67.0,21.0,3.0,5.7490395497879945,0,4.260416666666667,0.0,2,11.0,0,0.0,0.0,1.0,1.9798408342758194,0,45,61,602.0,6,1.0,0.0,595.0,260.0,27.0,34.777382763575545,1,16.275748328496253,1.6291636049307845,1.933464861626999,3.797170810535076,0.0,102.82,14,0.11401869158878504,0.1362179487179487,0.13749338974087785,0.28000239635753654,0.14364113576712,0.16666666666666666,0.12857142857142856,0.13414634146341464,0.15515390121689332,0.14824624194702934,1.125233644859813,0.09622820836642493,Cedrick Wilson,WR,157.9,28.8
00-0034418,2022,REG,0,0,0.0,0,0.0,1.0,6.0,0,0,0.0,0.0,0.0,-1.2526237178826705,0,0.0,0.0,1,8.0,0,0.0,0.0,0.0,0.546419185353443,0,12,18,136.0,0,0.0,0.0,189.0,45.0,8.0,6.897870796616189,0,8.706514447884418,0.5671438097036027,0.6949453931267275,1.3371774897441133,0.0,14.400000000000002,9,0.05714285714285714,0.0669500531349628,0.04766949152542373,0.13927432822225597,0.05281553398058252,0.0,0.06349206349206349,0.0547945205479452,0.02640776699029126,0.04225242718446602,0.43174603174603177,0.029081295439524125,Cedrick Wilson,WR,28.8,76.3
00-0034418,2023,REG,0,0,0.0,0,0.0,1.0,7.0,0,0,0.0,0.0,0.0,-1.3574523675488308,0,0.0,0.0,0,0.0,0,0.0,0.0,0.0,0.0,0,22,38,296.0,3,0.0,0.0,429.0,57.0,14.0,0.44893637045177215,0,7.958076555994751,1.1784920553302907,1.6785511454079738,2.9427238847810173,0.0,47.6,11,0.10106382978723404,0.15754682335659198,0.044186046511627906,0.2776332033661246,0.10500177367860944,0.2,0.10687022900763359,0.11643835616438356,0.15250088683930474,0.12400141894288756,0.7872340425531915,0.07221714949780027,Ced Wilson,WR,76.3,52.15
00-0034419,2020,REG,0,0,0.0,0,0.0,0.0,0.0,0,0,0.0,0.0,0.0,0.0,0,0.0,0.0,3,29.0,0,0.0,0.0,1.0,1.3426951186847873,0,37,55,394.0,3,0.0,0.0,416.0,216.0,19.0,4.318439460412354,0,29.16441833704255,2.009464308029982,2.017122252815651,4.426182039015929,0.0,60.300000000000004,13,0.13513513513513514,0.12652068126520682,0.1722488038277512,0.30391924771486817,0.1577261809447558,0.23076923076923078,0.15447154471544716,0.16176470588235295,0.1942477058569933,0.1723347909096508,0.9680589680589681,0.11100716469675535,Braxton Berrios,WR,97.3,115.1
00-0034419,2021,REG,0,0,0.0,0,0.0,0.0,0.0,0,0,0.0,0.0,0.0,0.0,0,0.0,0.0,7,40.0,2,0.0,0.0,3.0,5.014443893858697,0,46,65,431.0,2,1.0,1.0,332.0,264.0,22.0,7.82737549621379,0,19.348513126939103,2.012035543562881,1.310457442746654,3.9353735252669795,1.0,75.1,15,0.12014787430683918,0.08398684543384771,0.14497528830313014,0.24741128780733695,0.11909367228516164,0.1111111111111111,0.12290502793296089,0.1218274111675127,0.11510239169813638,0.11749716005035155,0.7966728280961183,0.09972331104450079,Braxton Berrios,WR,115.1,57.7
00-0034419,2022,REG,1,1,2.0,1,0.0,0.0,0.0,0,0,2.0,0.0,1.0,1.1844526951317675,0,1.0,0.0,9,91.0,2,0.0,0.0,5.0,6.219126509153284,0,18,32,145.0,0,0.0,0.0,218.0,92.0,8.0,-8.999093093793947,0,13.035230402739522,0.9566346089784641,0.6491467819754795,1.8893546608505318,0.0,39.68,15,0.0570409982174688,0.04758786291202794,0.05411764705882353,0.12363178765582555,0.039094095443515775,0.0,0.04597701149425287,0.042328042328042326,0.019547047721757888,0.03127527635481262,0.25846702317290554,0.04849259327762177,Braxton Berrios,WR,57.7,57.9
00-0034419,2023,REG,0,0,0.0,0,0.0,0.0,0.0,0,0,0.0,0.0,0.0,0.0,0,0.0,0.0,1,11.0,0,0.0,0.0,1.0,0.7298046299256384,0,27,33,238.0,1,0.0,0.0,229.0,85.0,15.0,10.86630826399778,0,25.963810538196046,0.9981723698508689,0.901529883112134,2.128329472954797,0.0,30.900000000000002,13,0.0765661252900232,0.07258320126782884,0.04904789382573572,0.17291574894929787,0.0660377358490566,0.041666666666666664,0.08620689655172414,0.08080808080808081,0.05385220125786164,0.06116352201257862,0.5522041763341067,0.04348936425910347,Braxton Berrios,WR,57.9,0.0
00-0034438,2020,REG,1,3,7.0,0,0.0,0.0,0.0,0,0,17.0,0.0,1.0,1.5348045515129343,0,1.0,0.0,7,10.0,0,0.0,0.0,1.0,-3.5547642141464166,0,0,0,0.0,0,0.0,0.0,0.0,0.0,0.0,0.0,0,0.0,0.0,0.0,0.0,0.0,1.28,5,0.0,0.0,0.0,0.0,0.0,0.0,0.0,0.0,0.0,0.0,0.0,0.0025691461603307773,Logan Woodside,QB,1.35,-0.6000000000000001
00-0034440,2020,REG,0,0,0.0,0,0.0,0.0,0.0,0,0,0.0,0.0,0.0,0.0,0,0.0,0.0,59,270.0,0,0.0,0.0,15.0,-2.6091979499324225,0,19,24,173.0,0,0.0,0.0,-47.0,221.0,7.0,4.0301358488504775,1,-5.052046783625731,0.6642532467532467,-0.1787832408400268,0.8712316015418513,0.0,46.300000000000004,8,0.08421052631578947,-0.020632133450395083,0.19557522123893806,0.10981008271336815,0.07903152124257652,0.0,0.0673076923076923,0.056910569105691054,0.03951576062128826,0.06322521699406122,0.6070175438596491,0.08051192266909969,Justin Jackson,RB,63.300000000000004,86.20000000000002
00-0034440,2021,REG,0,0,0.0,0,0.0,0.0,0.0,0,0,0.0,0.0,0.0,0.0,0,0.0,0.0,68,364.0,2,1.0,1.0,18.0,0.9592175703295807,0,22,25,178.0,0,0.0,0.0,20.0,165.0,8.0,5.932369897374883,0,9.086928104575165,0.6998676577291428,0.07738030270867075,1.1039676984897837,0.0,64.2,13,0.04854368932038835,0.005025125628140704,0.09359047078842882,0.07683563448309508,0.04731525784157363,0.0,0.04060913705583756,0.035398230088495575,0.023657628920786815,0.03785220627325891,0.34563106796116505,0.06284722728532058,Justin Jackson,RB,86.20000000000002,51.1
00-0034449,2020,REG,0,0,0.0,0,0.0,0.0,0.0,0,0,0.0,0.0,0.0,0.0,0,0.0,0.0,16,64.0,0,0.0,0.0,2.0,-0.5252298009581864,0,1,2,3.0,0,0.0,0.0,19.0,7.0,0.0,-0.4685888678650372,0,0.15789473684210525,0.07407407407407407,0.1043956043956044,0.1841880341880342,0.0,6.7,2,0.028169014084507043,0.03725490196078431,0.026717557251908396,0.07205744269538801,0.005067567567567568,0.0,0.0,0.0,0.002533783783783784,0.004054054054054054,0.04225352112676056,0.04278253139237693,Buddy Howell,RB,7.7,1.1
00-0034487,2020,REG,0,0,0.0,0,0.0,0.0,0.0,0,0,0.0,0.0,0.0,0.0,0,0.0,0.0,0,0.0,0,0.0,0.0,0.0,0.0,0,5,7,50.0,0,0.0,0.0,82.0,27.0,2.0,-7.4889869700418785,0,1.5789473684210527,0.2507936507936508,0.3748798008937157,0.638606336816077,0.0,5.0,2,0.109375,0.1453900709219858,0.09608540925266904,0.28037455673758865,0.08741258741258741,0.0,0.07407407407407407,0.06896551724137931,0.043706293706293704,0.06993006993006994,0.78125,0.05631264782070053,Trent Sherfield,WR,10.0,23.7
00-0034487,2021,REG,0,0,0.0,0,0.0,0.0,0.0,0,0,0.0,0.0,0.0,0.0,0,0.0,0.0,0,0.0,0,0.0,0.0,0.0,0.0,0,9,20,87.0,1,0.0,0.0,174.0,23.0,7.0,-5.662714003073322,0,5.738888888888889,0.7207923014988232,0.9148686758993619,1.721596525377788,0.0,14.700000000000001,9,0.07692307692307693,0.08592592592592592,0.018806214227309895,0.18412535612535613,0.03680203045685279,0.06666666666666667,0.06862745098039216,0.06837606837606838,0.05173434856175973,0.04277495769881557,0.3346153846153846,0.028614203269504743,Trent Sherfield,WR,23.7,83.7
00-0034487,2022,REG,0,0,0.0,0,0.0,0.0,0.0,0,0,0.0,0.0,0.0,0.0,0,0.0,0.0,0,0.0,0,0.0,0.0,0.0,0.0,0,30,51,417.0,2,0.0,0.0,561.0,138.0,18.0,6.536412975165588,0,13.14968579228577,1.525220501910486,1.7040846764721993,3.4806900263962683,0.0,53.7,16,0.0922242314647378,0.10974178403755869,0.07926479035037334,0.22612977442715365,0.09039670496423152,0.06666666666666667,0.08450704225352113,0.0823045267489712,0.07853168581544909,0.08565069730471855,0.7540687160940326,0.05646935002901054,Trent Sherfield,WR,83.7,27.3
00-0034487,2023,REG,0,0,0.0,0,0.0,0.0,0.0,0,0,0.0,0.0,0.0,0.0,0,0.0,0.0,0,0.0,0,0.0,0.0,0.0,0.0,0,11,22,86.0,1,0.0,0.0,190.0,49.0,4.0,-2.21938811756037,0,6.160113519091847,0.6616998140212426,0.6063464582029761,1.4169922417739471,0.0,14.600000000000001,9,0.06528189910979229,0.06010756089844986,0.04609595484477893,0.14600889738344833,0.034126984126984124,0.06666666666666667,0.036036036036036036,0.03968253968253968,0.0503968253968254,0.040634920634920635,0.2551928783382789,0.02907769195820082,Trent Sherfield,WR,27.3,25.1
00-0034521,2020,REG,0,0,0.0,0,0.0,0.0,0.0,0,0,0.0,0.0,0.0,0.0,0,0.0,0.0,2,17.0,0,0.0,0.0,1.0,0.39512610307428986,0,33,46,451.0,3,0.0,0.0,458.0,195.0,23.0,38.19180166986189,0,10.028721820391208,1.5546199992705594,1.9072500482860306,3.6670050327060606,0.0,64.8,10,0.14465408805031446,0.1800314465408805,0.14617691154422788,0.36100628930817613,0.17292944785276074,0.0967741935483871,0.17164179104477612,0.15757575757575756,0.13485182070057392,0.157698396991886,1.4182389937106918,0.08646297475068958,Allen Lazard,WR,126.60000000000001,144.1
00-0034521,2021,REG,0,0,0.0,0,0.0,0.0,0.0,0,0,0.0,0.0,0.0,0.0,0,0.0,0.0,3,32.0,0,0.0,0.0,2.0,2.7569728402304463,0,40,60,513.0,8,0.0,0.0,647.0,174.0,28.0,36.58736934207987,0,13.629528041527154,1.7831693014449181,2.670913977959044,4.544393736738708,0.0,102.5,14,0.12096774193548387,0.16615305598356445,0.09034267912772585,0.31437405769007737,0.1385737439222042,0.27586206896551724,0.14507772020725387,0.16216216216216217,0.20721790644386073,0.16603140893086682,1.034274193548387,0.10594165402801321,Allen Lazard,WR,144.1,174.8
00-0034521,2022,REG,0,0,0.0,0,0.0,0.0,0.0,0,0,0.0,0.0,0.0,0.0,0,0.0,0.0,2,0.0,0,0.0,0.0,0.0,-4.003901810385287,0,60,100,788.0,6,0.0,0.0,1249.0,248.0,45.0,12.258200733877265,0,15.899452108507939,3.0685297902944964,4.463825825451017,7.727472763257456,0.0,114.80000000000001,15,0.20242914979757085,0.3104648272433507,0.142692750287687,0.5520155864910369,0.2299387219142107,0.24,0.2727272727272727,0.26842105263157895,0.23496936095710536,0.23195097753136856,1.5951417004048583,0.13718626881602286,Allen Lazard,WR,174.8,60.1
00-0034521,2023,REG,0,0,0.0,0,0.0,0.0,0.0,0,0,0.0,0.0,0.0,0.0,0,0.0,0.0,0,0.0,0,0.0,0.0,0.0,0.0,0,23,49,311.0,1,0.0,0.0,597.0,56.0,17.0,0.37687926477519795,0,6.000122476640712,1.5866101633748693,2.7809662357238283,4.326591610068983,0.0,37.1,13,0.10606060606060606,0.18307267709291627,0.04220045214770158,0.3055490507652421,0.1213895394223263,0.14285714285714285,0.14285714285714285,0.14285714285714285,0.13212334113973456,0.12568306010928962,0.6731601731601732,0.07443830662141743,Allen Lazard,WR,60.1,126.0
00-0034577,2020,REG,60,87,610.0,4,1.0,7.0,44.0,1,1,523.0,324.0,30.0,7.687599212707236,0,5.4442173191153795,0.6557007475869974,7,26.0,1,0.0,0.0,3.0,1.2190622733323835,0,0,0,0.0,0,0.0,0.0,0.0,0.0,0.0,0.0,0,0.0,0.0,0.0,0.0,0.0,45.0,4,0.0,0.0,0.0,0.0,0.0,0.0,0.0,0.0,0.0,0.0,0.0,0.13976023355487918,Kyle Allen,QB,51.1,9.1
00-0034577,2021,REG,12,19,120.0,1,0.0,2.0,5.0,1,1,135.0,46.0,6.0,1.3396021895459853,0,1.8066725585505965,0.1781934945894748,2,11.0,0,0.0,0.0,1.0,-0.2359140762127936,0,0,0,0.0,0,0.0,0.0,0.0,0.0,0.0,0.0,0,0.0,0.0,0.0,0.0,0.0,7.9,2,0.0,0.0,0.0,0.0,0.0,0.0,0.0,0.0,0.0,0.0,0.0,0.06303862112990744,Kyle Allen,QB,9.1,20.1
00-0034577,2022,REG,46,78,416.0,2,4.0,5.0,41.0,2,0,560.0,239.0,19.0,-34.0045657036541,0,1.598095238095238,-0.033173407680997684,6,13.0,0,2.0,1.0,2.0,-6.142968632047996,0,0,0,0.0,0,0.0,0.0,0.0,0.0,0.0,0.0,0,0.0,0.0,0.0,0.0,0.0,15.940000000000001,2,0.0,0.0,0.0,0.0,0.0,0.0,0.0,0.0,0.0,0.0,0.0,0.12257766840972008,Kyle Allen,QB,20.1,-1.3
00-0034577,2023,REG,0,0,0.0,0,0.0,0.0,0.0,0,0,0.0,0.0,0.0,0.0,0,0.0,0.0,13,-13.0,0,0.0,0.0,0.0,-8.636291551636532,0,0,0,0.0,0,0.0,0.0,0.0,0.0,0.0,0.0,0,0.0,0.0,0.0,0.0,0.0,-1.3,6,0.0,0.0,0.0,0.0,0.0,0.0,0.0,0.0,0.0,0.0,0.0,-0.002238292011019284,Kyle Allen,QB,-1.3,0.9500000000000001
00-0034578,2020,REG,0,0,0.0,0,0.0,0.0,0.0,0,0,0.0,0.0,0.0,0.0,0,0.0,0.0,12,69.0,0,0.0,0.0,4.0,1.615789234812837,0,2,2,18.0,1,0.0,0.0,-2.0,20.0,2.0,2.771653729316313,0,-9.0,0.05555555555555555,-0.008583690987124463,0.0773247496423462,0.0,14.700000000000001,2,0.03076923076923077,-0.00546448087431694,0.06472491909385113,0.04178226145439261,0.03522504892367906,0.3333333333333333,0.07407407407407407,0.1,0.1842791911285062,0.09484670580560992,0.27692307692307694,0.09054435046627632,Reggie Bonnafon,RB,16.700000000000003,3.6
00-0034578,2021,REG,0,0,0.0,0,0.0,0.0,0.0,0,0,0.0,0.0,0.0,0.0,0,0.0,0.0,1,4.0,0,0.0,0.0,0.0,-0.20132634870242327,0,2,2,12.0,0,0.0,0.0,3.0,9.0,1.0,0.7519009820534848,0,4.0,0.046511627906976744,0.008287292817679558,0.07556854683284081,0.0,1.6,1,0.044444444444444446,0.007731958762886598,0.06666666666666667,0.07285223367697595,0.04780876494023904,0.0,0.1,0.1,0.0,0.0,0.26666666666666666,0.05821474773609314,Reggie Bonnafon,RB,3.6,0.8
00-0034597,2020,REG,0,0,0.0,0,0.0,0.0,0.0,0,0,0.0,0.0,0.0,0.0,0,0.0,0.0,3,0.0,0,0.0,0.0,0.0,-1.3132640082621947,0,8,9,67.0,1,0.0,0.0,20.0,47.0,5.0,5.749260328710079,0,13.433333333333334,0.23690370256410018,0.06845534871403657,0.4032742979459759,0.0,12.700000000000001,6,0.038461538461538464,0.011049723756906077,0.08392857142857142,0.06653208669783256,0.0469187675070028,0.09090909090909091,0.05813953488372093,0.061855670103092786,0.06891392920804686,0.055716832187420434,0.2863247863247863,0.03953248539016844,Ryan Nall,RB,20.7,1.7999999999999998
00-0034613,2022,REG,0,0,0.0,0,0.0,0.0,0.0,0,0,0.0,0.0,0.0,0.0,0,0.0,0.0,0,0.0,0,0.0,0.0,0.0,0.0,0,10,15,132.0,0,0.0,0.0,110.0,59.0,8.0,2.8454407250974327,0,6.068015099593061,0.6338097613906519,0.637994108292388,1.3973105178906495,0.0,13.200000000000001,6,0.09202453987730061,0.09674582233948989,0.10766423357664233,0.21543346768754282,0.12441093308199812,0.0,0.15384615384615385,0.14035087719298245,0.06220546654099906,0.0995287464655985,0.8098159509202454,0.05401126786795177,Tanner Hudson,TE,23.200000000000003,80.2
00-0034613,2023,REG,0,0,0.0,0,0.0,1.0,4.0,0,0,0.0,0.0,0.0,-2.2643815996237797,0,0.0,0.0,0,0.0,0,0.0,0.0,0.0,0.0,0,39,50,352.0,1,0.0,0.0,269.0,148.0,21.0,12.267451122139342,0,14.950453316122687,1.488940783562102,1.1439702311030844,3.034190337115312,0.0,41.2,12,0.11655011655011654,0.09824689554419284,0.08309938236945537,0.2534226912605291,0.1111111111111111,0.058823529411764705,0.14383561643835616,0.13496932515337423,0.08496732026143791,0.10065359477124183,0.8205128205128205,0.07553069258443051,Tanner Hudson,TE,80.2,38.5
00-0034614,2021,REG,0,0,0.0,0,0.0,0.0,0.0,0,0,0.0,0.0,0.0,0.0,0,0.0,0.0,18,118.0,1,2.0,2.0,7.0,-4.573146567621734,0,7,10,60.0,0,0.0,0.0,15.0,64.0,4.0,-2.0825647973106243,0,6.7333333333333325,0.34126567536070024,0.021703230160694573,0.5270907741535364,0.0,19.800000000000004,8,0.04081632653061224,0.009322560596643879,0.08121827411167512,0.06868253827323346,0.03694581280788178,0.0,0.05194805194805195,0.0449438202247191,0.01847290640394089,0.029556650246305424,0.24489795918367346,0.04297213225154733,Godwin Igwebuike,RB,26.800000000000004,1.7000000000000002
00-0034631,2020,REG,0,0,0.0,0,0.0,0.0,0.0,0,0,0.0,0.0,0.0,0.0,0,0.0,0.0,0,0.0,0,0.0,0.0,0.0,0.0,0,1,3,13.0,0,0.0,0.0,39.0,1.0,1.0,-0.7697453142609447,0,1.0833333333333333,0.09632034632034632,0.17357165655920842,0.2659806790719654,0.0,1.3,2,0.046875,0.08986175115207373,0.004329004329004329,0.142201900921659,0.03258145363408521,0.0,0.045454545454545456,0.043478260869565216,0.016290726817042606,0.02606516290726817,0.203125,0.01807323589501807,Vyncint Smith,WR,2.3,0.0
00-0034646,2020,REG,0,0,0.0,0,0.0,0.0,0.0,0,0,0.0,0.0,0.0,0.0,0,0.0,0.0,2,7.0,0,0.0,0.0,0.0,-0.5830560429021716,0,12,18,69.0,2,1.0,1.0,83.0,34.0,5.0,-4.475280727320845,0,4.204292929292929,0.4668939588637731,0.2444402938939355,0.8714491440214145,0.0,17.6,10,0.046875,0.02446933962264151,0.03632478632478633,0.08988797169811322,0.025602968460111317,0.13333333333333333,0.035211267605633804,0.044585987261146494,0.07946815089672232,0.04714904143475572,0.1796875,0.03365548607163161,Brandon Powell,WR,29.6,0.0
00-0034646,2021,REG,0,0,0.0,0,0.0,0.0,0.0,0,0,0.0,0.0,0.0,0.0,0,0.0,0.0,0,0.0,0,0.0,0.0,0.0,0.0,0,0,0,0.0,0,0.0,0.0,0.0,0.0,0.0,0.0,0,0.0,0.0,0.0,0.0,1.0,6.0,1,0.0,0.0,0.0,0.0,0.0,0.0,0.0,0.0,0.0,0.0,0.0,0.07455268389662027,Brandon Powell,WR,0.0,47.6
00-0034646,2022,REG,0,0,0.0,0,0.0,0.0,0.0,0,0,0.0,0.0,0.0,0.0,0,0.0,0.0,17,80.0,0,0.0,0.0,6.0,1.578048322640825,0,24,32,156.0,0,0.0,0.0,48.0,184.0,7.0,0.10276000197735069,0,24.944444444444446,1.2192254656162187,0.1856986427447707,1.9588272483456675,0.0,23.6,16,0.0642570281124498,0.013430330162283156,0.10855457227138643,0.10712980629850122,0.047002109068996684,0.0,0.041176470588235294,0.03783783783783784,0.023501054534498342,0.03760168725519735,0.3132530120481928,0.0418218879595136,Brandon Powell,WR,47.6,69.1
00-0034646,2023,REG,0,0,0.0,0,0.0,0.0,0.0,0,0,0.0,0.0,0.0,0.0,0,0.0,0.0,5,17.0,0,0.0,0.0,1.0,-0.42572822666261345,0,29,44,324.0,1,0.0,0.0,332.0,104.0,18.0,-1.467711050703791,0,12.042031214399636,1.2478834488389634,1.1903636982338992,2.7050797620221743,0.0,40.1,13,0.08979591836734693,0.08666144609762465,0.07212205270457697,0.20402303442912012,0.09126760563380282,0.05,0.11180124223602485,0.10497237569060773,0.0706338028169014,0.08301408450704226,0.6612244897959184,0.06095624558927311,Brandon Powell,WR,69.1,14.1
00-0034652,2020,REG,0,0,0.0,0,0.0,0.0,0.0,0,0,0.0,0.0,0.0,0.0,0,0.0,0.0,4,20.0,0,1.0,0.0,2.0,-0.4278178185923025,0,12,13,100.0,1,0.0,0.0,80.0,43.0,7.0,10.975554894503016,0,10.722222222222221,0.4418068088190039,0.3469180257987651,0.9055528312876414,0.0,18.0,9,0.04905660377358491,0.03619909502262444,0.04483837330552659,0.10254418167847693,0.045871559633027525,0.045454545454545456,0.05982905982905983,0.05755395683453238,0.04566305254378649,0.045788156797331114,0.37735849056603776,0.0328875246656435,Cameron Batson,WR,31.6,11.0
00-0034676,2020,REG,0,0,0.0,0,0.0,0.0,0.0,0,0,0.0,0.0,0.0,0.0,0,0.0,0.0,0,0.0,0,0.0,0.0,0.0,0.0,0,30,56,392.0,5,0.0,0.0,699.0,139.0,19.0,6.91602764633717,0,16.7130835263285,1.5297668533778848,2.615148579277864,4.125254285561332,0.0,69.2,16,0.08536585365853659,0.15009662873094268,0.06711733462095607,0.24812608347255904,0.09493824170501332,0.14285714285714285,0.09223300970873786,0.0995850622406639,0.11889769228107808,0.10452202193543923,0.5975609756097561,0.06445073936432859,James Washington,WR,111.4,77.5
00-0034676,2021,REG,0,0,0.0,0,0.0,0.0,0.0,0,0,0.0,0.0,0.0,0.0,0,0.0,0.0,2,13.0,0,0.0,0.0,1.0,0.6088325600139797,0,24,44,285.0,2,0.0,0.0,514.0,79.0,9.0,-7.221282243187222,0,6.975777511961723,1.1656861043694413,2.2929760552848246,3.3536123952535393,0.0,41.800000000000004,15,0.07394957983193277,0.12969972243250064,0.04440697020798201,0.21468414769389965,0.08096590909090909,0.1,0.05056179775280899,0.05555555555555555,0.09048295454545455,0.08477272727272728,0.4789915966386555,0.05295774647887324,James Washington,WR,77.5,0.0
00-0034681,2020,REG,0,0,0.0,0,0.0,0.0,0.0,0,0,0.0,0.0,0.0,0.0,0,0.0,0.0,97,448.0,1,1.0,0.0,22.0,-6.712357025168156,0,53,67,402.0,4,1.0,0.0,135.0,326.0,21.0,9.0824100357737,0,38.45523088023088,1.9566882439706463,0.5012167892691145,3.2858841184443497,0.0,115.0,16,0.11652173913043479,0.030167597765363128,0.17593092282784673,0.19891668690794267,0.09800097513408093,0.14814814814814814,0.0995260663507109,0.10504201680672269,0.12307456164111454,0.10803040973689439,0.6991304347826087,0.1087392717057826,Chase Edmonds,RB,168.0,146.1
00-0034681,2021,REG,0,0,0.0,0,0.0,0.0,0.0,0,0,0.0,0.0,0.0,0.0,0,0.0,0.0,116,592.0,2,0.0,0.0,32.0,11.634678101919178,0,43,53,311.0,0,1.0,1.0,23.0,324.0,11.0,-4.272553728302632,0,11.860247432306256,1.6154208614663041,0.1156035604549876,2.5040537845179474,0.0,100.30000000000001,12,0.12771084337349398,0.007219083490269931,0.19636363636363635,0.1973415318524569,0.09141681363903587,0.0,0.07142857142857142,0.0625,0.04570840681951793,0.07313345091122869,0.7493975903614458,0.1173263030342727,Chase Edmonds,RB,146.1,74.2
00-0034681,2022,REG,0,0,0.0,0,0.0,0.0,0.0,0,0,0.0,0.0,0.0,0.0,0,0.0,0.0,68,245.0,2,0.0,0.0,8.0,-15.705972078634659,0,16,24,157.0,1,0.0,0.0,50.0,113.0,7.0,5.059574326597328,0,21.287284610814023,0.6798918070123003,0.20004160839608456,1.1598668363957096,0.0,58.2,13,0.05194805194805195,0.01221001221001221,0.07243589743589744,0.08769008769008768,0.041844349680170576,0.047619047619047616,0.042682926829268296,0.043243243243243246,0.044731698649609096,0.04299928926794599,0.3398268398268398,0.06286643847222693,Chase Edmonds,RB,74.2,48.4
00-0034686,2020,REG,0,0,0.0,0,0.0,0.0,0.0,0,0,0.0,0.0,0.0,0.0,0,0.0,0.0,0,0.0,0,0.0,0.0,0.0,0.0,0,14,22,150.0,0,0.0,0.0,207.0,58.0,9.0,2.4847612496968923,0,8.75769612711023,0.6043606555982507,0.69021193582317,1.389689338473595,0.0,15.0,8,0.07142857142857142,0.07876712328767123,0.06387665198237885,0.17015655577299413,0.0732421875,0.0,0.08256880733944955,0.075,0.03662109375,0.05859375,0.487012987012987,0.042285147706395264,Auden Tate,WR,29.0,12.9
00-0034750,2020,REG,0,0,0.0,0,0.0,0.0,0.0,0,0,0.0,0.0,0.0,0.0,0,0.0,0.0,11,34.0,0,0.0,0.0,1.0,-1.7655876418575644,0,0,0,0.0,0,0.0,0.0,0.0,0.0,0.0,0.0,0,0.0,0.0,0.0,0.0,0.0,3.4000000000000004,3,0.0,0.0,0.0,0.0,0.0,0.0,0.0,0.0,0.0,0.0,0.0,0.014946368911552665,Rashaad Penny,RB,3.4000000000000004,121.7
00-0034750,2021,REG,0,0,0.0,0,0.0,0.0,0.0,0,0,0.0,0.0,0.0,0.0,0,0.0,0.0,119,749.0,6,0.0,0.0,28.0,11.201961654747095,0,6,8,48.0,0,0.0,0.0,-16.0,62.0,3.0,0.729798308356552,0,-17.714285714285715,0.27834977834977837,-0.05881068109124275,0.37635719076079754,0.0,115.7,10,0.029304029304029304,-0.005888847994111152,0.07061503416856492,0.03924496556075503,0.02258823529411765,0.0,0.030612244897959183,0.025423728813559324,0.011294117647058824,0.01807058823529412,0.17582417582417584,0.1369570110285843,Rashaad Penny,RB,121.7,52.2
00-0034750,2022,REG,0,0,0.0,0,0.0,0.0,0.0,0,0,0.0,0.0,0.0,0.0,0,0.0,0.0,57,346.0,2,1.0,0.0,15.0,13.144489079655614,0,4,5,16.0,0,0.0,0.0,-12.0,28.0,2.0,1.0691364296362735,0,4.525,0.16832114245907348,-0.06826038535111184,0.20469944394283196,0.0,48.2,5,0.03164556962025317,-0.008915304606240713,0.06100217864923747,0.04033611074538718,0.012260536398467433,0.0,0.03508771929824561,0.030303030303030304,0.006130268199233717,0.009808429118773948,0.10126582278481013,0.11066355734577062,Rashaad Penny,RB,52.2,4.8
00-0034753,2020,REG,0,0,0.0,0,0.0,0.0,0.0,0,0,0.0,0.0,0.0,0.0,0,0.0,0.0,0,0.0,0,0.0,0.0,0.0,0.0,0,58,88,701.0,7,2.0,0.0,899.0,182.0,37.0,36.731953805955314,0,12.077479505355589,3.4813331063028197,3.954329292325621,7.990030164082164,0.0,112.10000000000001,14,0.2371967654986523,0.27234171463192974,0.16134751773049646,0.5736685199535222,0.2594374537379719,0.2916666666666667,0.26618705035971224,0.26993865030674846,0.27555206020231926,0.2658832963237109,1.889487870619946,0.13862176875183366,Mark Andrews,TE,185.0,297.1
00-0034753,2021,REG,0,0,0.0,0,0.0,0.0,0.0,0,0,0.0,0.0,0.0,0.0,0,0.0,0.0,1,0.0,0,0.0,0.0,0.0,-1.0924461375689134,0,107,153,1361.0,9,1.0,0.0,1574.0,450.0,75.0,56.80677659429325,2,16.585192349547494,4.382319558461445,5.529920065884626,10.444423383811406,0.0,194.10000000000002,17,0.25040916530278234,0.3008409785932722,0.262085032032615,0.6162865308287913,0.31895945629247713,0.42857142857142855,0.3588516746411483,0.3652173913043478,0.37376544243195287,0.3408818507482674,2.227495908346972,0.19844722134345674,Mark Andrews,TE,297.1,200.8
00-0034753,2022,REG,0,0,0.0,0,0.0,0.0,0.0,0,0,0.0,0.0,0.0,0.0,0,0.0,0.0,3,8.0,0,0.0,0.0,3.0,3.9225933456327766,0,73,113,847.0,5,1.0,0.0,1105.0,243.0,48.0,24.135454185823722,1,11.516821958422282,4.310140713373472,4.936515361273608,9.920771822951734,0.0,117.5,15,0.2677725118483412,0.32094103979088007,0.20930232558139536,0.658411599605216,0.30434782608695654,0.2777777777777778,0.36923076923076925,0.3581081081081081,0.29106280193236717,0.29903381642512084,2.0071090047393363,0.1693604310022937,Mark Andrews,TE,200.8,138.9
00-0034753,2023,REG,0,0,0.0,0,0.0,0.0,0.0,0,0,0.0,0.0,0.0,0.0,0,0.0,0.0,1,0.0,0,0.0,0.0,0.0,-1.5892667324158904,0,45,61,544.0,6,1.0,0.0,443.0,217.0,27.0,33.181763841275824,0,13.566261516261516,2.136886105140465,1.9447752587636964,4.566671838845285,0.0,90.4,10,0.21180555555555555,0.17805466237942122,0.1998158379373849,0.4601520632368703,0.2354978354978355,0.46153846153846156,0.2727272727272727,0.29464285714285715,0.34851814851814855,0.28070596070596077,1.8888888888888888,0.15128491620111734,Mark Andrews,TE,138.9,203.4
00-0034764,2020,REG,0,0,0.0,0,0.0,0.0,0.0,0,0,0.0,0.0,0.0,0.0,0,0.0,0.0,0,0.0,0,0.0,0.0,0.0,0.0,0,59,105,843.0,5,0.0,0.0,1237.0,252.0,44.0,29.17307774765558,0,10.36047409617266,2.8124937967170505,4.366687848104889,7.275422188748998,0.0,114.30000000000001,16,0.1643192488262911,0.25992855641941587,0.12233009708737864,0.45442171837496936,0.18687652405231656,0.2,0.19047619047619047,0.19140625,0.19343826202615827,0.18950121924185326,1.3192488262910798,0.11391273482587719,Michael Gallup,WR,173.3,91.5
00-0034764,2021,REG,0,0,0.0,0,0.0,0.0,0.0,0,0,0.0,0.0,0.0,0.0,0,0.0,0.0,0,0.0,0,0.0,0.0,0.0,0.0,0,35,62,445.0,2,0.0,0.0,722.0,123.0,23.0,18.40413693504282,0,6.6010754199151105,1.500748916422994,2.5193638343765423,4.01467805869807,0.0,56.5,9,0.1631578947368421,0.26860119047619047,0.0967741935483871,0.45961779448621554,0.16894457099468488,0.1111111111111111,0.17424242424242425,0.16666666666666666,0.140027841052898,0.15737787901797012,1.1710526315789473,0.09648234847526256,Michael Gallup,WR,91.5,121.0
00-0034764,2022,REG,0,0,0.0,0,0.0,0.0,0.0,0,0,0.0,0.0,0.0,0.0,0,0.0,0.0,0,0.0,0,0.0,0.0,0.0,0.0,0,39,74,424.0,4,0.0,0.0,819.0,107.0,25.0,-0.4773392622954349,0,8.162286356485987,2.4142031428553716,3.2075655568767796,5.866600604096803,0.0,66.4,14,0.16371681415929204,0.22231270358306188,0.07697841726618705,0.42342538410538755,0.12994177137603433,0.15384615384615385,0.15337423312883436,0.15343915343915343,0.1418939626110941,0.13472264787005822,0.9380530973451328,0.08112559843598467,Michael Gallup,WR,121.0,104.10000000000001
00-0034765,2020,REG,0,0,0.0,0,0.0,0.0,0.0,0,0,0.0,0.0,0.0,0.0,0,0.0,0.0,1,3.0,0,0.0,0.0,0.0,-0.04266859486233443,0,34,50,448.0,4,1.0,0.0,450.0,135.0,22.0,24.341424969179037,0,10.458269945562588,1.4614590494282103,2.18426939892485,3.7211771533897102,0.0,69.1,13,0.11389521640091116,0.16961929890689786,0.08565989847715735,0.30653826372688503,0.14035087719298245,0.16,0.13333333333333333,0.1368421052631579,0.15017543859649124,0.14428070175438595,1.020501138952164,0.08170996528713405,Tre'Quan Smith,WR,126.6,87.7
00-0034765,2021,REG,0,0,0.0,0,0.0,0.0,0.0,0,0,0.0,0.0,0.0,0.0,0,0.0,0.0,0,0.0,0,0.0,0.0,0.0,0.0,0,32,50,377.0,3,1.0,0.0,480.0,113.0,18.0,13.46562809272691,0,9.251008644573298,1.6134327080072044,2.067845105136684,3.8676406356064854,0.0,55.7,10,0.1488095238095238,0.19875776397515527,0.10235507246376811,0.38222049689440996,0.17325367647058823,0.1875,0.17307692307692307,0.175,0.1803768382352941,0.1761029411764706,1.1220238095238095,0.1098667067548607,Tre'Quan Smith,WR,87.7,52.800000000000004
00-0034766,2020,REG,0,0,0.0,0,0.0,0.0,0.0,0,0,0.0,0.0,0.0,0.0,0,0.0,0.0,0,0.0,0,0.0,0.0,0.0,0.0,0,31,45,287.0,3,2.0,2.0,308.0,128.0,17.0,1.7141931840516502,0,9.56637470863833,1.4817527930113141,1.408100878294939,3.2082998043234285,0.0,42.7,11,0.12605042016806722,0.10739191073919108,0.11808118081180811,0.2749891588434537,0.13262476894639558,0.2727272727272727,0.1619047619047619,0.1724137931034483,0.20267602083683414,0.160645269702571,0.803921568627451,0.09814104612762331,Christopher Herndon,TE,73.7,14.0
00-0034771,2020,REG,25,43,324.0,2,1.0,1.0,8.0,0,0,432.0,102.0,13.0,10.192174881280465,0,0.9535885167464115,0.13521142168660405,7,-6.0,0,0.0,0.0,0.0,-7.598032579233404,0,0,0,0.0,0,0.0,0.0,0.0,0.0,0.0,0.0,0,0.0,0.0,0.0,0.0,0.0,18.360000000000003,4,0.0,0.0,0.0,0.0,0.0,0.0,0.0,0.0,0.0,0.0,0.0,0.04718096314950918,Mason Rudolph,QB,21.6,21.150000000000002
00-0034771,2023,REG,55,74,719.0,3,0.0,6.0,43.0,2,1,518.0,426.0,26.0,14.325275292122539,0,4.981264251143769,0.6088115997256696,10,8.0,0,1.0,0.0,4.0,-3.3800875019223895,0,0,0,0.0,0,0.0,0.0,0.0,0.0,0.0,0.0,0,0.0,0.0,0.0,0.0,0.0,39.56,4,0.0,0.0,0.0,0.0,0.0,0.0,0.0,0.0,0.0,0.0,0.0,0.12296406813378093,Mason Rudolph,QB,65.80000000000001,109.10000000000001
00-0034775,2020,REG,0,0,0.0,0,0.0,0.0,0.0,0,0,0.0,0.0,0.0,0.0,0,0.0,0.0,2,3.0,0,0.0,0.0,1.0,1.756562818074599,0,48,79,621.0,6,0.0,0.0,935.0,175.0,30.0,11.20278127851201,0,12.367641620561013,2.291596130284151,3.4416433132456588,5.846544514698188,0.0,98.4,14,0.1539961013645224,0.23791348600508905,0.11006289308176101,0.42132494085085487,0.1706043956043956,0.25,0.16216216216216217,0.1722488038277512,0.2103021978021978,0.18648351648351652,1.2105263157894737,0.10497633730101823,Christian Kirk,WR,146.4,219.05
00-0034775,2021,REG,1,1,33.0,0,0.0,0.0,0.0,0,0,33.0,0.0,1.0,3.0305774064618163,0,1.0,0.0,1,11.0,0,0.0,0.0,1.0,0.6512457074131817,0,77,103,982.0,5,0.0,0.0,1201.0,231.0,44.0,51.099387971530916,0,14.993865597932947,3.123731658943694,4.747773670169476,8.009039057534174,0.0,130.62,17,0.17428087986463622,0.27141242937853105,0.10189677988531098,0.47855126329977915,0.21260012989824636,0.18518518518518517,0.205607476635514,0.2033195020746888,0.19889265754171576,0.20711714095563413,1.661590524534687,0.1257876114773168,Christian Kirk,WR,219.05,285.7
00-0034775,2022,REG,0,1,0.0,0,0.0,0.0,0.0,0,0,1.0,0.0,0.0,-0.32680640323087573,0,0.0,0.0,5,11.0,0,0.0,0.0,0.0,-0.8311991388909519,0,84,133,1108.0,8,0.0,0.0,1216.0,371.0,55.0,32.930595938659245,0,16.640728323664145,4.0192272645083165,4.901300479863034,9.459751232666598,0.0,159.9,17,0.2231543624161074,0.27941176470588236,0.18213058419243985,0.558260955388867,0.26711668273866923,0.32,0.2644230769230769,0.2703862660944206,0.2935583413693346,0.2776933461909354,1.8590604026845639,0.1623489003674317,Christian Kirk,WR,285.7,150.25
00-0034775,2023,REG,1,2,-1.0,0,0.0,0.0,0.0,0,0,25.0,0.0,0.0,-1.7565971661824733,0,0.0,0.0,1,6.0,0,0.0,0.0,0.0,-0.5953392207156867,0,57,85,787.0,3,2.0,2.0,842.0,247.0,34.0,23.392445049216278,0,11.831023199858674,2.5351826567404854,3.472450737962214,6.233489501684278,0.0,93.26,12,0.20432692307692307,0.26494650723725616,0.17248603351955308,0.5184475904051895,0.25444552214678307,0.21428571428571427,0.25,0.24666666666666667,0.23436561821624868,0.2464135605745693,1.8918269230769231,0.144214527027027,Christian Kirk,WR,150.25,70.9
00-0034777,2020,REG,0,0,0.0,0,0.0,0.0,0.0,0,0,0.0,0.0,0.0,0.0,0,0.0,0.0,0,0.0,0,0.0,0.0,0.0,0.0,0,53,93,706.0,5,0.0,0.0,1300.0,165.0,37.0,10.836873072498415,0,8.768212145926075,2.6031962348612114,4.353957306031612,6.952564466513945,0.0,100.6,13,0.18712273641851107,0.3336755646817248,0.12378094523630907,0.5476245563731466,0.22173366834170855,0.23809523809523808,0.22560975609756098,0.22702702702702704,0.2299144532184733,0.22500598229241447,1.420523138832998,0.13860814322841467,D.J. Chark,WR,153.6,34.400000000000006
00-0034777,2021,REG,0,0,0.0,0,0.0,0.0,0.0,0,0,0.0,0.0,0.0,0.0,0,0.0,0.0,0,0.0,0,0.0,0.0,0.0,0.0,0,7,22,154.0,2,0.0,0.0,359.0,24.0,7.0,0.27420088673394005,0,1.2386124169233264,0.5487121212121212,0.981199825906561,1.5099080599527743,0.0,27.4,3,0.1864406779661017,0.3284537968892955,0.0898876404494382,0.542424054460589,0.23019431988041852,0.4,0.2413793103448276,0.2647058823529412,0.31509715994020926,0.26415545590433487,1.305084745762712,0.1441381044163245,D.J. Chark,WR,34.400000000000006,98.2
00-0034777,2022,REG,0,0,0.0,0,0.0,0.0,0.0,0,0,0.0,0.0,0.0,0.0,0,0.0,0.0,0,0.0,0,0.0,0.0,0.0,0.0,0,30,52,502.0,3,0.0,0.0,799.0,132.0,24.0,21.15313317053699,0,7.0956285730268895,1.4638231091122795,3.132704651381375,4.388627919635382,0.0,68.2,11,0.1306532663316583,0.29075691411935956,0.09109730848861283,0.4285854307929751,0.17256789274664833,0.14285714285714285,0.15584415584415584,0.15428571428571428,0.1577125178018956,0.16662574276874725,1.2613065326633166,0.08709843364731343,D.J. Chark,WR,98.2,115.5
00-0034777,2023,REG,0,0,0.0,0,0.0,0.0,0.0,0,0,0.0,0.0,0.0,0.0,0,0.0,0.0,0,0.0,0,0.0,0.0,0.0,0.0,0,35,66,525.0,5,2.0,1.0,1016.0,84.0,22.0,15.333778778289522,0,8.651993115756733,2.0732251477785546,4.301446459904676,6.1208502436011045,0.0,80.5,14,0.13721413721413722,0.2720214190093708,0.0695364238410596,0.4234383410287025,0.1881046219992834,0.45454545454545453,0.171875,0.19424460431654678,0.32132503827236897,0.24139278850851764,1.0914760914760915,0.12032002000125007,D.J. Chark,WR,115.5,15.1
00-0034791,2020,REG,0,0,0.0,0,0.0,0.0,0.0,0,0,0.0,0.0,0.0,0.0,0,0.0,0.0,190,1067.0,12,1.0,1.0,56.0,16.947974764509127,0,16,18,150.0,0,0.0,0.0,49.0,133.0,6.0,4.857563224853948,0,-6.988095238095237,0.5672204622862518,0.2052363892589806,0.994496165910664,0.0,191.70000000000002,12,0.047244094488188976,0.014966401954795358,0.12654614652711704,0.08283926329611975,0.05294740557712672,0.0,0.039735099337748346,0.03529411764705882,0.02647370278856336,0.04235792446170138,0.3937007874015748,0.18206202556056172,Nick Chubb,RB,241.5,215.3
00-0034791,2021,REG,0,0,0.0,0,0.0,0.0,0.0,0,0,0.0,0.0,0.0,0.0,0,0.0,0.0,228,1259.0,8,2.0,1.0,61.0,10.630183949570217,0,20,25,174.0,1,0.0,0.0,14.0,183.0,9.0,8.125115893781185,0,-13.726190476190476,0.8591013697336685,0.003031785059420866,1.2907743041420972,0.0,195.3,14,0.0591016548463357,0.003900808024519365,0.12551440329218108,0.09177312868911904,0.05750165234633179,0.058823529411764705,0.06293706293706294,0.0625,0.05816259087904825,0.05776602775941837,0.41134751773049644,0.18685343331250434,Nick Chubb,RB,215.3,279.40000000000003
00-0034791,2022,REG,0,0,0.0,0,0.0,0.0,0.0,0,0,0.0,0.0,0.0,0.0,0,0.0,0.0,302,1525.0,12,1.0,1.0,69.0,13.225027110340307,1,27,37,239.0,1,0.0,0.0,0.0,259.0,12.0,7.96462639622041,0,12.822077922077922,1.2568582165427515,-0.004042414928483295,1.8824576343641892,0.0,254.4,17,0.06851851851851852,0.0,0.162586315128688,0.10277777777777777,0.06442048517520216,0.05263157894736842,0.06593406593406594,0.06467661691542288,0.05852603206128529,0.062062703929635414,0.4425925925925926,0.20459502690126505,Nick Chubb,RB,279.40000000000003,23.1
00-0034791,2023,REG,0,0,0.0,0,0.0,0.0,0.0,0,0,0.0,0.0,0.0,0.0,0,0.0,0.0,28,170.0,0,0.0,0.0,8.0,4.113698623608798,0,4,4,21.0,0,0.0,0.0,1.0,20.0,1.0,0.7501136377686635,0,21.0,0.13793103448275862,0.00303951367781155,0.20902421129860602,0.0,19.1,2,0.057971014492753624,0.0013812154696132596,0.12422360248447205,0.08806149411482105,0.05398457583547558,0.0,0.047619047619047616,0.043478260869565216,0.02699228791773779,0.043187660668380465,0.30434782608695654,0.14360313315926893,Nick Chubb,RB,23.1,63.3
00-0034796,2020,REG,242,376,2757.0,26,9.0,29.0,160.0,5,2,3248.0,1159.0,138.0,56.29545503721202,1,13.826845219709835,2.1160954003580117,159,1005.0,7,5.0,2.0,56.0,39.97330370073512,0,0,0,0.0,0,0.0,0.0,0.0,0.0,0.0,0.0,0,0.0,0.0,0.0,0.0,0.0,332.78000000000003,15,0.0,0.0,0.0,0.0,0.0,0.0,0.0,0.0,0.0,0.0,0.0,0.25336135093569656,Lamar Jackson,QB,394.4,267.8
00-0034796,2021,REG,246,382,2882.0,16,13.0,38.0,190.0,3,1,3534.0,1150.0,135.0,19.171700874048643,2,10.959960585425161,0.9876105699776966,133,767.0,2,3.0,2.0,48.0,16.46211210831079,0,0,0,0.0,0,0.0,0.0,0.0,0.0,0.0,0.0,0,0.0,0.0,0.0,0.0,0.0,239.98000000000002,12,0.0,0.0,0.0,0.0,0.0,0.0,0.0,0.0,0.0,0.0,0.0,0.21450917997032376,Lamar Jackson,QB,267.8,256.5
00-0034796,2022,REG,203,326,2242.0,17,7.0,26.0,114.0,3,1,2754.0,974.0,105.0,9.427335525684677,1,10.61703309576901,1.0261359898822842,112,764.0,3,2.0,1.0,47.0,39.77210110162841,0,0,0,0.0,0,0.0,0.0,0.0,0.0,0.0,0.0,0,0.0,0.0,0.0,0.0,0.0,236.08,12,0.0,0.0,0.0,0.0,0.0,0.0,0.0,0.0,0.0,0.0,0.0,0.2400748454279206,Lamar Jackson,QB,256.5,424.90000000000003
00-0034796,2023,REG,307,457,3678.0,24,7.0,37.0,218.0,7,4,3840.0,1749.0,167.0,58.018588350006326,1,17.11935683093401,2.1462981965408594,148,821.0,5,4.0,2.0,48.0,10.159688361549266,0,0,0,0.0,0,0.0,0.0,0.0,0.0,0.0,0.0,0,0.0,0.0,0.0,0.0,0.0,331.22,16,0.0,0.0,0.0,0.0,0.0,0.0,0.0,0.0,0.0,0.0,0.0,0.22298370809209642,Lamar Jackson,QB,424.90000000000003,515.5500000000001
00-0034798,2020,REG,0,0,0.0,0,0.0,0.0,0.0,0,0,0.0,0.0,0.0,0.0,0,0.0,0.0,0,0.0,0,0.0,0.0,0.0,0.0,0,26,29,208.0,2,0.0,0.0,114.0,122.0,13.0,14.018864578500661,0,25.648845598845597,0.90758398563049,0.4878035368201597,1.7028384542198467,0.0,32.800000000000004,13,0.06387665198237885,0.033216783216783216,0.09145427286356822,0.12238840454699484,0.06779661016949153,0.10526315789473684,0.07926829268292683,0.08196721311475409,0.08652988403211417,0.07528991971454059,0.4581497797356828,0.052910052910052914,Durham Smythe,TE,58.800000000000004,70.0
00-0034798,2021,REG,0,0,0.0,0,0.0,0.0,0.0,0,0,0.0,0.0,0.0,0.0,0,0.0,0.0,2,3.0,0,0.0,0.0,2.0,1.3401846177875996,0,34,41,357.0,0,0.0,0.0,260.0,160.0,15.0,14.968283768830588,0,30.941660042395338,1.2067827601002636,1.0420597137725849,2.539615939791205,0.0,36.0,15,0.07706766917293233,0.06519558676028084,0.10243277848911651,0.16775797316762314,0.10059171597633136,0.0,0.08021390374331551,0.07211538461538461,0.05029585798816568,0.08047337278106509,0.6710526315789473,0.056100532153619286,Durham Smythe,TE,70.0,43.0
00-0034798,2022,REG,0,0,0.0,0,0.0,0.0,0.0,0,0,0.0,0.0,0.0,0.0,0,0.0,0.0,2,1.0,1,0.0,0.0,1.0,1.3993795080459677,0,15,20,129.0,1,0.0,0.0,79.0,47.0,7.0,-0.7650937063072905,0,13.091666666666667,0.7050561503442715,0.3285850120468085,1.2875937339491732,0.0,25.0,12,0.04987531172069826,0.022965116279069768,0.03715415019762846,0.0931850606043032,0.03961916461916462,0.045454545454545456,0.0457516339869281,0.045714285714285714,0.04253685503685504,0.04078624078624079,0.32169576059850374,0.036508342156182684,Durham Smythe,TE,43.0,75.80000000000001
00-0034798,2023,REG,0,0,0.0,0,0.0,0.0,0.0,0,0,0.0,0.0,0.0,0.0,0,0.0,0.0,0,0.0,0,0.0,0.0,0.0,0.0,0,35,43,366.0,0,0.0,0.0,284.0,139.0,22.0,21.987229189360228,0,19.192350218211974,1.2935562071464708,1.1221567358051248,2.7258440257832937,0.0,36.6,13,0.09772727272727273,0.08313817330210772,0.08606811145510836,0.2131014477325953,0.10263600673022995,0.0,0.12359550561797752,0.10945273631840796,0.051318003365114974,0.08210880538418397,0.8318181818181818,0.05465064802234876,Durham Smythe,TE,75.80000000000001,14.3
00-0034799,2020,REG,0,0,0.0,0,0.0,0.0,0.0,0,0,0.0,0.0,0.0,0.0,0,0.0,0.0,91,303.0,3,1.0,0.0,25.0,-4.6915427287675815,0,29,37,166.0,0,0.0,0.0,-19.0,213.0,5.0,-3.5847611342323944,0,-9.492142857142857,0.9860325791621878,-0.15980912782142825,1.367182479268282,0.0,64.9,11,0.08788598574821853,-0.006320691949434464,0.15334773218142547,0.12677242506278022,0.05943430003580379,0.0,0.034722222222222224,0.031055900621118012,0.029717150017901896,0.047547440028643036,0.39429928741092635,0.09627609399991797,Kalen Ballage,RB,93.9,7.7
00-0034816,2020,REG,0,0,0.0,0,0.0,0.0,0.0,0,0,0.0,0.0,0.0,0.0,0,0.0,0.0,192,978.0,7,0.0,0.0,48.0,4.838281974836718,0,28,42,165.0,1,2.0,2.0,37.0,157.0,2.0,-21.510223354882328,0,28.17948717948718,1.123000905276889,0.1198005583019619,1.7683617487267067,0.0,158.3,14,0.07792207792207792,0.007669983416252073,0.10241356816699282,0.12301910361611854,0.04236200256739409,0.029411764705882353,0.01015228426395939,0.012987012987012988,0.03588688363663822,0.03977195499509174,0.30612244897959184,0.13166077738515902,Ronald Jones,RB,200.20000000000002,79.2
00-0034816,2021,REG,0,0,0.0,0,0.0,0.0,0.0,0,0,0.0,0.0,0.0,0.0,0,0.0,0.0,101,428.0,4,2.0,2.0,25.0,-3.8528177159896586,0,10,13,64.0,0,0.0,0.0,-15.0,77.0,2.0,0.27778822398977354,0,-12.25,0.342854526167069,-0.045957851782001985,0.4821112930032021,0.0,69.2,15,0.019756838905775075,-0.002784998143334571,0.03329009943795936,0.027407259843994954,0.013231341740748397,0.0,0.008,0.006944444444444444,0.006615670870374199,0.010585073392598718,0.0972644376899696,0.04619207036125465,Ronald Jones,RB,79.2,16.2
00-0034827,2020,REG,0,1,0.0,0,0.0,0.0,0.0,0,0,6.0,0.0,0.0,-0.40847092552576214,0,0.0,0.0,2,22.0,0,0.0,0.0,1.0,0.9689566065790132,0,66,118,1193.0,4,0.0,0.0,1561.0,382.0,53.0,26.485065160322414,0,13.397002413596173,3.686651406871995,6.132168768003898,9.822495247910721,0.0,145.5,15,0.23137254901960785,0.40252707581227437,0.20384204909284953,0.6690804841792313,0.31019240769630785,0.25,0.29608938547486036,0.2923076923076923,0.2800962038481539,0.2981539261570463,2.33921568627451,0.16741336457327402,D.J. Moore,WR,211.5,235.5
00-0034827,2021,REG,0,0,0.0,0,0.0,0.0,0.0,0,0,0.0,0.0,0.0,0.0,0,0.0,0.0,8,48.0,0,0.0,0.0,4.0,7.407705761317629,0,93,163,1157.0,4,1.0,1.0,1734.0,422.0,60.0,8.438507973460936,1,11.878511547187282,4.8387527785588045,7.15547531366529,12.26696188740391,0.0,144.5,17,0.27212020033388984,0.39257414534752094,0.2304751501911524,0.7222396167788515,0.3238175202910719,0.2857142857142857,0.3448275862068966,0.3404255319148936,0.3047659030026788,0.3161968733757147,1.9315525876460768,0.1923980492863045,D.J. Moore,WR,235.5,199.10000000000002
00-0034827,2022,REG,0,0,0.0,0,0.0,0.0,0.0,0,0,0.0,0.0,0.0,0.0,0,0.0,0.0,10,53.0,0,0.0,0.0,3.0,1.8353156147059053,0,63,118,888.0,7,0.0,0.0,1526.0,186.0,44.0,17.1454779588789,0,9.248398222985077,4.898197688492805,9.36250019192752,13.90104666708847,0.0,136.10000000000002,17,0.25820568927789933,0.4595001505570611,0.10726643598615918,0.7549086543624979,0.2735674676524954,0.4375,0.3188405797101449,0.33116883116883117,0.3555337338262477,0.30635397412199633,1.9431072210065645,0.1709834770361719,D.J. Moore,WR,199.10000000000002,289.5
00-0034827,2023,REG,0,0,0.0,0,0.0,0.0,0.0,0,0,0.0,0.0,0.0,0.0,0,0.0,0.0,4,21.0,1,0.0,0.0,1.0,-1.6122478633769788,0,96,136,1364.0,8,1.0,1.0,1476.0,539.0,64.0,66.1822347027447,0,19.037420322229153,5.012652140491346,7.330824210414517,12.65055515802718,0.0,190.5,17,0.2651072124756335,0.3909933774834437,0.3130081300813008,0.7104555207002052,0.3987138263665595,0.42105263157894735,0.378698224852071,0.3829787234042553,0.4098832289727534,0.4031815874090371,2.658869395711501,0.22385610701337666,D.J. Moore,WR,289.5,236.10000000000002
00-0034829,2020,REG,0,0,0.0,0,0.0,0.0,0.0,0,0,0.0,0.0,0.0,0.0,0,0.0,0.0,0,0.0,0,0.0,0.0,0.0,0.0,0,53,85,703.0,6,0.0,0.0,940.0,167.0,36.0,20.421374650338173,0,10.522644674927395,2.425362694192512,3.5579423080549093,6.128603656927204,0.0,106.3,15,0.15947467166979362,0.2252036415908002,0.10583016476552598,0.41937492077733063,0.1853902953586498,0.25,0.18274111675126903,0.19004524886877827,0.2176951476793249,0.19831223628691985,1.3189493433395871,0.12098611659628764,Mike Gesicki,TE,159.3,163.0
00-0034829,2021,REG,0,1,0.0,0,0.0,0.0,0.0,0,0,28.0,0.0,0.0,-0.5864534196443856,0,0.0,0.0,0,0.0,0,0.0,0.0,0.0,0.0,0,73,112,780.0,2,0.0,0.0,1048.0,221.0,39.0,17.902017548518067,1,14.565242669458932,3.127401003567923,3.8485524559223454,7.385088224497527,0.0,92.0,17,0.1821138211382114,0.23439946320733618,0.12708453133985048,0.4606903022731861,0.19817073170731708,0.09523809523809523,0.18932038834951456,0.18061674008810572,0.14670441347270616,0.17758420441347272,1.2682926829268293,0.12080477947636618,Mike Gesicki,TE,163.0,107.7
00-0034829,2022,REG,0,0,0.0,0,0.0,0.0,0.0,0,0,0.0,0.0,0.0,0.0,0,0.0,0.0,0,0.0,0,0.0,0.0,0.0,0.0,0,32,52,362.0,5,0.0,0.0,490.0,97.0,19.0,2.9757450984588205,0,10.411568958072218,1.546896174558584,1.63867762474129,3.467418599156779,0.0,66.2,17,0.08904109589041095,0.09210526315789473,0.05422023476802683,0.2072458543619322,0.07597061909758657,0.16666666666666666,0.08636363636363636,0.096,0.12131864288212661,0.09410982861140259,0.6198630136986302,0.06377865818016497,Mike Gesicki,TE,107.7,65.4
00-0034829,2023,REG,0,0,0.0,0,0.0,0.0,0.0,0,0,0.0,0.0,0.0,0.0,0,0.0,0.0,0,0.0,0,0.0,0.0,0.0,0.0,0,29,45,244.0,2,0.0,0.0,383.0,88.0,11.0,-2.1635309900038866,0,12.38879353742257,1.4400336210952658,1.6319732059571725,3.3024316758129193,0.0,36.4,15,0.08928571428571429,0.10597675705589375,0.053268765133171914,0.21870997707328643,0.08103620059780804,0.15384615384615385,0.08029197080291971,0.08666666666666667,0.11744117722198094,0.0955981912474772,0.48412698412698413,0.06398966772337678,Mike Gesicki,TE,65.4,141.5
00-0034830,2020,REG,0,0,0.0,0,0.0,0.0,0.0,0,0,0.0,0.0,0.0,0.0,0,0.0,0.0,0,0.0,0,0.0,0.0,0.0,0.0,0,56,88,571.0,6,0.0,0.0,594.0,245.0,35.0,15.596026043973215,0,15.097131554413492,2.3714876041374002,1.9091041231617936,4.893604292419356,0.0,93.1,16,0.14012738853503184,0.10965479047443234,0.14902676399026765,0.2979149151820937,0.12359307359307359,0.2222222222222222,0.1440329218106996,0.15185185185185185,0.1729076479076479,0.14331890331890332,0.9092356687898089,0.09783464566929133,Hayden Hurst,TE,149.1,64.1
00-0034830,2021,REG,0,0,0.0,0,0.0,0.0,0.0,0,0,0.0,0.0,0.0,0.0,0,0.0,0.0,0,0.0,0,0.0,0.0,0.0,0.0,0,26,31,221.0,3,3.0,1.0,205.0,89.0,11.0,2.6473092014316153,0,13.105872261410997,0.9214804162384808,0.74846544782573,1.9061464378357322,0.0,38.1,12,0.07363420427553444,0.0657683670195701,0.07337180544105523,0.16306600002895774,0.07332448573324486,0.15789473684210525,0.07534246575342465,0.08484848484848485,0.11560961128767505,0.09023853595501695,0.5249406175771971,0.06389808206068821,Hayden Hurst,TE,64.1,136.5
00-0034830,2022,REG,0,0,0.0,0,0.0,0.0,0.0,0,0,0.0,0.0,0.0,0.0,0,0.0,0.0,0,0.0,0,0.0,0.0,0.0,0.0,0,52,68,414.0,2,0.0,0.0,340.0,186.0,25.0,20.734153085926952,0,30.282745875711505,1.8499471302396366,1.5295659701906628,3.8456168744929187,0.0,53.400000000000006,13,0.13991769547325103,0.09985315712187959,0.10350584307178631,0.28975906890738024,0.1117107393416082,0.07692307692307693,0.1404494382022472,0.1323529411764706,0.09431690813234256,0.10475320685790196,0.8518518518518519,0.08104949094152748,Hayden Hurst,TE,136.5,42.400000000000006
00-0034830,2023,REG,0,0,0.0,0,0.0,0.0,0.0,0,0,0.0,0.0,0.0,0.0,0,0.0,0.0,0,0.0,0,0.0,0.0,0.0,0.0,0,18,32,184.0,1,0.0,0.0,242.0,67.0,7.0,-3.7817815153393894,0,7.253798482432654,0.9336862850495129,1.1030723224379413,2.172680053280828,0.0,24.400000000000002,9,0.09169054441260745,0.10355156183140779,0.07444444444444444,0.2203770660840374,0.0954356846473029,0.1,0.07216494845360824,0.07476635514018691,0.09771784232365145,0.09634854771784233,0.5272206303724928,0.06345215647541229,Hayden Hurst,TE,42.400000000000006,15.3
00-0034837,2020,REG,0,0,0.0,0,0.0,0.0,0.0,0,0,0.0,0.0,0.0,0.0,0,0.0,0.0,5,1.0,0,0.0,0.0,1.0,-2.777970562048722,0,90,143,1374.0,9,1.0,1.0,2052.0,275.0,65.0,49.97649604699734,1,10.424144627465894,3.7643690798621705,6.184374955686103,9.975616088773528,0.0,191.5,15,0.2411467116357504,0.4038575083644952,0.17684887459807075,0.6848060741452218,0.3168819188191882,0.375,0.2850877192982456,0.29365079365079366,0.34594095940959413,0.3285055350553506,2.3170320404721756,0.19879381938363325,Calvin Ridley,WR,279.5,71.10000000000001
00-0034837,2023,REG,0,0,0.0,0,0.0,0.0,0.0,0,0,0.0,0.0,0.0,0.0,0,0.0,0.0,9,23.0,0,0.0,0.0,3.0,-2.9486537375487387,0,76,136,1016.0,8,1.0,0.0,1771.0,194.0,49.0,31.327944215544356,1,10.501587814161637,3.8299839833235616,6.174912953496848,10.067415042433135,0.0,153.9,17,0.21935483870967742,0.3555510941577996,0.10015487867836861,0.6134731333907558,0.23212245830477496,0.36363636363636365,0.24623115577889448,0.2579185520361991,0.2978794109705693,0.25842523937109274,1.6387096774193548,0.15710205141521683,Calvin Ridley,WR,227.9,199.20000000000002
00-0034838,2020,REG,0,0,0.0,0,0.0,0.0,0.0,0,0,0.0,0.0,0.0,0.0,0,0.0,0.0,35,170.0,0,0.0,0.0,10.0,-0.2901292197670269,0,12,13,81.0,0,0.0,0.0,22.0,63.0,4.0,2.699709704799339,0,15.819444444444445,0.3655644683413961,0.06743395827937974,0.59555047330766,0.0,25.1,11,0.034031413612565446,0.006227002547410133,0.06231454005934718,0.05602872245677627,0.03359601824968893,0.0,0.034482758620689655,0.031746031746031744,0.016798009124844464,0.026876814599751143,0.21204188481675393,0.047090779853777416,Royce Freeman,RB,37.1,34.6
00-0034838,2021,REG,0,0,0.0,0,0.0,0.0,0.0,0,0,0.0,0.0,0.0,0.0,0,0.0,0.0,56,169.0,0,0.0,0.0,8.0,-9.514037958262778,0,10,16,77.0,0,0.0,0.0,-6.0,75.0,4.0,-1.7541872984263365,0,21.009090909090908,0.42188634379036855,-0.02339073578646986,0.6164560006350239,0.0,24.6,11,0.042105263157894736,-0.002178649237472767,0.060926076360682375,0.061414975346863895,0.03327571305099395,0.0,0.03636363636363636,0.03333333333333333,0.016637856525496975,0.02662057044079516,0.2026315789473684,0.04264970539654365,Royce Freeman,RB,34.6,19.0
00-0034838,2022,REG,0,0,0.0,0,0.0,0.0,0.0,0,0,0.0,0.0,0.0,0.0,0,0.0,0.0,41,117.0,0,1.0,1.0,7.0,-15.424119600385893,0,6,8,33.0,0,0.0,0.0,-6.0,39.0,0.0,-1.4656290366547182,0,3.1,0.21688320417902995,-0.020507463109854532,0.3109695820916467,0.0,13.000000000000002,4,0.05517241379310345,-0.004838709677419355,0.10182767624020887,0.07888765294771968,0.0379746835443038,0.0,0.0,0.0,0.0189873417721519,0.03037974683544304,0.22758620689655173,0.06476683937823834,Royce Freeman,RB,19.0,46.2
00-0034844,2020,REG,0,0,0.0,0,0.0,0.0,0.0,0,0,0.0,0.0,0.0,0.0,0,0.0,0.0,19,34.0,0,0.0,0.0,1.0,-8.175074114871677,0,6,9,60.0,0,0.0,0.0,34.0,55.0,3.0,3.641316238208674,0,1.7647058823529411,0.23076923076923078,0.13991769547325103,0.44409623298512185,0.0,9.4,2,0.1111111111111111,0.06995884773662552,0.28061224489795916,0.22263374485596707,0.11538461538461539,0.0,0.0967741935483871,0.09090909090909091,0.057692307692307696,0.09230769230769231,0.7407407407407407,0.10118265440210251,Saquon Barkley,RB,15.4,148.6
00-0034844,2021,REG,0,0,0.0,0,0.0,0.0,0.0,0,0,0.0,0.0,0.0,0.0,0,0.0,0.0,162,593.0,2,1.0,1.0,27.0,-20.349857543361633,0,41,57,263.0,2,1.0,0.0,30.0,298.0,13.0,-3.7365712338360026,0,-5.320327515621633,1.7012852720405278,0.0071676308309976955,2.5569452496424905,0.0,107.60000000000001,13,0.12527472527472527,0.008465011286681716,0.2504201680672269,0.1946840969414333,0.0992078460958129,0.18181818181818182,0.10077519379844961,0.10714285714285714,0.14051301395699736,0.1157299132402867,0.578021978021978,0.1716847286087298,Saquon Barkley,RB,148.6,320.1
00-0034844,2022,REG,0,0,0.0,0,0.0,0.0,0.0,0,0,0.0,0.0,0.0,0.0,0,0.0,0.0,295,1312.0,10,1.0,0.0,62.0,-15.51116913972907,0,57,76,338.0,0,0.0,0.0,-16.0,434.0,10.0,-13.6522434311378,1,-56.36675400622769,2.6829309133759502,-0.11078674116514875,3.946845651248321,0.0,227.0,16,0.15833333333333333,-0.005111821086261981,0.2675709001233046,0.2334105431309904,0.10358565737051793,0.0,0.06289308176100629,0.05714285714285714,0.05179282868525897,0.08286852589641436,0.7041666666666667,0.22104263632259774,Saquon Barkley,RB,320.1,221.20000000000002
00-0034844,2023,REG,0,0,0.0,0,0.0,0.0,0.0,0,0,0.0,0.0,0.0,0.0,0,0.0,0.0,247,962.0,6,2.0,2.0,51.0,-50.37396212196922,1,41,60,280.0,4,0.0,0.0,134.0,226.0,16.0,-6.571395814604385,0,33.60610835401158,2.3320514195334257,-1.229960072838929,2.6371050783128887,0.0,182.20000000000002,14,0.1431980906921241,0.04112952731737262,0.172782874617737,0.2477007578920843,0.09978617248752673,0.26666666666666666,0.13793103448275862,0.15267175572519084,0.1832264195770967,0.13316227132335473,0.6682577565632458,0.22106889584406325,Saquon Barkley,RB,221.20000000000002,459.7
00-0034845,2020,REG,0,0,0.0,0,0.0,0.0,0.0,0,0,0.0,0.0,0.0,0.0,0,0.0,0.0,79,449.0,1,0.0,0.0,19.0,5.222001809306676,0,7,9,114.0,1,0.0,0.0,-2.0,110.0,5.0,8.750541653600521,0,-31.4,0.32578169387067263,-0.021906213267368625,0.4733381915188509,0.0,68.30000000000001,8,0.04186046511627907,-0.0013559322033898306,0.15006821282401092,0.06170595191170675,0.0741222366710013,0.125,0.06666666666666667,0.07228915662650602,0.09956111833550066,0.08429778933680104,0.5302325581395348,0.12131073591957728,Sony Michel,RB,75.30000000000001,156.5
00-0034845,2021,REG,0,0,0.0,0,0.0,0.0,0.0,0,0,0.0,0.0,0.0,0.0,0,0.0,0.0,208,845.0,4,1.0,1.0,49.0,-21.070007933954304,0,21,33,128.0,1,0.0,0.0,-14.0,133.0,6.0,-8.643807557342068,0,-0.2296536796536799,0.9161201860201176,-0.06342855450507467,1.3297802908766243,0.0,125.3,17,0.054365733113673806,-0.0027269185820023374,0.062236780533458116,0.07936706480490884,0.02615982015123646,0.024390243902439025,0.02575107296137339,0.025547445255474453,0.025275032026837743,0.025805904901476977,0.21087314662273476,0.08599205322925728,Sony Michel,RB,156.5,24.900000000000002
00-0034854,2020,REG,0,0,0.0,0,0.0,0.0,0.0,0,0,0.0,0.0,0.0,0.0,0,0.0,0.0,0,0.0,0,0.0,0.0,0.0,0.0,0,11,17,180.0,0,0.0,0.0,278.0,23.0,11.0,10.484842254576506,0,4.193398268398269,0.7448504711662607,1.184383048160138,1.9463438404614875,0.0,18.0,7,0.09289617486338798,0.16606929510155316,0.05133928571428571,0.2721996983763245,0.1329394387001477,0.0,0.1506849315068493,0.13580246913580246,0.06646971935007386,0.10635155096011817,0.9836065573770492,0.0519378178952647,Khadarel Hodge,WR,29.0,28.700000000000003
00-0034854,2021,REG,0,0,0.0,0,0.0,0.0,0.0,0,0,0.0,0.0,0.0,0.0,0,0.0,0.0,0,0.0,0,0.0,0.0,0.0,0.0,0,13,27,157.0,0,0.0,0.0,304.0,37.0,7.0,-7.36710539101227,1,6.962950937950938,0.7718190156751277,1.2758504799559038,2.050823859481824,0.0,17.700000000000003,10,0.07317073170731707,0.12687813021702837,0.029576338928856916,0.21125860173459832,0.06517227065172271,0.0,0.058333333333333334,0.05384615384615385,0.032586135325861354,0.052137816521378166,0.4254742547425474,0.03863287443686608,KhaDarel Hodge,WR,28.700000000000003,39.2
00-0034854,2022,REG,0,0,0.0,0,0.0,0.0,0.0,0,0,0.0,0.0,0.0,0.0,0,0.0,0.0,0,0.0,0,0.0,0.0,0.0,0.0,0,13,20,202.0,1,0.0,0.0,268.0,61.0,7.0,12.509926854167134,1,7.664508794508794,0.8124498167582875,1.0545181907088557,1.9568374586336301,0.0,28.2,9,0.08849557522123894,0.11754385964912281,0.10758377425044091,0.22677845055115664,0.13657876943881,0.14285714285714285,0.09333333333333334,0.0975609756097561,0.13971795614797644,0.13783444412247658,0.8938053097345132,0.06753434088450316,KhaDarel Hodge,WR,39.2,37.2
00-0034854,2023,REG,0,0,0.0,0,0.0,0.0,0.0,0,0,0.0,0.0,0.0,0.0,0,0.0,0.0,1,0.0,0,1.0,0.0,0.0,-0.6525483611621894,0,14,23,232.0,0,0.0,0.0,330.0,83.0,13.0,5.243100800266969,0,11.38899051490515,0.7199588532905601,1.1317335501666808,1.8721517650525168,0.0,23.2,13,0.05251141552511415,0.08962520369364475,0.056081081081081084,0.15046728624258704,0.07339449541284404,0.0,0.08609271523178808,0.07926829268292683,0.03669724770642202,0.05871559633027523,0.5296803652968036,0.03753253828924269,KhaDarel Hodge,WR,37.2,26.099999999999998
00-0034855,2020,REG,305,486,3563.0,26,8.0,26.0,162.0,4,3,4135.0,1361.0,188.0,87.74814140734111,1,14.340236417684222,2.481407054584217,54,165.0,1,3.0,1.0,18.0,-7.009694477849189,0,1,1,6.0,0,0.0,0.0,5.0,1.0,1.0,1.7705882448935881,0,1.2,0.03125,0.02403846153846154,0.06370192307692307,0.0,247.62,16,0.001996007984031936,0.001180080245456691,0.0007112375533428165,0.003938076172413257,0.0016211834639286678,0.0,0.005128205128205128,0.0045045045045045045,0.0008105917319643339,0.0012969467711429344,0.011976047904191617,0.17258805725630666,Baker Mayfield,QB,321.20000000000005,205.9
00-0034855,2021,REG,253,418,3010.0,17,13.0,43.0,269.0,5,3,3659.0,1383.0,143.0,-6.556413046271427,2,12.04733376147512,1.0660672421428623,37,134.0,1,1.0,0.0,12.0,6.111318557494082,0,0,0,0.0,0,0.0,0.0,0.0,0.0,0.0,0.0,0,0.0,0.0,0.0,0.0,0.0,179.8,14,0.0,0.0,0.0,0.0,0.0,0.0,0.0,0.0,0.0,0.0,0.0,0.15827743446187434,Baker Mayfield,QB,205.9,143.05
00-0034855,2022,REG,201,335,2163.0,10,8.0,36.0,217.0,4,1,2276.0,1127.0,94.0,-50.34169718310751,0,12.806832132129939,0.3432665087824031,31,89.0,1,5.0,1.0,7.0,-7.133565690585934,0,0,0,0.0,0,0.0,0.0,0.0,0.0,0.0,0.0,0,0.0,0.0,0.0,0.0,0.0,121.42,12,0.0,0.0,0.0,0.0,0.0,0.0,0.0,0.0,0.0,0.0,0.0,0.15816486035848268,Baker Mayfield,QB,143.05,367.9
00-0034855,2023,REG,364,566,4044.0,28,10.0,40.0,232.0,6,3,4844.0,1927.0,188.0,50.666178500909844,2,14.947742176426253,1.8159550003560754,62,163.0,1,2.0,0.0,16.0,-14.48364719747979,0,0,0,0.0,0,0.0,0.0,0.0,0.0,0.0,0.0,0,0.0,0.0,0.0,0.0,0.0,274.06,17,0.0,0.0,0.0,0.0,0.0,0.0,0.0,0.0,0.0,0.0,0.0,0.1983986795621706,Baker Mayfield,QB,367.9,426.35
00-0034857,2020,REG,396,572,4544.0,37,10.0,26.0,159.0,5,2,4857.0,1871.0,228.0,169.85448324955723,0,15.86662969639334,2.9455342467594643,102,421.0,8,4.0,4.0,38.0,0.1238734730746005,0,1,1,12.0,1,0.0,0.0,-5.0,17.0,1.0,2.2947238330962136,0,0.0,0.022222222222222223,-0.01644736842105263,0.02182017543859649,0.0,395.06,16,0.0016778523489932886,-0.0009740892265731541,0.008735868448098663,0.0017375071422314095,0.0025073129962390303,0.025,0.004166666666666667,0.007142857142857143,0.013753656498119516,0.007005850396991226,0.020134228187919462,0.23102768412333607,Josh Allen,QB,526.85,521.9
00-0034857,2021,REG,409,646,4407.0,36,15.0,26.0,164.0,3,1,5295.0,1734.0,234.0,80.83385779358214,1,14.682545592565798,2.229759597806658,122,763.0,6,5.0,2.0,53.0,55.54071763407837,1,0,0,0.0,0,0.0,0.0,0.0,0.0,0.0,0.0,1,0.0,0.0,0.0,0.0,0.0,402.58,17,0.0,0.0,0.0,0.0,0.0,0.0,0.0,0.0,0.0,0.0,0.0,0.23590975681218868,Josh Allen,QB,521.9,485.75000000000006
00-0034857,2022,REG,359,567,4283.0,35,14.0,33.0,162.0,6,3,5229.0,1588.0,212.0,100.66942584986512,1,13.43917033603296,2.159936884024283,124,762.0,7,7.0,2.0,55.0,39.349782443182335,1,0,0,0.0,0,0.0,0.0,0.0,0.0,0.0,0.0,0,0.0,0.0,0.0,0.0,0.0,395.52,16,0.0,0.0,0.0,0.0,0.0,0.0,0.0,0.0,0.0,0.0,0.0,0.2486077413353112,Josh Allen,QB,485.75000000000006,499.75
00-0034857,2023,REG,385,579,4306.0,29,18.0,24.0,152.0,2,1,5022.0,1973.0,199.0,90.53379821970739,3,15.454787458337861,2.502915588839499,111,524.0,15,4.0,2.0,57.0,54.38192837900933,0,0,0,0.0,0,0.0,0.0,0.0,0.0,0.0,0.0,0,0.0,0.0,0.0,0.0,0.0,394.64,17,0.0,0.0,0.0,0.0,0.0,0.0,0.0,0.0,0.0,0.0,0.0,0.24710714822421478,Josh Allen,QB,499.75,477.95
00-0034860,2020,REG,0,0,0.0,0,0.0,0.0,0.0,0,0,0.0,0.0,0.0,0.0,0,0.0,0.0,0,0.0,0,0.0,0.0,0.0,0.0,0,4,6,76.0,1,0.0,0.0,110.0,6.0,3.0,4.824209358668044,0,2.0,0.18442073170731707,0.3819608881507024,0.5440037192664672,0.0,13.600000000000001,3,0.06060606060606061,0.12318029115341546,0.017804154302670624,0.18945332383182328,0.10270270270270271,0.2,0.07692307692307693,0.09090909090909091,0.15135135135135136,0.12216216216216218,0.7676767676767676,0.07160292921074045,Dante Pettis,WR,17.6,25.5
00-0034860,2021,REG,1,1,16.0,0,0.0,0.0,0.0,0,0,13.0,3.0,1.0,0.9808847262756899,0,1.2307692307692308,0.0,0,0.0,0,0.0,0.0,0.0,0.0,0,10,16,87.0,1,0.0,0.0,103.0,38.0,5.0,-1.9642320835057556,0,3.533333333333333,0.3806818181818182,0.35835045768727813,0.821868047653822,0.0,15.34,2,0.18823529411764706,0.17881944444444445,0.16666666666666666,0.4254084967320262,0.18872017353579176,1.0,0.19230769230769232,0.2222222222222222,0.5943600867678959,0.35097613882863343,1.0235294117647058,0.16688619599578502,Dante Pettis,WR,25.5,65.2
00-0034869,2020,REG,217,364,2208.0,9,11.0,35.0,234.0,4,2,2794.0,1155.0,109.0,-76.96315407624826,1,10.269100550502003,0.36071606285360236,37,217.0,2,0.0,0.0,13.0,12.573174108983949,0,0,0,0.0,0,0.0,0.0,0.0,0.0,0.0,0.0,0,0.0,0.0,0.0,0.0,0.0,134.02,12,0.0,0.0,0.0,0.0,0.0,0.0,0.0,0.0,0.0,0.0,0.0,0.17186898868911746,Sam Darnold,QB,154.10000000000002,180.55
00-0034869,2021,REG,243,406,2527.0,9,13.0,35.0,204.0,7,2,2932.0,1385.0,123.0,-77.7665797189775,1,11.064192520369524,0.48213632066559636,48,222.0,5,2.0,2.0,21.0,3.878886218132827,0,0,0,0.0,0,0.0,0.0,0.0,0.0,0.0,0.0,0,0.0,0.0,0.0,0.0,0.0,157.28,12,0.0,0.0,0.0,0.0,0.0,0.0,0.0,0.0,0.0,0.0,0.0,0.1816501894114386,Sam Darnold,QB,180.55,97.75
00-0034869,2022,REG,82,140,1143.0,7,3.0,10.0,78.0,1,1,1138.0,553.0,57.0,21.072685399863992,0,6.280887030286117,0.8070928467037988,26,106.0,2,4.0,1.0,10.0,-4.00550188154991,0,0,0,0.0,0,0.0,0.0,0.0,0.0,0.0,0.0,0,0.0,0.0,0.0,0.0,0.0,86.32,6,0.0,0.0,0.0,0.0,0.0,0.0,0.0,0.0,0.0,0.0,0.0,0.19733894197796167,Sam Darnold,QB,97.75,26.35
00-0034869,2023,REG,28,46,297.0,2,1.0,6.0,40.0,2,1,371.0,155.0,15.0,-0.2621567214636231,0,2.56,0.18702737609076628,21,15.0,1,1.0,0.0,3.0,-8.307283751055365,0,0,0,0.0,0,0.0,0.0,0.0,0.0,0.0,0.0,0,0.0,0.0,0.0,0.0,0.0,23.380000000000003,10,0.0,0.0,0.0,0.0,0.0,0.0,0.0,0.0,0.0,0.0,0.0,0.02227600137200351,Sam Darnold,QB,26.35,365.3
00-0034899,2020,REG,22,38,231.0,0,1.0,2.0,8.0,0,0,358.0,93.0,12.0,-3.346273313622434,0,0.6452513966480447,0.06715008678274328,6,56.0,0,0.0,0.0,4.0,7.079733063001186,0,0,0,0.0,0,0.0,0.0,0.0,0.0,0.0,0.0,0,0.0,0.0,0.0,0.0,0.0,12.84,1,0.0,0.0,0.0,0.0,0.0,0.0,0.0,0.0,0.0,0.0,0.0,0.20932507336159112,John Wolford,QB,16.8,-1.85
00-0034899,2021,REG,1,4,5.0,0,1.0,1.0,8.0,0,0,19.0,7.0,0.0,-6.360478993272409,0,0.0,0.0,2,-1.0,0,0.0,0.0,0.0,-1.032551954034716,0,0,0,0.0,0,0.0,0.0,0.0,0.0,0.0,0.0,0,0.0,0.0,0.0,0.0,0.0,-1.9000000000000001,2,0.0,0.0,0.0,0.0,0.0,0.0,0.0,0.0,0.0,0.0,0.0,-0.008046074362666215,John Wolford,QB,-1.85,18.700000000000003
00-0034928,2022,REG,0,0,0.0,0,0.0,0.0,0.0,0,0,0.0,0.0,0.0,0.0,0,0.0,0.0,13,70.0,0,0.0,0.0,5.0,2.0448226840235293,0,14,23,104.0,0,0.0,0.0,129.0,60.0,5.0,-5.793479525504908,0,6.4751400560224095,0.7859678663159138,0.5324754759447217,1.5516846326351759,0.0,17.400000000000002,11,0.06647398843930635,0.04747883695252116,0.06396588486140725,0.13769405222097647,0.04513888888888889,0.0,0.04310344827586207,0.04,0.022569444444444444,0.036111111111111115,0.30057803468208094,0.03689516602824713,Steven Sims,WR,31.400000000000002,5.6
00-0034928,2023,REG,0,0,0.0,0,0.0,0.0,0.0,0,0,0.0,0.0,0.0,0.0,0,0.0,0.0,1,1.0,0,0.0,0.0,0.0,-1.5655690995045006,0,3,3,25.0,0,0.0,0.0,-2.0,27.0,1.0,1.036577990045771,0,0.0,0.08204334365325078,-0.007518796992481203,0.11780185758513931,0.0,2.6,2,0.04054054054054054,-0.0030959752321981426,0.140625,0.0583340306250523,0.04409171075837742,0.0,0.03333333333333333,0.030303030303030304,0.02204585537918871,0.03527336860670194,0.33783783783783783,0.03038853917950944,Steven Sims,WR,5.6,2.9
00-0034955,2020,REG,27,40,295.0,2,4.0,1.0,0.0,1,0,346.0,82.0,12.0,-1.6855928612204254,0,2.0058699578567127,0.30381485326861224,5,-5.0,0,0.0,0.0,0.0,-4.392087675107177,0,0,0,0.0,0,0.0,0.0,0.0,0.0,0.0,0.0,0,0.0,0.0,0.0,0.0,0.0,11.3,2,0.0,0.0,0.0,0.0,0.0,0.0,0.0,0.0,0.0,0.0,0.0,0.07159148504815002,Brett Rypien,QB,14.250000000000002,0.0
00-0034955,2021,REG,0,2,0.0,0,0.0,0.0,0.0,0,0,11.0,0.0,0.0,-2.059117787517607,0,0.0,0.0,0,0.0,0,0.0,0.0,0.0,0.0,0,0,0,0.0,0,0.0,0.0,0.0,0.0,0.0,0.0,0,0.0,0.0,0.0,0.0,0.0,0.0,1,0.0,0.0,0.0,0.0,0.0,0.0,0.0,0.0,0.0,0.0,0.0,0.0,Brett Rypien,QB,0.0,22.85
00-0034955,2022,REG,53,88,483.0,2,4.0,8.0,47.0,2,1,734.0,267.0,24.0,-29.22884806378002,0,3.11561670521626,0.006564553084048658,6,7.0,0,1.0,0.0,2.0,-0.5416464465088211,0,0,0,0.0,0,0.0,0.0,0.0,0.0,0.0,0.0,0,0.0,0.0,0.0,0.0,0.0,18.02,4,0.0,0.0,0.0,0.0,0.0,0.0,0.0,0.0,0.0,0.0,0.0,0.05403946500329874,Brett Rypien,QB,22.85,8.5
00-0034959,2022,REG,0,0,0.0,0,0.0,0.0,0.0,0,0,0.0,0.0,0.0,0.0,0,0.0,0.0,2,0.0,0,0.0,0.0,0.0,-2.069039475172758,0,5,11,69.0,0,0.0,0.0,46.0,47.0,2.0,-4.782320494297892,0,19.26086956521739,0.34663492832940845,0.16587924589793596,0.6360678646226678,0.0,6.9,8,0.040145985401459854,0.02005231037489102,0.04662698412698413,0.07626082640210259,0.03542094455852156,0.0,0.024096385542168676,0.02197802197802198,0.01771047227926078,0.028336755646817247,0.2518248175182482,0.01868953386103782,Andrew Beck,TE,11.9,32.8
00-0034959,2023,REG,0,0,0.0,0,0.0,0.0,0.0,0,0,0.0,0.0,0.0,0.0,0,0.0,0.0,5,3.0,1,0.0,0.0,2.0,-1.4628208396025002,0,11,13,55.0,2,1.0,1.0,22.0,37.0,4.0,-9.02365962843089,0,6.958333333333333,0.41822567983558695,0.09259601860601088,0.692155732777588,1.0,27.8,12,0.03132530120481928,0.005851063829787234,0.02539464653397392,0.05166880287105871,0.016571256402530883,0.09090909090909091,0.02631578947368421,0.034482758620689655,0.053740173655810894,0.03143882330384289,0.13253012048192772,0.035117571457017174,Andrew Beck,RB,32.8,0.0
00-0034960,2020,REG,2,2,43.0,2,0.0,0.0,0.0,0,0,37.0,6.0,2.0,5.631342348933686,0,2.4615384615384617,0.0,2,9.0,0,0.0,0.0,0.0,0.23940398287959397,0,59,81,729.0,0,1.0,1.0,826.0,216.0,37.0,24.566675161758248,1,13.412832018461295,3.4559559087615384,4.65295779533052,8.441004319873672,0.0,83.52000000000001,12,0.24620060790273557,0.35572782084409993,0.19690063810391978,0.6538831685293833,0.300990916597853,0.0,0.30833333333333335,0.2846153846153846,0.1504954582989265,0.2407927332782824,2.2158054711246202,0.1603546434438219,Jakobi Meyers,WR,140.95000000000002,192.75
00-0034960,2021,REG,2,2,45.0,0,0.0,0.0,0.0,0,0,11.0,34.0,1.0,1.7869173039798625,0,4.090909090909091,0.0,1,9.0,0,0.0,0.0,0.0,0.9230725592351519,0,83,126,866.0,2,1.0,1.0,1221.0,222.0,42.0,16.989091447288686,2,12.137931814400524,3.818217656762049,4.795831940691399,9.084408843627052,0.0,103.30000000000001,16,0.23684210526315788,0.28574771823075124,0.11514522821576763,0.5838613324793378,0.21230693797499386,0.08333333333333333,0.22580645161290322,0.20952380952380953,0.1478201356541636,0.18651221704666177,1.6278195488721805,0.12691081500858334,Jakobi Meyers,WR,192.75,182.3
00-0034960,2022,REG,0,0,0.0,0,0.0,0.0,0.0,0,0,0.0,0.0,0.0,0.0,0,0.0,0.0,2,9.0,0,0.0,0.0,2.0,1.0388926968444139,0,67,96,804.0,6,1.0,1.0,950.0,238.0,38.0,36.93914405601074,1,12.358856613623216,3.147023094483508,4.09056032318398,7.583926867954048,0.0,117.3,14,0.21238938053097345,0.2763234438627109,0.15730337078651685,0.5396428258866289,0.2574447646493756,0.3333333333333333,0.2814814814814815,0.2875816993464052,0.29538904899135443,0.27262247838616716,1.7787610619469028,0.17225586959772693,Jakobi Meyers,WR,182.3,218.70000000000002
00-0034960,2023,REG,2,3,12.0,1,0.0,0.0,0.0,0,0,12.0,0.0,1.0,0.8678318390157074,0,1.0,0.0,4,24.0,2,0.0,0.0,3.0,2.83430481684627,0,71,106,807.0,8,0.0,0.0,1028.0,242.0,46.0,18.461271645921272,0,19.678806504422003,3.2986880650844057,4.244311893902825,7.919050423358586,0.0,147.58,16,0.19887429643527205,0.2512833048154485,0.15643180349062702,0.49933808850526684,0.23182993392703247,0.42105263157894735,0.26744186046511625,0.28272251308900526,0.3264412827529899,0.26967447345741546,1.5140712945590995,0.18375170233871918,Jakobi Meyers,WR,218.70000000000002,216.0
00-0034970,2022,REG,0,0,0.0,0,0.0,0.0,0.0,0,0,0.0,0.0,0.0,0.0,0,0.0,0.0,0,0.0,0,0.0,0.0,0.0,0.0,0,25,36,182.0,2,1.0,0.0,164.0,91.0,9.0,-4.330919062018104,0,8.079242191500256,1.0125863123846994,0.6759544389124099,1.992047575815736,0.0,30.200000000000003,8,0.12040133779264214,0.08555033907146584,0.08947885939036382,0.24904227794613587,0.08621506395073425,0.16666666666666666,0.08181818181818182,0.09016393442622951,0.12644086530870047,0.10230538449392074,0.6086956521739131,0.071443363015117,Irv Smith,TE,62.5,33.5
00-0034972,2020,REG,0,0,0.0,0,0.0,0.0,0.0,0,0,0.0,0.0,0.0,0.0,0,0.0,0.0,96,434.0,2,0.0,0.0,24.0,-7.244571321149124,0,13,15,125.0,1,0.0,0.0,41.0,108.0,5.0,8.095390505943215,0,50.82051282051282,0.49532744905742615,0.1421507891699569,0.842496726005109,0.0,73.9,13,0.0379746835443038,0.012290167865707434,0.07204803202134756,0.06679415960902164,0.03629500580720093,0.03571428571428571,0.03048780487804878,0.03125,0.03600464576074332,0.036178861788617886,0.31645569620253167,0.06650035201567235,Alexander Mattison,RB,86.9,125.89999999999999
00-0034972,2021,REG,0,0,0.0,0,0.0,0.0,0.0,0,0,0.0,0.0,0.0,0.0,0,0.0,0.0,134,491.0,3,1.0,1.0,28.0,-25.048398856713902,0,32,39,228.0,1,0.0,0.0,3.0,238.0,10.0,-2.7079422143603007,0,-11.476190476190478,1.1393815960080582,-0.008321326546580202,1.703247465429481,0.0,93.9,16,0.06724137931034482,0.0006580390436499232,0.12434691745036573,0.10138850020043717,0.05225762090304836,0.03125,0.050761421319796954,0.048034934497816595,0.04175381045152418,0.04805609672243869,0.3931034482758621,0.08140331820356649,Alexander Mattison,RB,125.89999999999999,89.60000000000001
00-0034972,2022,REG,0,0,0.0,0,0.0,0.0,0.0,0,0,0.0,0.0,0.0,0.0,0,0.0,0.0,74,283.0,5,0.0,0.0,21.0,0.3825849905551877,0,15,18,91.0,1,0.0,0.0,-33.0,121.0,4.0,4.290313577837184,0,-11.013636363636364,0.4710564698064698,-0.12350898520045234,0.6201284150693881,0.0,73.4,17,0.026785714285714284,-0.006580259222333001,0.057210401891252954,0.03491436405070503,0.018887505188875053,0.03333333333333333,0.01639344262295082,0.01824817518248175,0.026110419261104193,0.02177667081776671,0.13541666666666666,0.052977909889609376,Alexander Mattison,RB,89.60000000000001,133.20000000000002
00-0034972,2023,REG,0,0,0.0,0,0.0,0.0,0.0,0,0,0.0,0.0,0.0,0.0,0,0.0,0.0,180,700.0,0,2.0,2.0,28.0,-31.740954303268495,0,30,44,192.0,3,0.0,0.0,24.0,181.0,5.0,-5.054178302693316,0,0.4731313131313133,1.2029128090626184,0.1226480355259145,1.8902228384620678,0.0,103.2,16,0.07370184254606366,0.005111821086261981,0.10117384013415316,0.11464222068810506,0.04366613600181942,0.10714285714285714,0.024509803921568627,0.034482758620689655,0.07540449657233828,0.05636148023002697,0.32160804020100503,0.09416222482998489,Alexander Mattison,RB,133.20000000000002,135.4
00-0034975,2022,REG,0,0,0.0,0,0.0,0.0,0.0,0,0,0.0,0.0,0.0,0.0,0,0.0,0.0,49,262.0,0,1.0,1.0,15.0,-3.185981451330008,0,12,12,58.0,0,1.0,0.0,-25.0,83.0,2.0,2.079712545440998,0,-2.0999999999999996,0.4333684753943374,-0.18276074004797604,0.522120195057923,0.0,30.0,13,0.031088082901554404,-0.008012820512820512,0.072236727589208,0.0402218679420752,0.02244582043343653,0.0,0.017241379310344827,0.015151515151515152,0.011222910216718266,0.017956656346749224,0.15025906735751296,0.04147492741887701,Justice Hill,RB,45.0,126.7
00-0034975,2023,REG,0,0,0.0,0,0.0,0.0,0.0,0,0,0.0,0.0,0.0,0.0,0,0.0,0.0,84,387.0,3,0.0,0.0,18.0,0.8103901900690555,0,28,39,206.0,1,1.0,1.0,23.0,237.0,8.0,-4.725817573838867,0,13.618421052631579,1.390844225304559,0.13248361882553286,2.1790048711347114,0.0,81.30000000000001,16,0.08423326133909287,0.005912596401028277,0.13659942363112393,0.13107996912946193,0.05599347648817613,0.037037037037037035,0.046242774566473986,0.045,0.04651525676260658,0.05220218859794831,0.4449244060475162,0.07483431012762229,Justice Hill,RB,126.7,147.3
00-0034981,2020,REG,0,0,0.0,0,0.0,0.0,0.0,0,0,0.0,0.0,0.0,0.0,0,0.0,0.0,0,0.0,0,0.0,0.0,0.0,0.0,0,7,9,140.0,2,0.0,0.0,109.0,51.0,5.0,10.175309042679146,0,7.481216931216931,0.26697133046312255,0.4478631897526195,0.7139612285215174,0.0,26.0,7,0.03529411764705882,0.05638903259182618,0.06035502958579882,0.09805240254404918,0.07135575942915393,0.15384615384615385,0.05154639175257732,0.06363636363636363,0.11260095663765389,0.08785383831255392,0.5490196078431373,0.04844534484277283,Foster Moreau,TE,33.0,85.3
00-0034981,2021,REG,0,0,0.0,0,0.0,0.0,0.0,0,0,0.0,0.0,0.0,0.0,0,0.0,0.0,0,0.0,0,0.0,0.0,0.0,0.0,0,30,44,373.0,3,1.0,0.0,325.0,189.0,16.0,-0.8733873719285308,0,19.27428102530404,1.2838548943451205,1.371077995628908,2.8855369384579164,0.0,55.300000000000004,12,0.10426540284360189,0.09475218658892129,0.1157379056950398,0.23219985353653988,0.10925600468658465,0.1875,0.10062893081761007,0.10857142857142857,0.14837800234329232,0.12490480374926774,0.8838862559241706,0.07798072879527543,Foster Moreau,TE,85.3,87.0
00-0034981,2022,REG,0,0,0.0,0,0.0,0.0,0.0,0,0,0.0,0.0,0.0,0.0,0,0.0,0.0,0,0.0,0,0.0,0.0,0.0,0.0,0,33,54,420.0,2,0.0,0.0,451.0,237.0,24.0,8.415477423375705,0,18.000290217774122,1.592284028324295,1.479503242114111,3.42407831196632,0.0,54.0,14,0.11134020618556702,0.10175992779783394,0.1611148878314072,0.24841825151661767,0.1214574898785425,0.08333333333333333,0.1509433962264151,0.14207650273224043,0.10239541160593792,0.11383265856950067,0.865979381443299,0.07227594457182733,Foster Moreau,TE,87.0,46.300000000000004
00-0034981,2023,REG,0,0,0.0,0,0.0,0.0,0.0,0,0,0.0,0.0,0.0,0.0,0,0.0,0.0,0,0.0,0,0.0,0.0,0.0,0.0,0,21,25,193.0,1,0.0,0.0,122.0,96.0,9.0,8.405415190608634,0,23.42259287023155,0.7503595506918839,0.4627327115190673,1.4494522241011727,0.0,25.3,11,0.0641025641025641,0.04286718200983837,0.08518189884649512,0.13044759176171683,0.07185405807892778,0.045454545454545456,0.06716417910447761,0.0641025641025641,0.05865430176673662,0.06657415555405131,0.4948717948717949,0.0448974050657461,Foster Moreau,TE,46.300000000000004,103.3
00-0034983,2020,REG,0,0,0.0,0,0.0,0.0,0.0,0,0,0.0,0.0,0.0,0.0,0,0.0,0.0,0,0.0,0,0.0,0.0,0.0,0.0,0,56,77,656.0,2,1.0,1.0,547.0,338.0,32.0,27.79444867287963,0,31.785422213255313,2.2928376601912257,1.993277705206812,4.834550883931607,0.0,75.60000000000001,16,0.1397459165154265,0.1217720391807658,0.16439688715953307,0.3070365061177524,0.14966917636322155,0.07142857142857142,0.1553398058252427,0.1452991452991453,0.11054887389589649,0.13402105537629153,1.190562613430127,0.08611325594482469,Hunter Renfrow,WR,131.6,272.9
00-0034983,2021,REG,0,0,0.0,0,0.0,0.0,0.0,0,0,0.0,0.0,0.0,0.0,0,0.0,0.0,3,3.0,0,0.0,0.0,0.0,-1.602576220058836,0,103,128,1038.0,9,1.0,1.0,828.0,452.0,51.0,51.40004696860902,0,22.238638187450146,3.5783450335443976,2.9150985165325816,7.408086511889404,0.0,156.10000000000002,17,0.20382165605095542,0.16187683284457477,0.19729375818419903,0.435233950352093,0.2158901830282862,0.391304347826087,0.2350230414746544,0.25,0.30359726542718657,0.2509730159878464,1.6528662420382165,0.16936633067942636,Hunter Renfrow,WR,272.9,79.0
00-0034983,2022,REG,0,0,0.0,0,0.0,0.0,0.0,0,0,0.0,0.0,0.0,0.0,0,0.0,0.0,0,0.0,0,0.0,0.0,0.0,0.0,0,36,50,330.0,2,3.0,1.0,339.0,149.0,18.0,4.044914962097703,0,13.877719870316703,1.5117304400392635,1.1624612399297427,3.081318528009715,0.0,43.0,10,0.14450867052023122,0.10680529300567108,0.13745387453874539,0.3022072401848837,0.1346938775510204,0.11764705882352941,0.15384615384615385,0.14925373134328357,0.1261704681872749,0.13128451380552222,0.953757225433526,0.09574597018543207,Hunter Renfrow,WR,79.0,48.5
00-0034988,2020,REG,0,0,0.0,0,0.0,0.0,0.0,0,0,0.0,0.0,0.0,0.0,0,0.0,0.0,0,0.0,0,0.0,0.0,0.0,0.0,0,18,21,112.0,0,0.0,0.0,41.0,89.0,8.0,6.103765589534305,0,57.582142857142856,0.7369420183704687,0.18233219561159042,1.2330455644838163,0.0,11.200000000000001,13,0.051470588235294115,0.013217279174725984,0.08882235528942116,0.08777970569272196,0.04221635883905013,0.0,0.055944055944055944,0.05263157894736842,0.021108179419525065,0.033773087071240104,0.27450980392156865,0.032530469463692875,Kaden Smith,TE,29.2,6.300000000000001
00-0035021,2020,REG,0,0,0.0,0,0.0,0.0,0.0,0,0,0.0,0.0,0.0,0.0,0,0.0,0.0,2,11.0,0,0.0,0.0,0.0,0.07453519036062062,0,3,6,53.0,0,1.0,0.0,31.0,28.0,2.0,1.8435714414226823,0,1.1333333333333333,0.20858599733599734,0.13154220285452267,0.40495853800216186,0.0,6.4,7,0.028169014084507043,0.019509125235997484,0.032,0.05786082131555855,0.031698564593301434,0.0,0.024096385542168676,0.021739130434782608,0.015849282296650717,0.02535885167464115,0.24882629107981222,0.0149757838388988,Ashton Dulin,WR,9.4,45.5
00-0035021,2021,REG,0,0,0.0,0,0.0,0.0,0.0,0,0,0.0,0.0,0.0,0.0,0,0.0,0.0,3,32.0,0,0.0,0.0,1.0,0.33870580315124243,0,13,22,173.0,2,0.0,0.0,304.0,50.0,9.0,5.9716478186892346,0,13.876236263736264,0.7210255743373462,1.0433370348762638,1.8118742859194037,0.0,32.5,14,0.05069124423963134,0.09004739336492891,0.036231884057971016,0.14807478105139016,0.05679579776756402,0.08695652173913043,0.06474820143884892,0.06790123456790123,0.07187615975334723,0.0628279425618773,0.3986175115207373,0.03692162877128065,Ashton Dulin,WR,45.5,42.5
00-0035022,2020,REG,0,0,0.0,0,0.0,0.0,0.0,0,0,0.0,0.0,0.0,0.0,0,0.0,0.0,1,19.0,0,0.0,0.0,1.0,1.166447764611803,0,1,1,3.0,0,0.0,0.0,-1.0,4.0,0.0,-0.20425559463910758,0,0.0,0.03125,-0.004405286343612335,0.043791299559471364,0.0,2.2,1,0.03125,-0.004405286343612335,0.0380952380952381,0.04335077092511013,0.012552301255230125,0.0,0.0,0.0,0.006276150627615063,0.0100418410041841,0.09375,0.026697814116469216,Penny Hart,WR,3.2,12.9
00-0035022,2021,REG,0,0,0.0,0,0.0,0.0,0.0,0,0,0.0,0.0,0.0,0.0,0,0.0,0.0,0,0.0,0,0.0,0.0,0.0,0.0,0,7,12,59.0,0,0.0,0.0,108.0,41.0,3.0,-3.16131397546269,0,24.465201465201464,0.40990539229503575,0.4557443680809289,0.9338791460992037,0.0,5.9,9,0.043010752688172046,0.04280618311533888,0.04175152749490835,0.09876107552452917,0.028752436647173488,0.0,0.031578947368421054,0.027777777777777776,0.014376218323586744,0.02300194931773879,0.2114695340501792,0.016996495296318744,Penny Hart,WR,12.9,5.0
00-0035040,2020,REG,6,10,49.0,0,1.0,1.0,10.0,0,0,82.0,27.0,1.0,-9.727418351569213,0,0.5975609756097561,0.04976558486569706,1,18.0,0,0.0,0.0,1.0,1.8705113735049963,0,0,0,0.0,0,0.0,0.0,0.0,0.0,0.0,0.0,0,0.0,0.0,0.0,0.0,0.0,1.76,1,0.0,0.0,0.0,0.0,0.0,0.0,0.0,0.0,0.0,0.0,0.0,0.03412175261729353,David Blough,QB,2.25,0.6000000000000001
00-0035040,2021,REG,0,0,0.0,0,0.0,1.0,6.0,1,0,0.0,0.0,0.0,-0.9305123655358329,0,0.0,0.0,1,6.0,0,0.0,0.0,0.0,0.3444378492422402,0,0,0,0.0,0,0.0,0.0,0.0,0.0,0.0,0.0,0,0.0,0.0,0.0,0.0,0.0,0.6000000000000001,1,0.0,0.0,0.0,0.0,0.0,0.0,0.0,0.0,0.0,0.0,0.0,0.009121313469139558,David Blough,QB,0.6000000000000001,22.6
00-0035099,2020,REG,0,0,0.0,0,0.0,0.0,0.0,0,0,0.0,0.0,0.0,0.0,0,0.0,0.0,0,0.0,0,0.0,0.0,0.0,0.0,0,4,5,39.0,0,0.0,0.0,5.0,34.0,2.0,2.0308849830180407,0,3.25,0.1709100395601657,0.018247117417704378,0.26913804153264165,0.0,3.9000000000000004,5,0.03067484662576687,0.004180602006688963,0.06513409961685823,0.04935675154400147,0.032072368421052634,0.0,0.029411764705882353,0.02564102564102564,0.016036184210526317,0.02565789473684211,0.2392638036809816,0.014992219227995596,Khari Blasingame,RB,7.9,1.0
00-0035099,2021,REG,0,0,0.0,0,0.0,0.0,0.0,0,0,0.0,0.0,0.0,0.0,0,0.0,0.0,3,6.0,0,1.0,1.0,1.0,-2.5617634530644864,0,2,2,4.0,0,0.0,0.0,0.0,4.0,0.0,-0.8968115472234786,0,2.0,0.06458333333333333,-0.0024988398243672577,0.09512581212294292,0.0,-0.9999999999999999,3,0.024096385542168676,0.0,0.019704433497536946,0.03614457831325302,0.006791171477079796,0.0,0.0,0.0,0.003395585738539898,0.005432937181663837,0.04819277108433735,0.0039862871721278795,Khari Blasingame,RB,1.0,0.0
00-0035099,2022,REG,0,0,0.0,0,0.0,0.0,0.0,0,0,0.0,0.0,0.0,0.0,0,0.0,0.0,0,0.0,0,0.0,0.0,0.0,0.0,0,0,1,0.0,0,0.0,0.0,-4.0,0.0,0.0,-0.5554934327956289,0,0.0,0.041666666666666664,-0.023255813953488372,0.04622093023255814,0.0,0.0,1,0.04,-0.023255813953488372,0.0,0.0413953488372093,0.0,0.0,0.0,0.0,0.0,0.0,0.0,0.0,Khari Blasingame,RB,0.0,5.8
00-0035100,2023,REG,171,243,1936.0,12,7.0,24.0,169.0,3,0,1554.0,1109.0,93.0,22.299077136490972,1,11.328920130916005,1.0004042406985736,27,127.0,3,0.0,0.0,12.0,9.535520887743427,0,1,1,-7.0,0,0.0,0.0,-7.0,0.0,0.0,-2.102857018588111,0,0.0,0.02702702702702703,-0.04895104895104895,0.006274806274806276,0.0,143.44,9,0.003355704697986577,-0.003779697624190065,0.0,0.002009798947627813,-0.00328484279680901,0.0,0.0,0.0,-0.001642421398404505,-0.0026278742374472083,-0.02348993288590604,0.1904937750580291,Jake Browning,QB,161.8,-0.2
00-0035125,2020,REG,0,0,0.0,0,0.0,0.0,0.0,0,0,0.0,0.0,0.0,0.0,0,0.0,0.0,3,4.0,0,0.0,0.0,2.0,0.102141264759402,0,12,17,110.0,1,0.0,0.0,76.0,88.0,9.0,6.382107320419768,0,18.53191489361702,0.5176164158830077,0.2972074082950589,0.9844698096310527,0.0,17.400000000000002,11,0.04415584415584416,0.024073487488121634,0.06192821956368754,0.08549255622426354,0.03614853762734144,0.041666666666666664,0.060810810810810814,0.05813953488372093,0.03890760214700405,0.03725216343520649,0.2857142857142857,0.027021562103637802,Alec Ingold,RB,29.400000000000002,24.6
00-0035125,2021,REG,0,0,0.0,0,0.0,0.0,0.0,0,0,0.0,0.0,0.0,0.0,0,0.0,0.0,2,1.0,0,0.0,0.0,1.0,0.2826023437664844,0,10,12,85.0,1,0.0,0.0,56.0,46.0,4.0,3.788193756446218,0,11.383333333333333,0.29299102466621646,0.20862578401769416,0.5855245858117106,0.0,14.6,7,0.04316546762589928,0.024486226497595104,0.04185623293903549,0.08433718263692501,0.03506600660066007,0.07692307692307693,0.0380952380952381,0.0423728813559322,0.055994541761868494,0.043437420665143445,0.3057553956834532,0.03271450609074951,Alec Ingold,RB,24.6,38.3
00-0035125,2022,REG,0,0,0.0,0,0.0,0.0,0.0,0,0,0.0,0.0,0.0,0.0,0,0.0,0.0,6,8.0,1,0.0,0.0,5.0,3.4833224643662106,0,15,23,105.0,1,0.0,0.0,54.0,93.0,4.0,-1.518532288086135,0,16.285714285714285,0.7102139743585864,0.22659059007106044,1.2239343745876219,0.0,23.3,12,0.05515587529976019,0.013839056893900564,0.0683321087435709,0.09380505846476074,0.02932141859815694,0.04,0.024242424242424242,0.02631578947368421,0.03466070929907847,0.031457134878525556,0.2517985611510791,0.03336992698694826,Alec Ingold,RB,38.3,24.9
00-0035125,2023,REG,0,0,0.0,0,0.0,0.0,0.0,0,0,0.0,0.0,0.0,0.0,0,0.0,0.0,2,0.0,0,0.0,0.0,0.0,-4.765099693380762,0,13,16,119.0,0,0.0,0.0,30.0,91.0,5.0,1.7719860803651741,0,18.61111111111111,0.4431491384432561,0.11612526753154366,0.7460113949369647,0.0,11.9,10,0.04456824512534819,0.010567101091933779,0.0672082717872969,0.0753060485615693,0.03941702550513415,0.0,0.03597122302158273,0.031446540880503145,0.019708512752567076,0.03153362040410732,0.33147632311977715,0.023274073243228083,Alec Ingold,RB,24.9,26.3
00-0035140,2020,REG,0,0,0.0,0,0.0,0.0,0.0,0,0,0.0,0.0,0.0,0.0,0,0.0,0.0,4,31.0,0,0.0,0.0,2.0,0.7114373216754757,0,41,62,560.0,4,1.0,1.0,660.0,285.0,23.0,30.57393694727216,1,11.593366725576308,1.5643880058524096,1.8640516988667735,3.6514181979853557,1.0,89.10000000000001,16,0.09841269841269841,0.12933568489124045,0.11608961303462322,0.25108759553203996,0.11188811188811189,0.1,0.09019607843137255,0.09152542372881356,0.10594405594405595,0.10951048951048951,0.8888888888888888,0.07339501297529052,Mecole Hardman,WR,148.1,178.5
00-0035140,2021,REG,0,0,0.0,0,0.0,0.0,0.0,0,0,0.0,0.0,0.0,0.0,0,0.0,0.0,8,46.0,0,1.0,1.0,2.0,-1.5545336874201894,0,59,83,693.0,2,1.0,1.0,612.0,502.0,33.0,17.99454054358648,0,39.42471836123554,2.171196071424179,2.3189625265574185,4.8800678757264615,0.0,81.9,17,0.12296296296296297,0.12326283987915408,0.1840175953079179,0.28305471634776774,0.14036864492606846,0.05405405405405406,0.12359550561797752,0.11513157894736842,0.09721134949006126,0.12310572675166559,1.0266666666666666,0.08002589908444464,Mecole Hardman,WR,178.5,97.5
00-0035140,2022,REG,0,0,0.0,0,0.0,0.0,0.0,0,0,0.0,0.0,0.0,0.0,0,0.0,0.0,4,31.0,2,0.0,0.0,3.0,2.002646651933901,0,25,34,297.0,4,0.0,0.0,275.0,160.0,14.0,18.585516858866452,0,9.864651881074332,0.8273496901580393,0.9450361225144754,1.9025498209971916,0.0,68.8,8,0.10179640718562874,0.11853448275862069,0.11869436201780416,0.24752219698533967,0.11401151631477927,0.19047619047619047,0.10144927536231885,0.11320754716981132,0.15224385339548485,0.12930445114706152,0.8892215568862275,0.10234588106928533,Mecole Hardman,WR,97.5,44.4
00-0035140,2023,REG,0,0,0.0,0,0.0,0.0,0.0,0,0,0.0,0.0,0.0,0.0,0,0.0,0.0,1,3.0,0,0.0,0.0,0.0,-0.35610177693888545,0,15,24,124.0,0,0.0,0.0,137.0,108.0,8.0,0.7286804677598284,0,2.2581456259821895,0.7673953679126093,0.6452409063758356,1.602761686331999,0.0,12.700000000000001,7,0.09876543209876543,0.07330123060460139,0.12342857142857143,0.20678913263182924,0.08072916666666667,0.0,0.10666666666666667,0.09523809523809523,0.040364583333333336,0.06458333333333334,0.5102880658436214,0.055428822987953735,Mecole Hardman,WR,44.4,33.2
00-0035184,2020,REG,0,0,0.0,0,0.0,0.0,0.0,0,0,0.0,0.0,0.0,0.0,0,0.0,0.0,1,1.0,0,0.0,0.0,0.0,-0.39104660926386714,0,9,9,42.0,0,0.0,0.0,3.0,39.0,3.0,-5.074951481015887,0,5.285714285714286,0.2373565587851302,-0.001912595662595662,0.35469602121387833,0.0,4.3,4,0.05732484076433121,0.0023923444976076554,0.11239193083573487,0.08790113674458294,0.04935370152761457,0.0,0.06666666666666667,0.06,0.024676850763807285,0.03948296122209166,0.267515923566879,0.04812911630599985,Devine Ozigbo,RB,13.3,1.4
00-0035184,2021,REG,0,0,0.0,0,0.0,0.0,0.0,0,0,0.0,0.0,0.0,0.0,0,0.0,0.0,1,-3.0,0,0.0,0.0,0.0,-1.0445836684666574,0,1,1,7.0,0,0.0,0.0,4.0,3.0,1.0,0.7874355218373239,0,1.75,0.03125,0.013422818791946308,0.056270973154362414,0.0,0.4,1,0.02857142857142857,0.013468013468013467,0.019867549668874173,0.053631553631553634,0.03153153153153153,0.0,0.1,0.09090909090909091,0.015765765765765764,0.025225225225225224,0.2,0.02074688796680498,Devine Ozigbo,RB,1.4,1.7
00-0035184,2022,REG,0,0,0.0,0,0.0,0.0,0.0,0,0,0.0,0.0,0.0,0.0,0,0.0,0.0,3,4.0,0,0.0,0.0,0.0,-1.5021504835458472,0,1,1,3.0,0,0.0,0.0,-4.0,7.0,0.0,-0.18005229509435594,0,-0.75,0.03125,-0.012307692307692308,0.038259615384615385,0.0,0.7000000000000001,3,0.01,-0.004689331770222743,0.019390581717451522,0.011248534583821804,0.004893964110929853,0.0,0.0,0.0,0.0024469820554649264,0.003915171288743882,0.03,0.008086766244886308,Devine Ozigbo,RB,1.7,2.3
00-0035187,2020,REG,0,0,0.0,0,0.0,0.0,0.0,0,0,0.0,0.0,0.0,0.0,0,0.0,0.0,1,3.0,0,0.0,0.0,0.0,-0.2148154666647315,0,1,1,27.0,0,0.0,0.0,-6.0,33.0,1.0,1.0316403093747795,0,-4.5,0.02564102564102564,-0.022727272727272728,0.022552447552447556,0.0,3.0,1,0.02564102564102564,-0.022727272727272728,0.2727272727272727,0.02027972027972028,0.10931174089068826,0.0,0.07142857142857142,0.06666666666666667,0.05465587044534413,0.08744939271255062,0.6923076923076923,0.05757052389176741,Austin Walter,RB,4.0,19.0
00-0035208,2020,REG,0,0,0.0,0,0.0,0.0,0.0,0,0,0.0,0.0,0.0,0.0,0,0.0,0.0,1,0.0,0,0.0,0.0,0.0,-1.8025359364692122,0,20,32,274.0,1,0.0,0.0,440.0,63.0,16.0,12.340582720455858,0,5.144566558236509,0.866702930944417,1.3405056511760005,2.2384083522398255,0.0,33.4,9,0.09302325581395349,0.1484480431848853,0.07062780269058296,0.2582933182688385,0.11266447368421052,0.06666666666666667,0.125,0.11888111888111888,0.0896655701754386,0.10346491228070176,0.7965116279069767,0.06319676205353973,Olamide Zaccheaus,WR,53.400000000000006,89.8
00-0035208,2021,REG,0,0,0.0,0,0.0,0.0,0.0,0,0,0.0,0.0,0.0,0.0,0,0.0,0.0,1,2.0,0,0.0,0.0,1.0,0.5175025649368763,0,31,53,406.0,3,0.0,0.0,477.0,96.0,22.0,12.53971291705966,0,12.514961433787665,1.688804146868663,2.080129434392636,3.9892968243778393,0.0,58.800000000000004,15,0.10392156862745099,0.1271321961620469,0.061107574793125397,0.257588109870814,0.11175337186897881,0.15789473684210525,0.12359550561797752,0.12690355329949238,0.13482405435554204,0.1209816448636041,0.796078431372549,0.07691517061806222,Olamide Zaccheaus,WR,89.8,110.0
00-0035208,2022,REG,0,0,0.0,0,0.0,0.0,0.0,0,0,0.0,0.0,0.0,0.0,0,0.0,0.0,2,7.0,0,0.0,0.0,1.0,-0.47123161365743726,0,40,61,533.0,3,1.0,1.0,718.0,193.0,25.0,23.677558913227276,0,13.307632676614025,2.7116592414316045,3.5372755818207264,6.543581769421916,0.0,70.0,16,0.15681233933161953,0.18505154639175259,0.1681184668989547,0.38325974611083136,0.19325598259608412,0.17647058823529413,0.17985611510791366,0.1794871794871795,0.18486328541568914,0.18989890372392615,1.3701799485861184,0.09745552484229925,Olamide Zaccheaus,WR,110.0,39.900000000000006
00-0035208,2023,REG,0,0,0.0,0,0.0,0.0,0.0,0,0,0.0,0.0,0.0,0.0,0,0.0,0.0,0,0.0,0,0.0,0.0,0.0,0.0,0,10,20,164.0,2,0.0,0.0,207.0,52.0,7.0,11.092271303525195,0,7.204191441457995,0.6448012467848309,0.7203782479948293,1.4714666437736268,0.0,28.400000000000002,11,0.0546448087431694,0.06709886547811994,0.04276315789473684,0.13564630549725004,0.059420289855072465,0.11764705882352941,0.05263157894736842,0.06,0.08853367433930094,0.07106564364876386,0.44808743169398907,0.03908794788273616,Olamide Zaccheaus,WR,39.900000000000006,125.9
00-0035215,2020,REG,0,0,0.0,0,0.0,0.0,0.0,0,0,0.0,0.0,0.0,0.0,0,0.0,0.0,6,51.0,0,0.0,0.0,2.0,2.4489384281332605,0,20,25,186.0,1,0.0,0.0,101.0,127.0,10.0,12.096646738180425,0,8.488782051282051,0.7970136978009226,0.5290520863752717,1.565857007164074,0.0,29.700000000000003,9,0.08650519031141868,0.06566970091027308,0.10316815597075549,0.1822935461953465,0.08211920529801324,0.058823529411764705,0.08695652173913043,0.08333333333333333,0.07047136735488897,0.07746007012076353,0.643598615916955,0.056483691328560064,Deonte Harris,WR,65.7,115.1
00-0035215,2021,REG,0,0,0.0,0,0.0,0.0,0.0,0,0,0.0,0.0,0.0,0.0,0,0.0,0.0,5,41.0,0,0.0,0.0,1.0,1.137280760682188,0,36,59,570.0,3,0.0,0.0,585.0,246.0,23.0,9.929468594910395,0,12.821687728546165,1.9668584273038143,2.735958878137019,4.865458855651635,0.0,79.1,13,0.14713216957605985,0.19256089532587228,0.19129082426127528,0.37474697062478757,0.20719738276990185,0.10714285714285714,0.1678832116788321,0.15757575757575756,0.1571701199563795,0.18718647764449292,1.4214463840399003,0.10656026070694538,Deonte Harris,WR,115.1,3.3
00-0035215,2022,REG,0,0,0.0,0,0.0,0.0,0.0,0,0,0.0,0.0,0.0,0.0,0,0.0,0.0,0,0.0,0,0.0,0.0,0.0,0.0,0,2,2,13.0,0,0.0,0.0,5.0,8.0,0.0,-1.210729691607412,0,1.0,0.05625,0.0032484904073989147,0.08664894328517925,0.0,1.3,2,0.02702702702702703,0.006045949214026602,0.06451612903225806,0.04537729991176183,0.02574257425742574,0.0,0.0,0.0,0.01287128712871287,0.020594059405940595,0.17567567567567569,0.01920838183934808,Deonte Harty,WR,3.3,41.7
00-0035216,2020,REG,0,0,0.0,0,0.0,0.0,0.0,0,0,0.0,0.0,0.0,0.0,0,0.0,0.0,3,15.0,0,0.0,0.0,0.0,0.41972930217161775,0,88,144,923.0,7,1.0,0.0,1140.0,394.0,45.0,18.395281626645158,0,16.648891576040533,3.328823519106083,3.7258275669215615,7.601314575504217,0.0,135.8,15,0.22748815165876776,0.25418060200668896,0.197,0.5445767090935028,0.23302196415046705,0.20588235294117646,0.22388059701492538,0.22127659574468084,0.21945215854582176,0.22759404190860894,1.4581358609794628,0.15331497389946155,Diontae Johnson,WR,246.5,286.8
00-0035216,2021,REG,0,0,0.0,0,0.0,0.0,0.0,0,0,0.0,0.0,0.0,0.0,0,0.0,0.0,5,53.0,0,0.0,0.0,2.0,3.939951023843605,0,107,169,1161.0,8,2.0,2.0,1440.0,527.0,59.0,23.834528781486174,1,18.067807355322874,4.463274808352448,5.343473644807182,10.4353437638937,0.0,167.4,16,0.27887788778877887,0.3490909090909091,0.28287707997852923,0.6975895589558956,0.31386861313868614,0.36363636363636365,0.31382978723404253,0.319047619047619,0.3387524883875249,0.32382216323822166,1.9158415841584158,0.2080900307888311,Diontae Johnson,WR,286.8,176.7
00-0035216,2022,REG,0,0,0.0,0,0.0,0.0,0.0,0,0,0.0,0.0,0.0,0.0,0,0.0,0.0,7,25.0,0,0.0,0.0,1.0,0.42401486361632124,0,86,147,882.0,0,1.0,0.0,1499.0,236.0,45.0,-6.911297742808783,2,11.246472492084452,4.679940668427011,5.8454103393794465,11.11169824020613,0.0,94.7,17,0.2574430823117338,0.3183942225998301,0.16526610644257703,0.6408800015474647,0.24091778202676864,0.0,0.23809523809523808,0.22388059701492538,0.12045889101338432,0.19273422562141493,1.5446584938704029,0.14141050522757154,Diontae Johnson,WR,176.7,167.5
00-0035216,2023,REG,0,0,0.0,0,0.0,0.0,0.0,0,0,0.0,0.0,0.0,0.0,0,0.0,0.0,0,0.0,0,0.0,0.0,0.0,0.0,0,51,87,717.0,5,1.0,0.0,1106.0,261.0,38.0,25.97815332977907,0,9.978865116633603,3.06279651438572,5.499396816859452,8.443772543380195,0.0,101.7,13,0.22422680412371135,0.38059187887130075,0.19787717968157695,0.6408137092826076,0.2749233128834356,0.5555555555555556,0.3114754098360656,0.3282442748091603,0.4152394342194956,0.3310497614178596,1.847938144329897,0.16039579000441168,Diontae Johnson,WR,167.5,91.3
00-0035217,2020,REG,0,0,0.0,0,0.0,0.0,0.0,0,0,0.0,0.0,0.0,0.0,0,0.0,0.0,111,368.0,4,2.0,1.0,25.0,-29.894823699549306,0,10,14,61.0,0,0.0,0.0,-27.0,88.0,3.0,-5.010769340122816,0,-17.42142857142857,0.3404248733167954,-0.12083438330546281,0.42605324166136915,0.0,64.9,15,0.022435897435897436,-0.006101694915254237,0.044489383215369056,0.02877249022164276,0.015454775779072713,0.0,0.015384615384615385,0.013157894736842105,0.0077273878895363565,0.012363820623258172,0.09775641025641026,0.05116539607071618,Benny Snell,RB,77.6,18.200000000000003
00-0035217,2021,REG,0,0,0.0,0,0.0,0.0,0.0,0,0,0.0,0.0,0.0,0.0,0,0.0,0.0,36,98.0,0,0.0,0.0,2.0,-11.181178654189026,0,2,4,13.0,0,0.0,0.0,-4.0,20.0,0.0,-2.2306716679013334,0,-3.8333333333333335,0.11802197802197802,-0.016151290244554493,0.16572706386177888,0.0,11.100000000000001,13,0.007858546168958742,-0.0011305822498586771,0.012714558169103624,0.01088335345355117,0.004148053605615826,0.0,0.0,0.0,0.002074026802807913,0.003318442884492661,0.025540275049115914,0.01172091691569887,Benny Snell,RB,18.200000000000003,18.7
00-0035222,2021,REG,0,0,0.0,0,0.0,0.0,0.0,0,0,0.0,0.0,0.0,0.0,0,0.0,0.0,0,0.0,0,0.0,0.0,0.0,0.0,0,19,25,167.0,0,0.0,0.0,75.0,127.0,11.0,-2.380375497394975,0,12.205839768339768,0.6900496061909105,0.2923857526799352,1.2397444361623204,0.0,16.700000000000003,10,0.06906077348066299,0.03171247357293869,0.1073541842772612,0.12896113907934545,0.07778295295761528,0.0,0.09565217391304348,0.0873015873015873,0.03889147647880764,0.062226362366092226,0.4613259668508287,0.047633025564391314,Zach Gentry,TE,43.0,32.2
00-0035228,2020,REG,375,558,3971.0,26,12.0,27.0,176.0,4,4,4355.0,1743.0,205.0,33.80379353103301,0,14.70619577686303,1.8385786017635317,133,819.0,11,5.0,0.0,52.0,43.93169529697413,0,0,0,0.0,0,0.0,0.0,0.0,0.0,0.0,0.0,0,0.0,0.0,0.0,0.0,0.0,378.74,16,0.0,0.0,0.0,0.0,0.0,0.0,0.0,0.0,0.0,0.0,0.0,0.24514233193957205,Kyler Murray,QB,421.45,344.1
00-0035228,2021,REG,333,481,3787.0,24,10.0,31.0,286.0,3,0,3823.0,1789.0,172.0,66.33455304935744,0,15.041496263977372,1.9394395222424303,88,423.0,5,10.0,0.0,25.0,4.642070294140574,0,0,0,0.0,0,0.0,0.0,0.0,0.0,0.0,0.0,0,0.0,0.0,0.0,0.0,0.0,299.78000000000003,14,0.0,0.0,0.0,0.0,0.0,0.0,0.0,0.0,0.0,0.0,0.0,0.21694262722167545,Kyler Murray,QB,344.1,216.20000000000002
00-0035228,2022,REG,259,390,2368.0,14,7.0,25.0,192.0,3,0,2678.0,1254.0,119.0,-18.246843285701484,3,13.490123761573697,0.688122826793705,67,418.0,3,4.0,2.0,23.0,11.483747347064554,1,0,0,0.0,0,0.0,0.0,0.0,0.0,0.0,0.0,0,0.0,0.0,0.0,0.0,0.0,200.52,11,0.0,0.0,0.0,0.0,0.0,0.0,0.0,0.0,0.0,0.0,0.0,0.20537927361370015,Kyler Murray,QB,216.20000000000002,162.35
00-0035228,2023,REG,176,268,1799.0,10,5.0,18.0,119.0,2,0,1935.0,977.0,88.0,-12.878469075476179,1,8.151509869046265,0.5563702114464312,44,244.0,3,5.0,0.0,15.0,7.684884347918375,0,0,0,0.0,0,0.0,0.0,0.0,0.0,0.0,0.0,0,0.0,0.0,0.0,0.0,0.0,146.36,8,0.0,0.0,0.0,0.0,0.0,0.0,0.0,0.0,0.0,0.0,0.0,0.20729116505679407,Kyler Murray,QB,162.35,333.75
00-0035229,2020,REG,0,0,0.0,0,0.0,0.0,0.0,0,0,0.0,0.0,0.0,0.0,0,0.0,0.0,1,0.0,0,1.0,1.0,0.0,-4.992892221198417,0,67,101,723.0,6,0.0,0.0,710.0,329.0,40.0,8.834433879042335,1,18.346138715655993,2.8431272136557553,2.4844098542565236,6.0037777184631995,0.0,108.30000000000001,16,0.17353951890034364,0.1425416583015459,0.17435082140964495,0.37434260499175215,0.16443029338185125,0.2222222222222222,0.18181818181818182,0.1862348178137652,0.19332625780203672,0.17598867914992547,1.2422680412371134,0.11785032403797026,T.J. Hockenson,TE,173.3,143.3
00-0035229,2021,REG,0,0,0.0,0,0.0,0.0,0.0,0,0,0.0,0.0,0.0,0.0,0,0.0,0.0,0,0.0,0,0.0,0.0,0.0,0.0,0,61,84,583.0,4,0.0,0.0,616.0,199.0,32.0,5.361852340760338,1,10.916372441634628,2.4650607612285476,2.8275486641540875,5.676875206750682,0.0,84.30000000000001,12,0.19811320754716982,0.23601532567049807,0.1312664907651715,0.48598207185715314,0.21835205992509363,0.3076923076923077,0.23703703703703705,0.24324324324324326,0.2630221838087007,0.23622010947853644,1.375,0.15205106739221433,T.J. Hockenson,TE,143.3,234.3
00-0035229,2022,REG,0,0,0.0,0,0.0,0.0,0.0,0,0,0.0,0.0,0.0,0.0,0,0.0,0.0,0,0.0,0,0.0,0.0,0.0,0.0,0,86,129,914.0,6,1.0,1.0,981.0,413.0,44.0,3.3726695790851213,2,19.41275074444741,3.425389811720255,3.1387237849596232,7.3351913670521185,0.0,129.4,17,0.19664634146341464,0.18086283185840707,0.18453976764968721,0.4396597776818476,0.1843485276321097,0.1935483870967742,0.18410041841004185,0.18518518518518517,0.18894845736444194,0.18618849952504263,1.3932926829268293,0.12784748519129638,T.J. Hockenson,TE,234.3,219.0
00-0035229,2023,REG,0,0,0.0,0,0.0,0.0,0.0,0,0,0.0,0.0,0.0,0.0,0,0.0,0.0,0,0.0,0,0.0,0.0,0.0,0.0,0,95,127,960.0,5,1.0,1.0,976.0,336.0,48.0,31.82288797302312,0,17.28074780311485,3.599227069358351,3.746610934093204,8.02146825790277,0.0,124.0,15,0.22882882882882882,0.22825070159027128,0.1990521327014218,0.5258438045154603,0.23278370514064015,0.18518518518518517,0.24615384615384617,0.23873873873873874,0.20898444516291265,0.22326400114954917,1.7297297297297298,0.16185535009533947,T.J. Hockenson,TE,219.0,103.89999999999999
00-0035243,2020,REG,0,0,0.0,0,0.0,0.0,0.0,0,0,0.0,0.0,0.0,0.0,0,0.0,0.0,164,867.0,6,4.0,2.0,39.0,-1.3222226904181298,2,28,52,197.0,0,0.0,0.0,95.0,211.0,8.0,-19.23994725108124,0,2.9566636867512948,1.4849437697644299,0.27492940132235594,2.419866235572294,0.0,142.4,12,0.11504424778761062,0.024465619366469224,0.17896522476675147,0.1921388671745913,0.06917134831460674,0.0,0.05925925925925926,0.052980132450331126,0.03458567415730337,0.05533707865168539,0.4358407079646018,0.16284092429426042,Miles Sanders,RB,166.4,121.0
00-0035243,2021,REG,0,0,0.0,0,0.0,0.0,0.0,0,0,0.0,0.0,0.0,0.0,0,0.0,0.0,137,754.0,0,1.0,1.0,33.0,0.3933249936548684,1,26,34,158.0,0,0.0,0.0,-18.0,227.0,6.0,-6.752762110539461,0,20.77605945604048,1.157402454041921,-0.11524779801566182,1.6554302224519184,0.0,91.2,12,0.08994708994708994,-0.005689001264222503,0.16473149492017417,0.1303694339092569,0.05789666544521803,0.0,0.04838709677419355,0.04316546762589928,0.028948332722609015,0.046317332356174426,0.41798941798941797,0.11377977981865137,Miles Sanders,RB,121.0,244.8
00-0035243,2022,REG,0,0,0.0,0,0.0,0.0,0.0,0,0,0.0,0.0,0.0,0.0,0,0.0,0.0,259,1269.0,11,1.0,1.0,62.0,13.645613178494386,0,20,26,78.0,0,1.0,1.0,23.0,103.0,2.0,-11.284990536165424,0,-2.181440781440782,0.8954222046822005,0.06458433095981968,1.3883423386951743,0.0,196.70000000000002,17,0.048507462686567165,0.005177847816298964,0.050664043285784555,0.07690347228288992,0.017873510540788267,0.0,0.010256410256410256,0.00909090909090909,0.008936755270394134,0.014298808432630615,0.1455223880597015,0.1337769930734755,Miles Sanders,RB,244.8,87.60000000000001
00-0035243,2023,REG,0,0,0.0,0,0.0,0.0,0.0,0,0,0.0,0.0,0.0,0.0,0,0.0,0.0,129,432.0,1,2.0,2.0,24.0,-30.545276433986146,0,27,41,154.0,0,0.0,0.0,23.0,158.0,8.0,-9.622439702835031,0,-23.07280701754386,1.2030616660089106,-0.019601863133686226,1.7908711948197855,0.0,60.6,16,0.07495429616087751,0.005519558435325174,0.11747211895910781,0.11684709098957641,0.05097649784839457,0.0,0.058394160583941604,0.053691275167785234,0.025488248924197286,0.04078119827871566,0.28153564899451555,0.08382454260124016,Miles Sanders,RB,87.60000000000001,77.30000000000001
00-0035246,2020,REG,0,0,0.0,0,0.0,0.0,0.0,0,0,0.0,0.0,0.0,0.0,0,0.0,0.0,0,0.0,0,0.0,0.0,0.0,0.0,0,4,8,85.0,0,0.0,0.0,121.0,11.0,4.0,-2.628963614377426,1,4.6244671781756175,0.23003781098818946,0.39692925461343564,0.6229071947116891,0.0,10.5,5,0.041025641025641026,0.06820744081172492,0.027989821882951654,0.11610441418784148,0.07030603804797353,0.0,0.06896551724137931,0.0625,0.035153019023986765,0.05624483043837883,0.4358974358974359,0.03313831246000549,J.J. Arcega-Whiteside,WR,12.5,5.6
00-0035249,2021,REG,0,0,0.0,0,0.0,0.0,0.0,0,0,0.0,0.0,0.0,0.0,0,0.0,0.0,0,0.0,0,0.0,0.0,0.0,0.0,0,9,15,66.0,0,1.0,0.0,126.0,25.0,4.0,-3.329060616903007,0,9.941891891891892,0.4262313525878032,0.29969942998185783,0.8491366298690053,0.0,6.6000000000000005,10,0.042492917847025496,0.037069726390114736,0.024606299212598427,0.09339515788263003,0.024924471299093656,0.0,0.03225806451612903,0.029411764705882353,0.012462235649546828,0.019939577039274927,0.18696883852691218,0.017004207451330907,Josh Oliver,TE,15.600000000000001,45.5
00-0035249,2022,REG,0,0,0.0,0,0.0,0.0,0.0,0,0,0.0,0.0,0.0,0.0,0,0.0,0.0,0,0.0,0,0.0,0.0,0.0,0.0,0,14,25,149.0,2,0.0,0.0,213.0,74.0,7.0,4.889335005687351,0,13.563852423852424,0.9971246074187251,0.9319987777948757,2.1480860555845007,0.0,26.900000000000002,12,0.07225433526011561,0.0749472202674173,0.07692307692307693,0.1683392791041073,0.06696629213483146,0.16666666666666666,0.06481481481481481,0.075,0.11681647940074906,0.0869063670411985,0.430635838150289,0.047081846437205026,Josh Oliver,TE,45.5,53.300000000000004
00-0035249,2023,REG,0,0,0.0,0,0.0,0.0,0.0,0,0,0.0,0.0,0.0,0.0,0,0.0,0.0,0,0.0,0,0.0,0.0,0.0,0.0,0,22,28,213.0,2,1.0,1.0,72.0,162.0,12.0,4.226230739208404,0,24.889920424403183,0.7489091654497183,0.26376018664152145,1.3079958788236425,0.0,31.3,12,0.058333333333333334,0.018779342723004695,0.10764119601328903,0.10252347417840375,0.05867768595041322,0.08695652173913043,0.07100591715976332,0.07291666666666667,0.07281710384477183,0.06433345310815666,0.44375,0.04637202018444406,Josh Oliver,TE,53.300000000000004,67.3
00-0035250,2020,REG,0,0,0.0,0,0.0,0.0,0.0,0,0,0.0,0.0,0.0,0.0,0,0.0,0.0,156,687.0,2,1.0,1.0,40.0,-14.052346983556042,0,38,50,269.0,0,0.0,0.0,51.0,269.0,8.0,0.48806359121961185,0,22.760359929925148,1.4258864799606135,0.11170785785641957,2.217025220440414,0.0,105.60000000000001,16,0.08389261744966443,0.009935710111046173,0.13823227132579652,0.13378749426333358,0.0562055996656916,0.0,0.03333333333333333,0.02857142857142857,0.0281027998328458,0.044964479732553284,0.4513422818791946,0.08376401413955226,Devin Singletary,RB,162.3,237.3
00-0035250,2021,REG,0,0,0.0,0,0.0,0.0,0.0,0,0,0.0,0.0,0.0,0.0,0,0.0,0.0,188,870.0,7,2.0,0.0,44.0,-3.8201483953744173,0,40,50,228.0,1,3.0,0.0,4.0,242.0,11.0,-2.309366936673504,0,20.81688311688312,1.2548959891253841,0.02751661115463487,1.9016056114963207,0.0,157.8,17,0.07633587786259542,0.0007469654528478057,0.13820673900628214,0.11510138915617137,0.051235955056179776,0.027777777777777776,0.046610169491525424,0.04411764705882353,0.03950686641697877,0.04654431960049938,0.3480916030534351,0.1159097568121887,Devin Singletary,RB,237.3,193.9
00-0035250,2022,REG,0,0,0.0,0,0.0,0.0,0.0,0,0,0.0,0.0,0.0,0.0,0,0.0,0.0,177,819.0,5,3.0,3.0,42.0,-16.777221589029068,0,38,52,280.0,1,0.0,0.0,8.0,261.0,15.0,6.943242392261537,0,20.636111111111113,1.4500863439344633,0.027248116509666152,2.1942031974584615,0.0,139.9,16,0.09059233449477352,0.001513431706394249,0.1638418079096045,0.13709924710727567,0.06525285481239804,0.02857142857142857,0.07075471698113207,0.06477732793522267,0.0469121416919133,0.05791656956420414,0.4878048780487805,0.11182068462669868,Devin Singletary,RB,193.9,195.4
00-0035250,2023,REG,1,1,6.0,1,0.0,0.0,0.0,0,0,6.0,0.0,1.0,1.8422965880599804,0,1.0,0.0,216,898.0,4,1.0,0.0,40.0,-16.57968231601304,0,30,38,193.0,0,0.0,0.0,5.0,223.0,7.0,-5.253562047872053,0,-106.15,1.1711073922072894,-0.003233823790304402,1.754397411657721,0.0,137.34,17,0.06418918918918919,0.0009658103148541626,0.11251261352169525,0.0970564320356671,0.04215814766273482,0.0,0.03255813953488372,0.028925619834710745,0.02107907383136741,0.03372651813018786,0.3260135135135135,0.11181194959308308,Devin Singletary,RB,195.4,96.6
00-0035259,2020,REG,0,0,0.0,0,0.0,0.0,0.0,0,0,0.0,0.0,0.0,0.0,0,0.0,0.0,1,0.0,0,0.0,0.0,0.0,-1.0890621144790202,0,1,2,5.0,0,0.0,0.0,7.0,0.0,0.0,-0.24578303541056812,0,1.0,0.07987711213517665,0.029879859910449082,0.14073157014007934,0.0,0.5,2,0.03571428571428571,0.014861995753715499,0.0,0.06546102517440097,0.015873015873015872,0.0,0.0,0.0,0.007936507936507936,0.012698412698412698,0.08928571428571429,0.013837638376383764,Trevon Wesco,TE,1.5,6.5
00-0035259,2021,REG,0,0,0.0,0,0.0,0.0,0.0,0,0,0.0,0.0,0.0,0.0,0,0.0,0.0,0,0.0,0,0.0,0.0,0.0,0.0,0,3,5,35.0,0,0.0,0.0,3.0,29.0,2.0,-1.3490544312517159,0,11.666666666666666,0.1377180925244053,0.02248908774395108,0.22231950020737368,0.0,3.5,4,0.03289473684210526,0.002613240418118467,0.05380333951762523,0.05143269759765267,0.030918727915194347,0.0,0.03508771929824561,0.03125,0.015459363957597174,0.02473498233215548,0.23026315789473684,0.017843417151641592,Trevon Wesco,TE,6.5,4.6000000000000005
00-0035259,2022,REG,0,0,0.0,0,0.0,0.0,0.0,0,0,0.0,0.0,0.0,0.0,0,0.0,0.0,0,0.0,0,0.0,0.0,0.0,0.0,0,2,4,26.0,0,0.0,0.0,23.0,12.0,1.0,-0.3263465259806253,1,4.533333333333333,0.19722222222222222,0.12198243174924166,0.3812210355578025,0.0,4.6000000000000005,4,0.042105263157894736,0.028255528255528257,0.03870967741935484,0.08576231734126472,0.04043545878693624,0.0,0.038461538461538464,0.03125,0.02021772939346812,0.03234836702954899,0.2736842105263158,0.022250691119951455,Trevon Wesco,TE,4.6000000000000005,3.1
00-0035261,2020,REG,0,0,0.0,0,0.0,0.0,0.0,0,0,0.0,0.0,0.0,0.0,0,0.0,0.0,101,435.0,4,0.0,0.0,23.0,-2.5381912388838828,0,28,40,193.0,1,0.0,0.0,-14.0,232.0,9.0,-4.468342639352965,0,-1.9228937728937723,1.1103422996023404,-0.05390263552333018,1.6277816045371796,0.0,92.80000000000001,16,0.06259780907668232,-0.0029417944946417314,0.11262135922330097,0.09154327801931009,0.04278430503214365,0.04,0.03896103896103896,0.0390625,0.041392152516071826,0.04222744402571492,0.30203442879499215,0.0794036835947257,Tony Pollard,RB,120.8,161.20000000000002
00-0035261,2021,REG,0,0,0.0,0,0.0,0.0,0.0,0,0,0.0,0.0,0.0,0.0,0,0.0,0.0,130,719.0,2,0.0,0.0,35.0,12.881215973103922,0,39,46,337.0,0,2.0,0.0,8.0,341.0,15.0,7.833317495831505,0,-20.965497076023393,1.2138607375638133,0.029645330734758224,1.8415428378600507,1.0,123.60000000000001,15,0.07931034482758621,0.0017245095925846087,0.16481391976800386,0.12034512491544701,0.07578142568023387,0.0,0.06696428571428571,0.05813953488372093,0.037890712840116934,0.0606251405441871,0.5810344827586207,0.10029731430192822,Tony Pollard,RB,161.20000000000002,266.0
00-0035261,2022,REG,0,0,0.0,0,0.0,0.0,0.0,0,0,0.0,0.0,0.0,0.0,0,0.0,0.0,193,1007.0,9,0.0,0.0,46.0,4.520954054623515,0,39,55,371.0,3,0.0,0.0,75.0,347.0,18.0,6.240905504866462,0,56.29594914889033,1.6869245442247964,0.30733403287203215,2.7455206393476175,0.0,209.8,16,0.10679611650485436,0.0180158539514773,0.22859025032938077,0.17460685791846337,0.10223201984017635,0.11538461538461539,0.10112359550561797,0.10294117647058823,0.10880831761239587,0.10486253894906417,0.7203883495145631,0.17556239239041463,Tony Pollard,RB,266.0,242.10000000000002
00-0035261,2023,REG,0,0,0.0,0,0.0,0.0,0.0,0,0,0.0,0.0,0.0,0.0,0,0.0,0.0,252,1005.0,6,1.0,1.0,56.0,-17.861171165082347,1,55,67,311.0,0,2.0,0.0,27.0,321.0,12.0,-4.405461841042866,0,30.29642857142857,1.9430290708231885,0.1101775640159632,2.991667901045957,0.0,167.60000000000002,17,0.10912052117263844,0.005632040050062578,0.15712187958883994,0.16818641379900773,0.0667381974248927,0.0,0.05240174672489083,0.045283018867924525,0.03336909871244635,0.053390557939914166,0.506514657980456,0.13029735424959027,Tony Pollard,RB,242.10000000000002,198.70000000000002
00-0035264,2022,REG,53,83,656.0,4,3.0,7.0,47.0,2,1,763.0,261.0,32.0,-5.130124091908549,0,2.410658245881574,0.21936529900438267,14,84.0,0,1.0,0.0,7.0,4.824725395592395,0,0,0,0.0,0,0.0,0.0,0.0,0.0,0.0,0.0,0,0.0,0.0,0.0,0.0,0.0,42.64,3,0.0,0.0,0.0,0.0,0.0,0.0,0.0,0.0,0.0,0.0,0.0,0.17977907074795513,Jarrett Stidham,QB,49.2,31.6
00-0035264,2023,REG,40,66,496.0,2,1.0,7.0,46.0,0,0,565.0,334.0,19.0,5.053421196005665,0,1.7677250978686385,0.08028575624078571,9,8.0,0,1.0,0.0,1.0,-5.1424738094210625,0,0,0,0.0,0,0.0,0.0,0.0,0.0,0.0,0.0,0,0.0,0.0,0.0,0.0,0.0,26.64,2,0.0,0.0,0.0,0.0,0.0,0.0,0.0,0.0,0.0,0.0,0.0,0.17958743427261695,Jarrett Stidham,QB,31.6,0.5
00-0035273,2020,REG,0,0,0.0,0,0.0,0.0,0.0,0,0,0.0,0.0,0.0,0.0,0,0.0,0.0,1,3.0,0,0.0,0.0,1.0,0.7339210369391367,0,0,0,0.0,0,0.0,0.0,0.0,0.0,0.0,0.0,0,0.0,0.0,0.0,0.0,0.0,0.30000000000000004,1,0.0,0.0,0.0,0.0,0.0,0.0,0.0,0.0,0.0,0.0,0.0,0.003595397890699904,Qadree Ollison,RB,0.30000000000000004,19.700000000000003
00-0035289,2020,REG,216,327,2259.0,16,5.0,27.0,147.0,4,4,2558.0,1016.0,117.0,18.56918203768233,1,8.79289959313773,1.0339537231346734,29,153.0,1,1.0,0.0,10.0,7.6241869166436,0,1,1,0.0,0,0.0,0.0,-8.0,8.0,0.0,-0.7197445561178029,0,0.0,0.022727272727272728,-0.019184652278177457,0.02066165249618487,0.0,159.66,9,0.002857142857142857,-0.002916514764855997,0.007561436672967864,0.0019525024738294883,0.0,0.0,0.0,0.0,0.0,0.0,0.0,0.1959124942077409,Gardner Minshew,QB,181.25,38.050000000000004
00-0035289,2021,REG,41,60,439.0,4,1.0,5.0,31.0,1,0,346.0,263.0,24.0,16.828597512397238,0,2.6342215518686105,0.3858464965284287,9,21.0,0,0.0,0.0,2.0,-1.0827467578928918,0,0,0,0.0,0,0.0,0.0,0.0,0.0,0.0,0.0,0,0.0,0.0,0.0,0.0,0.0,33.660000000000004,3,0.0,0.0,0.0,0.0,0.0,0.0,0.0,0.0,0.0,0.0,0.0,0.1303842578246049,Gardner Minshew,QB,38.050000000000004,43.25
00-0035289,2022,REG,44,76,663.0,3,3.0,6.0,28.0,2,0,717.0,251.0,30.0,7.425531540988395,0,3.9517889623724862,0.1768420207634647,7,3.0,1,1.0,1.0,1.0,-11.374384821262467,0,0,0,0.0,0,0.0,0.0,0.0,0.0,0.0,0.0,0,0.0,0.0,0.0,0.0,0.0,36.82000000000001,5,0.0,0.0,0.0,0.0,0.0,0.0,0.0,0.0,0.0,0.0,0.0,0.06746060828142178,Gardner Minshew,QB,43.25,225.25
00-0035289,2023,REG,305,490,3305.0,15,9.0,34.0,187.0,8,5,3579.0,1566.0,147.0,-5.751706553653355,2,15.888548023207205,1.1251496843979354,34,100.0,3,0.0,0.0,7.0,-2.775664137559943,0,0,0,0.0,0,0.0,0.0,0.0,0.0,0.0,0.0,0,0.0,0.0,0.0,0.0,0.0,196.20000000000002,16,0.0,0.0,0.0,0.0,0.0,0.0,0.0,0.0,0.0,0.0,0.0,0.1509137899206203,Gardner Minshew,QB,225.25,114.45
00-0035291,2020,REG,0,0,0.0,0,0.0,0.0,0.0,0,0,0.0,0.0,0.0,0.0,0,0.0,0.0,26,157.0,0,1.0,1.0,5.0,-14.436734543938655,0,5,5,30.0,0,0.0,0.0,-11.0,41.0,1.0,-0.41158042912138626,0,-13.928571428571429,0.16598440545808968,-0.06727668299220094,0.20188293009259384,0.0,16.700000000000003,6,0.027932960893854747,-0.008082292432035268,0.07142857142857142,0.0354336073951539,0.027803521779425393,0.0,0.019230769230769232,0.017241379310344827,0.013901760889712697,0.022242817423540315,0.16759776536312848,0.05346671265953778,Trayveon Williams,RB,21.700000000000003,6.5
00-0035291,2021,REG,0,0,0.0,0,0.0,0.0,0.0,0,0,0.0,0.0,0.0,0.0,0,0.0,0.0,15,51.0,0,0.0,0.0,4.0,-0.21183605497935787,0,1,2,4.0,0,0.0,0.0,-7.0,11.0,0.0,-0.6902852147508365,0,-0.5714285714285714,0.06896551724137931,-0.042682926829268296,0.07357022708158116,0.0,5.5,2,0.03389830508474576,-0.018421052631578946,0.044,0.03611061552185549,0.00966183574879227,0.0,0.0,0.0,0.004830917874396135,0.007729468599033816,0.06779661016949153,0.03986262725377162,Trayveon Williams,RB,6.5,8.0
00-0035291,2022,REG,0,0,0.0,0,0.0,0.0,0.0,0,0,0.0,0.0,0.0,0.0,0,0.0,0.0,6,30.0,0,0.0,0.0,1.0,-0.6134818562422879,0,2,3,30.0,0,0.0,0.0,20.0,8.0,1.0,1.588026122044539,0,2.5,0.0860548048048048,0.08242005934413293,0.18677624874810023,0.0,6.0,4,0.02142857142857143,0.0199203187250996,0.016194331983805668,0.04807911212293682,0.02608695652173913,0.0,0.01818181818181818,0.015625,0.013043478260869565,0.020869565217391306,0.21428571428571427,0.02011060834590246,Trayveon Williams,RB,8.0,14.9
00-0035298,2020,REG,0,0,0.0,0,0.0,0.0,0.0,0,0,0.0,0.0,0.0,0.0,0,0.0,0.0,3,14.0,0,0.0,0.0,0.0,0.29902751313056797,0,33,53,501.0,3,0.0,0.0,840.0,109.0,20.0,14.04256171900626,0,8.17787615213042,1.4204070910427407,2.4996132196752456,3.8803398903367827,0.0,69.5,14,0.09869646182495345,0.1736613603473227,0.0638547158758055,0.28697378101528837,0.1163222660784769,0.07692307692307693,0.09389671361502347,0.09126984126984126,0.09662267150077691,0.10844242824739692,0.9329608938547486,0.06599788806758183,Scott Miller,WR,121.0,29.6
00-0035298,2021,REG,0,0,0.0,0,0.0,0.0,0.0,0,0,0.0,0.0,0.0,0.0,0,0.0,0.0,2,43.0,1,0.0,0.0,2.0,4.535418581974227,0,5,9,38.0,0,0.0,0.0,117.0,9.0,2.0,-5.675998245874,0,2.2034188034188036,0.20826586835581176,0.44799220150126484,0.625993343584603,0.0,14.1,5,0.043478260869565216,0.07519280205655526,0.01308139534883721,0.12537163294959203,0.026573426573426574,0.0,0.02666666666666667,0.024691358024691357,0.013286713286713287,0.021258741258741262,0.18357487922705315,0.037814294199168486,Scott Miller,WR,29.6,42.300000000000004
00-0035298,2022,REG,0,0,0.0,0,0.0,0.0,0.0,0,0,0.0,0.0,0.0,0.0,0,0.0,0.0,1,8.0,0,0.0,0.0,0.0,-0.3612068621441722,0,23,40,185.0,0,0.0,0.0,512.0,33.0,8.0,0.7070892848730503,0,6.553431261959074,0.9499131055391341,1.7573822165243633,2.655037209875755,0.0,19.3,11,0.08,0.1614123581336696,0.02186878727634195,0.24912988650693568,0.06344307270233196,0.0,0.05228758169934641,0.04819277108433735,0.03172153635116598,0.05075445816186557,0.37,0.04497416377825505,Scott Miller,WR,42.300000000000004,39.1
00-0035298,2023,REG,0,0,0.0,0,0.0,0.0,0.0,0,0,0.0,0.0,0.0,0.0,0,0.0,0.0,0,0.0,0,0.0,0.0,0.0,0.0,0,11,16,161.0,2,0.0,0.0,195.0,80.0,6.0,8.592960691603366,0,10.389845826687932,0.5217986311597498,0.7215579877150353,1.2877885381401493,0.0,28.1,9,0.05460750853242321,0.08347602739726027,0.07804878048780488,0.14869208471644302,0.0696969696969697,0.2,0.05405405405405406,0.06611570247933884,0.13484848484848486,0.09575757575757576,0.5494880546075085,0.05009609224855862,Scott Miller,WR,39.1,11.9
00-0035308,2021,REG,0,0,0.0,0,0.0,0.0,0.0,0,0,0.0,0.0,0.0,0.0,0,0.0,0.0,0,0.0,0,0.0,0.0,0.0,0.0,0,9,12,44.0,1,1.0,0.0,69.0,14.0,3.0,-3.790205474360846,0,6.285714285714286,0.31030502700722085,0.2467661392368234,0.6381938379766077,0.0,10.399999999999999,7,0.042704626334519574,0.031292517006802724,0.017857142857142856,0.08909095310722154,0.022244691607684528,0.058823529411764705,0.027522935779816515,0.031746031746031744,0.040534110509724615,0.029560459168500565,0.15658362989323843,0.02702627399626647,Tommy Sweeney,TE,19.4,1.7000000000000002
00-0035311,2020,REG,0,0,0.0,0,0.0,0.0,0.0,0,0,0.0,0.0,0.0,0.0,0,0.0,0.0,142,584.0,3,2.0,2.0,27.0,-24.411888809764267,0,41,47,388.0,2,0.0,0.0,10.0,388.0,12.0,17.732159282207494,0,-56.34444444444445,1.5046757928495615,0.06684105510888431,2.3038024278505613,0.0,123.2,10,0.1327683615819209,0.0037965072133637054,0.3307757885763001,0.20218974814357232,0.1491160645657187,0.13333333333333333,0.09090909090909091,0.09523809523809523,0.141224698949526,0.14595951831924162,1.0960451977401129,0.18328347546546414,Myles Gaskin,RB,164.20000000000002,173.6
00-0035311,2021,REG,0,0,0.0,0,0.0,0.0,0.0,0,0,0.0,0.0,0.0,0.0,0,0.0,0.0,173,612.0,3,2.0,1.0,25.0,-28.634547220778195,0,49,63,234.0,4,0.0,0.0,32.0,250.0,13.0,-6.788066962198538,0,20.549386724386725,1.7513980734782146,0.10675085607059798,2.7018227094667404,0.0,124.6,17,0.1024390243902439,0.007157235517781257,0.1437607820586544,0.15938432499959085,0.05945121951219512,0.19047619047619047,0.06310679611650485,0.07488986784140969,0.12496370499419279,0.0856562137049942,0.3804878048780488,0.1271012710127101,Myles Gaskin,RB,173.6,9.4
00-0035329,2020,REG,0,0,0.0,0,0.0,0.0,0.0,0,0,0.0,0.0,0.0,0.0,0,0.0,0.0,0,0.0,0,0.0,0.0,0.0,0.0,0,10,20,159.0,3,0.0,0.0,175.0,56.0,8.0,2.5807918824721128,0,8.733958510940608,0.551503599819597,0.6790438731775691,1.3025861109536938,0.0,33.9,10,0.05291005291005291,0.059544062606328683,0.04005722460658083,0.1270003294501423,0.05654338549075391,0.14285714285714285,0.058394160583941604,0.06962025316455696,0.09970026417394838,0.0738061369640317,0.42063492063492064,0.04433537336645862,Donald Parham,TE,43.9,57.0
00-0035329,2021,REG,0,0,0.0,0,0.0,0.0,0.0,0,0,0.0,0.0,0.0,0.0,0,0.0,0.0,0,0.0,0,0.0,0.0,0.0,0.0,0,20,27,190.0,3,0.0,0.0,121.0,138.0,13.0,6.092056688910816,1,32.34839181286549,0.7225040682343802,0.44838374039821355,1.3976247206303198,0.0,39.0,12,0.057692307692307696,0.03524614040198078,0.08209399167162404,0.11473537386004616,0.054332284815556194,0.10344827586206896,0.07262569832402235,0.07692307692307693,0.07889028033881258,0.06415548302485875,0.405982905982906,0.045722965328042896,Donald Parham,TE,57.0,35.3
00-0035329,2022,REG,0,0,0.0,0,0.0,0.0,0.0,0,0,0.0,0.0,0.0,0.0,0,0.0,0.0,0,0.0,0,0.0,0.0,0.0,0.0,0,10,12,130.0,1,0.0,0.0,124.0,42.0,5.0,8.140817218900931,0,5.846442577030812,0.3081751299068786,0.48038549550667853,0.7985325417149929,0.0,19.0,6,0.0502092050209205,0.08010335917312661,0.05017921146953405,0.13939649486988204,0.08381689232753063,0.16666666666666666,0.06666666666666667,0.07407407407407407,0.12524177949709864,0.10038684719535784,0.5439330543933054,0.05180051443269505,Donald Parham,TE,35.3,79.5
00-0035341,2020,REG,0,0,0.0,0,0.0,0.0,0.0,0,0,0.0,0.0,0.0,0.0,0,0.0,0.0,0,0.0,0,0.0,0.0,0.0,0.0,0,1,2,5.0,0,0.0,0.0,12.0,1.0,0.0,-0.8627662873182,0,0.4166666666666667,0.05263157894736842,0.0364741641337386,0.10447928331466964,0.0,0.5,1,0.05263157894736842,0.0364741641337386,0.0053475935828877,0.10812669972804351,0.013477088948787063,0.0,0.0,0.0,0.006738544474393531,0.01078167115902965,0.13157894736842105,0.01155268022181146,Trenton Irwin,WR,1.5,5.4
00-0035341,2021,REG,0,0,0.0,0,0.0,0.0,0.0,0,0,0.0,0.0,0.0,0.0,0,0.0,0.0,0,0.0,0,0.0,0.0,0.0,0.0,0,2,5,34.0,0,0.0,0.0,86.0,5.0,1.0,-1.706758976506535,0,1.2298136645962732,0.16918103448275862,0.4820186818889466,0.5911846290464005,0.0,3.4,2,0.08196721311475409,0.21553884711779447,0.016666666666666666,0.2953818973663668,0.07024793388429752,0.0,0.05,0.043478260869565216,0.03512396694214876,0.05619834710743802,0.5573770491803278,0.0338642919854509,Trenton Irwin,WR,5.4,67.1
00-0035341,2022,REG,0,0,0.0,0,0.0,0.0,0.0,0,0,0.0,0.0,0.0,0.0,0,0.0,0.0,1,11.0,0,0.0,0.0,1.0,0.6353296400047839,0,15,23,231.0,4,0.0,0.0,259.0,59.0,12.0,19.67878938527383,0,8.140186830713146,0.6198101431949216,0.9794181564279525,1.615307924291949,0.0,48.2,9,0.06784660766961652,0.11334792122538294,0.05462962962962963,0.19244824848473113,0.09625,0.2,0.1016949152542373,0.11594202898550725,0.148125,0.11700000000000002,0.6814159292035398,0.0704885121570377,Trenton Irwin,WR,67.1,62.6
00-0035341,2023,REG,0,0,0.0,0,0.0,0.0,0.0,0,0,0.0,0.0,0.0,0.0,0,0.0,0.0,0,0.0,0,0.0,0.0,0.0,0.0,0,25,32,316.0,1,1.0,0.0,337.0,110.0,15.0,19.366652398907792,0,15.506160216981595,0.8936359169423685,1.4948583502580963,2.3868547205942203,0.0,37.6,10,0.09221902017291066,0.1603235014272122,0.07982583454281568,0.2665873314011358,0.12329301599687865,0.058823529411764705,0.12,0.11267605633802817,0.09105827270432168,0.11039911867985587,0.9106628242074928,0.06912391510788189,Trenton Irwin,WR,62.6,4.5
00-0035342,2020,REG,0,0,0.0,0,0.0,0.0,0.0,0,0,0.0,0.0,0.0,0.0,0,0.0,0.0,13,72.0,0,1.0,1.0,4.0,-0.41390714986482635,0,10,12,68.0,0,0.0,0.0,31.0,40.0,3.0,-0.19628411981632188,0,-19.293040293040292,0.3743515166587841,0.16297641877704697,0.675610768132109,0.0,12.0,9,0.039603960396039604,0.012879102617366016,0.04956629491945477,0.06970922268795221,0.033630069238377844,0.0,0.02631578947368421,0.023622047244094488,0.016815034619188922,0.026904055390702276,0.22442244224422442,0.02993278728672889,Patrick Laird,RB,22.0,5.1
00-0035345,2021,REG,0,0,0.0,0,0.0,0.0,0.0,0,0,0.0,0.0,0.0,0.0,0,0.0,0.0,0,0.0,0,0.0,0.0,0.0,0.0,0,3,6,17.0,1,0.0,0.0,13.0,8.0,2.0,-4.3384086560690776,0,2.8666666666666667,0.17418479677916673,0.07071037495785151,0.31077445763924616,0.0,7.699999999999999,4,0.04,0.013429752066115703,0.021917808219178082,0.07074380165289257,0.025073746312684365,0.2,0.05555555555555555,0.07317073170731707,0.11253687315634218,0.0600589970501475,0.11333333333333333,0.04172841432025583,Chris Myarick,TE,10.7,19.5
00-0035350,2020,REG,0,0,0.0,0,0.0,0.0,0.0,0,0,0.0,0.0,0.0,0.0,0,0.0,0.0,0,0.0,0,0.0,0.0,0.0,0.0,0,18,35,288.0,4,0.0,0.0,508.0,42.0,14.0,4.105110540545777,2,4.557202265992723,1.2169095328015869,2.2340978018680895,3.3892327605100427,0.0,56.8,8,0.14056224899598393,0.26849894291754756,0.05698778833107191,0.425642527828014,0.15278514588859415,0.3076923076923077,0.14285714285714285,0.16216216216216217,0.23023872679045093,0.18376657824933687,1.1566265060240963,0.10846867749419953,Preston Williams,WR,70.8,13.799999999999999
00-0035359,2021,REG,0,0,0.0,0,0.0,0.0,0.0,0,0,0.0,0.0,0.0,0.0,0,0.0,0.0,0,0.0,0,0.0,0.0,0.0,0.0,0,2,6,17.0,0,0.0,0.0,58.0,2.0,1.0,-2.9543511403899174,0,2.666666666666667,0.24560236511456024,0.4416633444604454,0.6775678887941521,0.0,1.7000000000000002,4,0.05,0.07891156462585033,0.007751937984496124,0.1381292517006803,0.036637931034482756,0.0,0.04,0.03571428571428571,0.018318965517241378,0.029310344827586206,0.14166666666666666,0.019155104576516875,David Sills,WR,3.7,21.6
00-0035399,2021,REG,0,0,0.0,0,0.0,0.0,0.0,0,0,0.0,0.0,0.0,0.0,0,0.0,0.0,1,3.0,0,0.0,0.0,0.0,-0.17190109728835523,0,2,4,11.0,0,0.0,0.0,32.0,20.0,0.0,-1.1837685892824084,0,4.0,0.1463464696223317,0.18362369337979093,0.3480562897993512,0.0,1.4000000000000001,3,0.04819277108433735,0.05653710247349823,0.06993006993006994,0.11751883860530463,0.023206751054852322,0.0,0.0,0.0,0.011603375527426161,0.01856540084388186,0.13253012048192772,0.015387400434467778,Stanley Morgan,WR,3.4000000000000004,0.0
00-0035406,2020,REG,0,0,0.0,0,0.0,0.0,0.0,0,0,0.0,0.0,0.0,0.0,0,0.0,0.0,0,0.0,0,0.0,0.0,0.0,0.0,0,3,5,46.0,1,0.0,0.0,53.0,10.0,3.0,-1.9649074470507912,0,1.8964912280701753,0.15569487983281088,0.23014888337468983,0.3946465381114992,0.0,10.600000000000001,2,0.07575757575757576,0.11205073995771671,0.04504504504504504,0.203276955602537,0.10574712643678161,0.16666666666666666,0.14285714285714285,0.14814814814814814,0.13620689655172413,0.11793103448275863,0.696969696969697,0.07176781002638523,Lil'Jordan Humphrey,WR,16.0,49.9
00-0035406,2021,REG,0,0,0.0,0,0.0,0.0,0.0,0,0,0.0,0.0,0.0,0.0,0,0.0,0.0,0,0.0,0,0.0,0.0,0.0,0.0,0,13,18,249.0,2,0.0,0.0,192.0,101.0,9.0,5.803066745662363,0,9.207220791542422,0.7585803497786531,1.2587646893886006,2.01900580724,0.0,36.9,7,0.08780487804878048,0.1419068736141907,0.15119760479041916,0.2452328159645233,0.19347319347319347,0.2,0.16071428571428573,0.16666666666666666,0.19673659673659674,0.1947785547785548,1.2146341463414634,0.11023239374392504,Lil'Jordan Humphrey,WR,49.9,4.0
00-0035406,2022,REG,0,0,0.0,0,0.0,0.0,0.0,0,0,0.0,0.0,0.0,0.0,0,0.0,0.0,0,0.0,0,0.0,0.0,0.0,0.0,0,2,4,20.0,0,0.0,0.0,27.0,15.0,0.0,0.31961415556725115,0,0.6875,0.1400735294117647,0.06581140370367079,0.2561782767102166,0.0,2.0,3,0.045454545454545456,0.03260869565217391,0.05514705882352941,0.09426877470355731,0.028208744710860368,0.0,0.0,0.0,0.014104372355430184,0.022566995768688296,0.22727272727272727,0.01674621116972285,Lil'Jordan Humphrey,WR,4.0,47.2
00-0035406,2023,REG,0,0,0.0,0,0.0,0.0,0.0,0,0,0.0,0.0,0.0,0.0,0,0.0,0.0,0,0.0,0,0.0,0.0,0.0,0.0,0,13,19,162.0,3,0.0,0.0,186.0,99.0,9.0,14.200789617898408,0,17.25940170940171,0.6529707521086832,0.8922832204021134,1.604054382444504,0.0,34.2,11,0.05637982195845697,0.07848101265822785,0.06932773109243698,0.14735454306426773,0.06685926537350392,0.16666666666666666,0.0891089108910891,0.10084033613445378,0.11676296602008529,0.08682074563213647,0.4807121661721068,0.053892352309835356,Lil'Jordan Humphrey,WR,47.2,64.3
00-0035414,2020,REG,0,0,0.0,0,0.0,0.0,0.0,0,0,0.0,0.0,0.0,0.0,0,0.0,0.0,2,0.0,0,0.0,0.0,0.0,-1.4894134305650368,0,28,55,511.0,3,0.0,0.0,895.0,179.0,18.0,8.435678717515177,0,12.425117786346178,1.4747569732869417,3.056042476606123,4.351365193554699,0.0,69.1,16,0.08771929824561403,0.1896990250105977,0.07769097222222222,0.2833381673768992,0.1123570800351803,0.0967741935483871,0.07964601769911504,0.08171206225680934,0.1045656367917837,0.10924050273782165,0.8149920255183413,0.061141475455255265,Jalen Guyton,WR,97.1,97.2
00-0035414,2021,REG,0,0,0.0,0,0.0,0.0,0.0,0,0,0.0,0.0,0.0,0.0,0,0.0,0.0,7,34.0,0,1.0,0.0,2.0,-0.9758450072258711,0,31,48,448.0,3,0.0,0.0,503.0,149.0,21.0,26.991135289979866,0,16.755127635752636,1.17530671408839,1.7456082563863369,2.9848858506030207,0.0,66.2,16,0.07511737089201878,0.10420551066915268,0.06763504312301408,0.1960404648733503,0.09576742197520308,0.08108108108108109,0.08860759493670886,0.08759124087591241,0.08842425152814208,0.09283015379637868,0.701095461658842,0.05699475788955213,Jalen Guyton,WR,97.2,8.4
00-0035414,2022,REG,0,0,0.0,0,0.0,0.0,0.0,0,0,0.0,0.0,0.0,0.0,0,0.0,0.0,0,0.0,0,0.0,0.0,0.0,0.0,0,2,4,64.0,0,0.0,0.0,115.0,7.0,2.0,4.264032681277691,0,0.735632183908046,0.10258249641319941,0.3669307264453059,0.41072525313151326,0.0,6.4,2,0.05063291139240506,0.19491525423728814,0.02413793103448276,0.2318815704784381,0.1111111111111111,0.0,0.08,0.06896551724137931,0.05555555555555555,0.08888888888888889,0.810126582278481,0.04723346828609987,Jalen Guyton,WR,8.4,24.900000000000002
00-0035432,2021,REG,0,0,0.0,0,0.0,0.0,0.0,0,0,0.0,0.0,0.0,0.0,0,0.0,0.0,0,0.0,0,0.0,0.0,0.0,0.0,0,3,4,56.0,0,0.0,0.0,60.0,26.0,3.0,2.601492775778752,0,0.9333333333333333,0.11764705882352941,0.23809523809523808,0.3431372549019608,0.0,5.6000000000000005,1,0.11428571428571428,0.23529411764705882,0.13,0.3596638655462185,0.16666666666666666,0.0,0.15789473684210525,0.15,0.08333333333333333,0.13333333333333333,1.6,0.0835438119292792,Jason Moore,WR,8.600000000000001,1.5
00-0035457,2020,REG,0,0,0.0,0,0.0,0.0,0.0,0,0,0.0,0.0,0.0,0.0,0,0.0,0.0,3,17.0,0,0.0,0.0,0.0,0.28781700041145086,0,20,26,398.0,3,0.0,0.0,534.0,59.0,15.0,29.332042717229342,0,8.382234177393597,0.6796119094917517,1.9027056712245625,2.351311834094821,0.0,59.50000000000001,11,0.05922551252847381,0.16285452881976212,0.03731815306767868,0.21912189184852043,0.12306740878169449,0.125,0.09433962264150944,0.09836065573770492,0.12403370439084724,0.1234539270253556,0.9066059225512528,0.07049372206852522,Tyron Johnson,WR,79.5,3.6
00-0035457,2021,REG,0,0,0.0,0,0.0,0.0,0.0,0,0,0.0,0.0,0.0,0.0,0,0.0,0.0,0,0.0,0,0.0,0.0,0.0,0.0,0,2,5,16.0,0,0.0,0.0,102.0,9.0,1.0,-3.6356850985321216,0,0.3225806451612903,0.13421911421911423,0.36950568247751736,0.4599826490629334,0.0,1.6,4,0.030864197530864196,0.07750759878419453,0.022113022113022112,0.10830237532365192,0.017937219730941704,0.0,0.022727272727272728,0.02040816326530612,0.008968609865470852,0.014349775784753363,0.09876543209876543,0.011425669671194617,Tyron Johnson,WR,3.6,1.8
00-0035480,2020,REG,0,0,0.0,0,0.0,0.0,0.0,0,0,0.0,0.0,0.0,0.0,0,0.0,0.0,1,9.0,0,0.0,0.0,0.0,0.7342246724292636,0,5,6,66.0,1,0.0,0.0,40.0,47.0,4.0,7.335954393295479,0,18.36842105263158,0.17895041370460824,0.12349549626412912,0.3548724679418027,0.0,13.5,6,0.028846153846153848,0.022948938611589215,0.05802469135802469,0.06162838165850214,0.039735099337748346,0.05555555555555555,0.047058823529411764,0.04854368932038835,0.04764532744665195,0.04289919058130979,0.3173076923076923,0.029168768920282542,Malik Taylor,WR,18.5,3.4000000000000004
00-0035500,2021,REG,0,0,0.0,0,0.0,0.0,0.0,0,0,0.0,0.0,0.0,0.0,0,0.0,0.0,1,24.0,0,0.0,0.0,1.0,1.4659277095925063,0,3,3,15.0,0,0.0,0.0,-16.0,31.0,0.0,-0.3387913668411784,0,0.0,0.07830907830907831,-0.06023734414901607,0.07529747655930623,0.0,3.9000000000000004,2,0.038461538461538464,-0.02622950819672131,0.12156862745098039,0.036708701134930646,0.028517110266159697,0.0,0.0,0.0,0.014258555133079848,0.022813688212927757,0.19230769230769232,0.0364809136089669,Greg Dortch,WR,6.9,115.1
00-0035500,2022,REG,0,0,0.0,0,0.0,0.0,0.0,0,0,0.0,0.0,0.0,0.0,0,0.0,0.0,7,44.0,0,0.0,0.0,3.0,1.9678937036078423,0,52,64,467.0,2,0.0,0.0,316.0,293.0,19.0,12.061898299110204,0,26.156043896738854,1.5950419029822096,1.0714372927026747,3.1425689593651867,0.0,63.1,11,0.14479638009049775,0.10796036897847626,0.2092857142857143,0.3035628653185276,0.1770951839211225,0.15384615384615385,0.15447154471544716,0.15441176470588236,0.16547066888363818,0.17244537790612877,1.0565610859728507,0.12151861314639244,Greg Dortch,WR,115.1,64.5
00-0035500,2023,REG,0,0,0.0,0,0.0,0.0,0.0,0,0,0.0,0.0,0.0,0.0,0,0.0,0.0,1,5.0,0,0.0,0.0,0.0,-0.0831637269584462,0,24,41,280.0,2,0.0,0.0,383.0,152.0,14.0,4.755318414332578,0,6.216531914790818,1.2649780852452013,1.6179119259794004,3.030005476053382,0.0,40.5,9,0.13804713804713806,0.18440057775637939,0.15154536390827517,0.3545911692758106,0.1519262072707542,0.2,0.15217391304347827,0.1568627450980392,0.1759631036353771,0.16154096581660338,0.9427609427609428,0.09082971892074579,Greg Dortch,WR,64.5,90.3
00-0035510,2020,REG,0,0,0.0,0,0.0,1.0,16.0,0,0,0.0,0.0,0.0,-1.9228770501213148,0,0.0,0.0,0,0.0,0,0.0,0.0,0.0,0.0,0,17,37,167.0,0,0.0,0.0,468.0,49.0,9.0,-10.767100835695368,0,4.133131053012347,1.1597463156467038,1.653398007545717,2.8969980787520577,0.0,16.7,8,0.14396887159533073,0.19141104294478528,0.09040590405904059,0.36908214174882437,0.1181046676096181,0.0,0.14516129032258066,0.13846153846153847,0.05905233380480905,0.09448373408769449,0.6498054474708171,0.07387758681164504,Jeff Smith,WR,33.7,19.2
00-0035510,2021,REG,0,0,0.0,0,0.0,0.0,0.0,0,0,0.0,0.0,0.0,0.0,0,0.0,0.0,1,-1.0,0,0.0,0.0,0.0,-0.9286181327188388,0,8,17,113.0,0,0.0,0.0,192.0,15.0,6.0,5.477149774771166,0,4.849104859335038,0.5548652266697379,0.7402048618910919,1.3504412433283712,0.0,11.200000000000001,8,0.060498220640569395,0.0955223880597015,0.016375545851528384,0.16716524140861527,0.05994694960212202,0.0,0.061224489795918366,0.05454545454545454,0.02997347480106101,0.04795755968169762,0.40213523131672596,0.0293353705118411,Jeff Smith,WR,19.2,21.4
00-0035527,2020,REG,0,0,0.0,0,0.0,0.0,0.0,0,0,0.0,0.0,0.0,0.0,0,0.0,0.0,1,-6.0,0,0.0,0.0,0.0,-1.8032488820608705,0,21,35,224.0,2,0.0,0.0,394.0,82.0,10.0,-13.553059875064347,0,8.296352395732171,1.0643029474741998,1.4586877429745875,2.6175358412935106,0.0,33.800000000000004,11,0.09067357512953368,0.12672885172081055,0.06978723404255319,0.23739344407094898,0.08124773304316286,0.09523809523809523,0.06711409395973154,0.07058823529411765,0.08824291414062904,0.08404580548214935,0.5803108808290155,0.05019786017880698,Andy Isabella,WR,54.800000000000004,2.3
00-0035527,2021,REG,0,0,0.0,0,0.0,0.0,0.0,0,0,0.0,0.0,0.0,0.0,0,0.0,0.0,0,0.0,0,0.0,0.0,0.0,0.0,0,1,1,13.0,0,0.0,0.0,6.0,7.0,1.0,0.8104088391410187,0,2.1666666666666665,0.020833333333333332,0.0189873417721519,0.04454113924050633,0.0,1.3,1,0.02,0.01791044776119403,0.041176470588235294,0.044328358208955226,0.04153354632587859,0.0,0.0625,0.058823529411764705,0.020766773162939296,0.033226837060702875,0.26,0.02518615856329391,Andy Isabella,WR,2.3,4.2
00-0035535,2020,REG,0,0,0.0,0,0.0,0.0,0.0,0,0,0.0,0.0,0.0,0.0,0,0.0,0.0,2,-1.0,0,0.0,0.0,0.0,-1.5406339616165496,0,50,96,751.0,3,1.0,1.0,1303.0,159.0,40.0,16.846943651304876,0,9.786242910643104,3.0953913271723374,5.354810441602683,8.391454299880383,0.0,91.00000000000001,16,0.18568665377176016,0.3264845903282385,0.12579113924050633,0.539717652920231,0.2251199040767386,0.25,0.2247191011235955,0.22631578947368422,0.2375599520383693,0.2300959232613909,1.4526112185686655,0.12490698416073136,Darius Slayton,WR,141.0,68.60000000000001
00-0035535,2021,REG,0,0,0.0,0,0.0,0.0,0.0,0,0,0.0,0.0,0.0,0.0,0,0.0,0.0,1,-13.0,0,0.0,0.0,0.0,-1.7453839217778295,0,26,58,339.0,2,1.0,1.0,773.0,65.0,14.0,-14.252361351251917,0,6.021009368660468,1.7042553588556746,3.0735580246180687,4.70787365551616,0.0,42.6,13,0.12831858407079647,0.24239573534023204,0.05666957279860506,0.3863944643783803,0.13554578168732506,0.16666666666666666,0.11475409836065574,0.11940298507462686,0.15110622417699587,0.1417699586831934,0.75,0.07919283339490212,Darius Slayton,WR,68.60000000000001,142.9
00-0035535,2022,REG,0,0,0.0,0,0.0,0.0,0.0,0,0,0.0,0.0,0.0,0.0,0,0.0,0.0,0,0.0,0,0.0,0.0,0.0,0.0,0,46,71,724.0,2,2.0,1.0,884.0,262.0,30.0,35.254165374586414,0,11.770823056377724,2.5047735758271603,4.859988181682928,7.15915209091879,0.0,82.4,13,0.18298969072164947,0.347620920173024,0.19552238805970149,0.5525812722208934,0.2678505364409915,0.15384615384615385,0.22058823529411764,0.21476510067114093,0.21084834514357267,0.245049659922024,1.865979381443299,0.12151956237814919,Darius Slayton,WR,142.9,151.0
00-0035535,2023,REG,0,0,0.0,0,0.0,0.0,0.0,0,0,0.0,0.0,0.0,0.0,0,0.0,0.0,0,0.0,0,0.0,0.0,0.0,0.0,0,50,79,770.0,4,0.0,0.0,967.0,298.0,29.0,29.193758920556547,0,14.348650982382338,2.7242493648058654,5.2855125760335095,7.786232850432254,0.0,101.0,17,0.1525096525096525,0.2554146856840993,0.18613366645846346,0.43309622731175823,0.22978215458072218,0.26666666666666666,0.20567375886524822,0.21153846153846154,0.24822441062369444,0.2371590569979111,1.4864864864864864,0.12812462877797953,Darius Slayton,WR,151.0,110.0
00-0035537,2020,REG,0,0,0.0,0,0.0,0.0,0.0,0,0,0.0,0.0,0.0,0.0,0,0.0,0.0,54,254.0,1,0.0,0.0,11.0,0.9589756384084467,0,16,21,99.0,1,0.0,0.0,53.0,129.0,6.0,-3.108705482794903,0,-28.620833333333334,0.7658767158767159,0.10890181430959972,1.2250463438317936,0.0,47.300000000000004,10,0.06752411575562701,0.019666048237476808,0.12964824120603016,0.11701901222342198,0.05015197568389058,0.09090909090909091,0.06315789473684211,0.0660377358490566,0.07053053329649074,0.058303398728930644,0.3183279742765273,0.09077090742227831,Ty Johnson,RB,63.3,117.0
00-0035537,2021,REG,0,0,0.0,0,0.0,0.0,0.0,0,0,0.0,0.0,0.0,0.0,0,0.0,0.0,61,238.0,2,1.0,1.0,13.0,-11.261426961747087,0,34,55,372.0,2,0.0,0.0,131.0,334.0,20.0,6.274473486671923,0,31.943397646414887,1.4593579587209218,0.48656949439137376,2.5296355841553444,0.0,83.0,15,0.09874326750448834,0.031850230974957455,0.18301369863013697,0.17359508603669846,0.10089503661513426,0.10526315789473684,0.1111111111111111,0.11055276381909548,0.10307909725493555,0.10176866087105478,0.6678635547576302,0.09820544242810858,Ty Johnson,RB,117.0,42.800000000000004
00-0035537,2022,REG,0,0,0.0,0,0.0,0.0,0.0,0,0,0.0,0.0,0.0,0.0,0,0.0,0.0,30,160.0,1,0.0,0.0,5.0,-4.094281139135319,0,12,24,88.0,0,0.0,0.0,48.0,73.0,3.0,-11.452373819895591,0,-10.3,0.6256316419542048,0.24159268924346416,1.107562345401732,0.0,30.8,10,0.0670391061452514,0.01673056814220983,0.06255355612682091,0.11394311373164497,0.03849518810148731,0.0,0.027777777777777776,0.025423728813559324,0.019247594050743656,0.03079615048118985,0.24581005586592178,0.059260079751883035,Ty Johnson,RB,42.800000000000004,41.4
00-0035537,2023,REG,0,0,0.0,0,0.0,0.0,0.0,0,0,0.0,0.0,0.0,0.0,0,0.0,0.0,30,132.0,0,1.0,0.0,8.0,-0.7410380172077566,0,7,7,62.0,1,0.0,0.0,2.0,60.0,2.0,1.2649246439686976,0,8.55,0.2629539353677285,0.0013032282784484622,0.3953431628465066,0.0,25.400000000000002,7,0.029914529914529916,0.0009852216748768472,0.07416563658838071,0.04565997221169635,0.03766707168894289,0.1,0.02857142857142857,0.0375,0.06883353584447145,0.05013365735115432,0.26495726495726496,0.05136009130682898,Ty Johnson,RB,41.4,114.5
00-0035544,2021,REG,1,1,75.0,1,0.0,0.0,0.0,0,0,24.0,51.0,1.0,5.069598037283868,0,3.125,0.0,0,0.0,0,0.0,0.0,0.0,0.0,0,6,10,54.0,0,0.0,0.0,77.0,17.0,2.0,-4.6357488874928094,0,7.70952380952381,0.29039627058002737,0.34452757408523277,0.676763707729704,0.0,12.4,6,0.045662100456621,0.05174731182795699,0.024745269286754003,0.10989100014729711,0.0379746835443038,0.0,0.029411764705882353,0.02666666666666667,0.0189873417721519,0.03037974683544304,0.2465753424657534,0.03750662481144767,Tom Kennedy,WR,19.15,22.1
00-0035547,2021,REG,0,0,0.0,0,0.0,0.0,0.0,0,0,0.0,0.0,0.0,0.0,0,0.0,0.0,0,0.0,0,0.0,0.0,0.0,0.0,0,5,5,47.0,2,0.0,0.0,38.0,9.0,3.0,5.351718912075739,0,5.863095238095238,0.1384057971014493,0.11989556388670301,0.291535590372866,0.0,16.7,4,0.03289473684210526,0.03164029975020816,0.014040561622464899,0.07465434506332443,0.036776212832550864,0.15384615384615385,0.041666666666666664,0.058823529411764705,0.09531118333935236,0.060190201035271465,0.3092105263157895,0.04562465834069215,Joe Fortson,TE,21.7,31.8
00-0035562,2021,REG,0,0,0.0,0,0.0,0.0,0.0,0,0,0.0,0.0,0.0,0.0,0,0.0,0.0,0,0.0,0,0.0,0.0,0.0,0.0,0,2,3,21.0,2,0.0,0.0,31.0,0.0,2.0,5.220881963959825,0,2.0,0.11003584229390681,0.1301113172541744,0.2561316855187823,0.0,14.100000000000001,3,0.03260869565217391,0.04428571428571428,0.0,0.08434161490683229,0.03571428571428571,1.0,0.0625,0.11764705882352941,0.5178571428571429,0.2285714285714286,0.22826086956521738,0.08238665438542626,Jesper Horsted,TE,16.1,4.9
00-0035562,2022,REG,0,0,0.0,0,0.0,0.0,0.0,0,0,0.0,0.0,0.0,0.0,0,0.0,0.0,0,0.0,0,0.0,0.0,0.0,0.0,0,3,4,19.0,0,0.0,0.0,26.0,6.0,0.0,0.026683711330406368,0,1.4615384615384615,0.13675213675213674,0.0836483443845407,0.2636820461973836,0.0,1.9000000000000001,2,0.057971014492753624,0.04100946372239748,0.0273972602739726,0.11976409271704841,0.04589371980676329,0.0,0.0,0.0,0.022946859903381644,0.036714975845410634,0.2753623188405797,0.034203546000279215,Jesper Horsted,TE,4.9,1.4
00-0035567,2020,REG,0,0,0.0,0,0.0,0.0,0.0,0,0,0.0,0.0,0.0,0.0,0,0.0,0.0,1,4.0,0,0.0,0.0,0.0,-0.18512318504508585,0,1,1,3.0,0,0.0,0.0,1.0,2.0,0.0,-1.1314386145677418,0,3.0,0.027777777777777776,0.003968253968253968,0.04444444444444444,0.0,0.7000000000000001,1,0.02702702702702703,0.0041841004184100415,0.028985507246376812,0.043887820875268574,0.014218009478672985,0.0,0.0,0.0,0.0071090047393364926,0.011374407582938388,0.08108108108108109,0.022037853253824218,Craig Reynolds,RB,1.7000000000000002,35.2
00-0035567,2021,REG,0,0,0.0,0,0.0,0.0,0.0,0,0,0.0,0.0,0.0,0.0,0,0.0,0.0,55,230.0,0,0.0,0.0,11.0,-7.765414290767796,0,7,8,52.0,0,0.0,0.0,5.0,55.0,3.0,1.5050097236526199,0,20.166666666666668,0.2324058587216482,0.01765566449360916,0.3609677532279987,0.0,28.200000000000003,5,0.047337278106508875,0.004262574595055414,0.09565217391304348,0.07441597683580764,0.042833607907743,0.0,0.05172413793103448,0.04411764705882353,0.0214168039538715,0.0342668863261944,0.3076923076923077,0.07843836349050719,Craig Reynolds,RB,35.2,30.8
00-0035567,2022,REG,0,0,0.0,0,0.0,0.0,0.0,0,0,0.0,0.0,0.0,0.0,0,0.0,0.0,23,102.0,0,0.0,0.0,4.0,-4.250259068678133,0,9,10,116.0,0,0.0,0.0,12.0,108.0,5.0,5.997502274305266,0,20.333333333333336,0.32588103794934914,0.021371632355848588,0.5037816995731177,0.0,21.8,6,0.046948356807511735,0.006888633754305396,0.12572759022118743,0.0759334422147119,0.06843657817109144,0.0,0.0641025641025641,0.056818181818181816,0.03421828908554572,0.05474926253687316,0.5446009389671361,0.053490795415074684,Craig Reynolds,RB,30.8,37.7
00-0035567,2023,REG,0,0,0.0,0,0.0,0.0,0.0,0,0,0.0,0.0,0.0,0.0,0,0.0,0.0,41,179.0,1,1.0,1.0,11.0,-4.479686257458525,0,5,5,47.0,0,0.0,0.0,-12.0,59.0,2.0,2.8365457532927394,0,-18.666666666666668,0.12801218048194887,-0.04308032348993149,0.16186204427997128,0.0,26.599999999999998,6,0.021739130434782608,-0.007984031936127744,0.07496823379923762,0.026221470103271718,0.027469316189362946,0.0,0.023529411764705882,0.021052631578947368,0.013734658094681473,0.021975452951490358,0.20434782608695654,0.05295438549452022,Craig Reynolds,RB,37.7,20.9
00-0035572,2021,REG,0,0,0.0,0,0.0,0.0,0.0,0,0,0.0,0.0,0.0,0.0,0,0.0,0.0,0,0.0,0,0.0,0.0,0.0,0.0,0,5,6,43.0,0,0.0,0.0,22.0,21.0,3.0,1.8925271882326342,0,5.134615384615385,0.23880568356374807,0.13490366908814472,0.45264109370732336,0.0,4.300000000000001,4,0.045454545454545456,0.031117397454031116,0.04061895551257253,0.09307573614504307,0.05088757396449704,0.0,0.06976744186046512,0.06521739130434782,0.02544378698224852,0.04071005917159764,0.32575757575757575,0.03353768481788676,Parker Hesse,TE,9.3,17.9
00-0035593,2021,REG,0,0,0.0,0,0.0,0.0,0.0,0,0,0.0,0.0,0.0,0.0,0,0.0,0.0,0,0.0,0,0.0,0.0,0.0,0.0,0,8,13,58.0,0,2.0,1.0,75.0,31.0,5.0,-1.6387730676215142,0,3.8277777777777775,0.36643173398391615,0.4395120864294486,0.8573060614764881,0.0,3.8000000000000003,5,0.07262569832402235,0.06805807622504537,0.04460431654676259,0.16338500846606982,0.047039740470397405,0.0,0.06944444444444445,0.058823529411764705,0.023519870235198703,0.037631792376317925,0.3240223463687151,0.022787841334826777,Juwann Winfree,WR,11.8,2.7
00-0035593,2022,REG,0,0,0.0,0,0.0,0.0,0.0,0,0,0.0,0.0,0.0,0.0,0,0.0,0.0,0,0.0,0,0.0,0.0,0.0,0.0,0,1,4,17.0,0,0.0,0.0,52.0,5.0,1.0,-0.9984831518377177,0,1.4166666666666667,0.11012223071046601,0.28014850686037124,0.36128730086795885,0.0,1.7000000000000002,3,0.03361344537815126,0.06788511749347259,0.011061946902654867,0.10472826206200497,0.022106631989596878,0.0,0.030303030303030304,0.027777777777777776,0.011053315994798439,0.017685305591677504,0.14285714285714285,0.011322653694539966,Juwann Winfree,WR,2.7,0.0
00-0035594,2020,REG,0,0,0.0,0,0.0,0.0,0.0,0,0,0.0,0.0,0.0,0.0,0,0.0,0.0,25,88.0,0,0.0,0.0,2.0,-9.891346367046935,0,9,10,90.0,1,0.0,0.0,2.0,92.0,4.0,3.8134184062132954,0,-64.0,0.2744759626338574,-0.0013690463903622023,0.4107556114775325,0.0,23.8,9,0.029940119760479042,0.0006642311524410495,0.07776838546069316,0.0454415645626714,0.0322696306920043,0.03571428571428571,0.02962962962962963,0.03067484662576687,0.033991958203145003,0.03295856169646059,0.2694610778443114,0.0315305788937381,Travis Homer,RB,32.8,55.800000000000004
00-0035594,2021,REG,0,0,0.0,0,0.0,0.0,0.0,0,0,0.0,0.0,0.0,0.0,0,0.0,0.0,21,177.0,1,0.0,0.0,7.0,9.715260278120137,0,16,20,161.0,0,0.0,0.0,48.0,128.0,8.0,-4.347545719676418,0,5.7214285714285715,0.6364045045602771,0.15668410367804012,1.0642856294150436,1.0,45.800000000000004,12,0.056338028169014086,0.015419209765499518,0.10023492560689115,0.09684241006592074,0.05925653294074347,0.0,0.06722689075630252,0.05755395683453238,0.029628266470371735,0.04740522635259478,0.4535211267605634,0.05987907914115185,Travis Homer,RB,55.800000000000004,43.1
00-0035594,2022,REG,0,0,0.0,0,0.0,0.0,0.0,0,0,0.0,0.0,0.0,0.0,0,0.0,0.0,19,74.0,0,0.0,0.0,4.0,-2.4190399509097915,0,16,18,157.0,1,1.0,1.0,31.0,129.0,7.0,-5.407553273020312,0,12.068421052631578,0.5193617536605342,0.0964027528667635,0.8465245574975357,0.0,27.1,8,0.0625,0.015873015873015872,0.1408296943231441,0.1064484126984127,0.07718780727630285,0.07142857142857142,0.06862745098039216,0.06896551724137931,0.07430818935243713,0.07603596010675658,0.5451388888888888,0.060639315662108166,Travis Homer,RB,43.1,0.0
00-0035594,2023,REG,0,0,0.0,0,0.0,0.0,0.0,0,0,0.0,0.0,0.0,0.0,0,0.0,0.0,0,0.0,0,0.0,0.0,0.0,0.0,0,0,1,0.0,0,0.0,0.0,-5.0,0.0,0.0,-1.0551380325052822,0,0.0,0.034482758620689655,-0.09433962264150944,-0.014313597918022121,0.0,0.0,1,0.034482758620689655,-0.09433962264150944,0.0,-0.023747560182173076,0.0,0.0,0.0,0.0,0.0,0.0,0.0,0.0,Travis Homer,RB,0.0,6.3999999999999995
00-0035603,2021,REG,0,0,0.0,0,0.0,0.0,0.0,0,0,0.0,0.0,0.0,0.0,0,0.0,0.0,0,0.0,0,0.0,0.0,0.0,0.0,0,4,7,37.0,0,1.0,0.0,43.0,13.0,2.0,-2.1694436310208403,0,1.4642857142857144,0.21234633648426754,0.1614944251872445,0.43156560235747243,0.0,3.7,4,0.050359712230215826,0.036783575705731396,0.02914798206278027,0.10496642890990886,0.03454715219421102,0.0,0.04081632653061224,0.034482758620689655,0.01727357609710551,0.027637721755368817,0.26618705035971224,0.02047110118572872,Kendall Blanton,TE,28.2,5.5
00-0035624,2020,REG,0,0,0.0,0,0.0,0.0,0.0,0,0,0.0,0.0,0.0,0.0,0,0.0,0.0,2,0.0,0,0.0,0.0,0.0,-1.2147977154236287,0,33,57,309.0,2,1.0,0.0,457.0,105.0,15.0,-5.77965460617097,0,9.030200544001689,2.087960570232246,2.5949022530770414,4.948372432502298,0.0,42.900000000000006,13,0.1574585635359116,0.18539553752535498,0.08267716535433071,0.3845042753241514,0.12194159431728492,0.2,0.11904761904761904,0.125,0.16097079715864246,0.13755327545382795,0.8535911602209945,0.08193358953322682,N'Keal Harry,WR,75.9,30.4
00-0035624,2021,REG,0,0,0.0,0,0.0,0.0,0.0,0,0,0.0,0.0,0.0,0.0,0,0.0,0.0,0,0.0,0,0.0,0.0,0.0,0.0,0,12,22,184.0,0,0.0,0.0,327.0,25.0,7.0,7.7237242978590075,0,6.359737742877278,0.661502785639408,1.082902072640351,1.7502856293073576,0.0,18.4,9,0.07166123778501629,0.13069544364508393,0.023084025854108958,0.21204821159359158,0.07750631844987363,0.0,0.06422018348623854,0.056910569105691054,0.038753159224936815,0.062005054759898905,0.5993485342019544,0.036016396938606254,N'Keal Harry,WR,30.4,24.6
00-0035628,2020,REG,0,0,0.0,0,0.0,0.0,0.0,0,0,0.0,0.0,0.0,0.0,0,0.0,0.0,33,166.0,0,1.0,0.0,7.0,-2.164771401243272,0,3,4,14.0,0,0.0,0.0,0.0,12.0,0.0,-0.9401284765917808,0,-0.33333333333333326,0.13602732793522268,0.002998699297277106,0.206140081410928,0.0,18.0,8,0.015625,0.0,0.01643835616438356,0.0234375,0.007383966244725738,0.0,0.0,0.0,0.003691983122362869,0.005907172995780591,0.0546875,0.02882477283333791,D'Ernest Johnson,RB,21.0,104.10000000000001
00-0035628,2021,REG,0,0,0.0,0,0.0,0.0,0.0,0,0,0.0,0.0,0.0,0.0,0,0.0,0.0,100,534.0,3,0.0,0.0,24.0,6.4351156105985865,0,19,25,137.0,0,1.0,0.0,6.0,138.0,7.0,0.7006596530263778,0,-6.700000000000001,0.8003414287479915,0.01484668851834959,1.210904825084832,0.0,85.10000000000001,12,0.06775067750677506,0.002106741573033708,0.1276595744680851,0.10331140951858957,0.05761143818334735,0.0,0.05737704918032787,0.050359712230215826,0.028805719091673676,0.046089150546677886,0.3712737127371274,0.11318662201539599,D'Ernest Johnson,RB,104.10000000000001,5.4
00-0035628,2022,REG,0,0,0.0,0,0.0,0.0,0.0,0,0,0.0,0.0,0.0,0.0,0,0.0,0.0,4,17.0,0,0.0,0.0,1.0,-0.06391741416882724,0,3,3,7.0,0,0.0,0.0,-1.0,8.0,0.0,-0.9645693320198916,0,2.65,0.07703081232492998,-0.007824386003042817,0.11006914828526497,0.0,2.4,3,0.02912621359223301,-0.0009319664492078285,0.030303030303030304,0.04294374722898325,0.009259259259259259,0.0,0.0,0.0,0.004629629629629629,0.007407407407407408,0.06796116504854369,0.02201924645245474,D'Ernest Johnson,RB,5.4,34.800000000000004
00-0035628,2023,REG,0,0,0.0,0,0.0,0.0,0.0,0,0,0.0,0.0,0.0,0.0,0,0.0,0.0,41,108.0,0,0.0,0.0,5.0,-13.305333968893585,0,10,12,140.0,0,0.0,0.0,10.0,136.0,6.0,9.814723854260428,0,3.6999999999999993,0.3120840069418242,0.02876684114275688,0.48826279921266613,0.0,24.8,15,0.0216998191681736,0.002224199288256228,0.08119402985074627,0.03432908818286538,0.036410923276983094,0.0,0.034482758620689655,0.030927835051546393,0.018205461638491547,0.029128738621586478,0.25316455696202533,0.02735849056603774,D'Ernest Johnson,RB,34.800000000000004,35.9
00-0035631,2020,REG,0,0,0.0,0,0.0,0.0,0.0,0,0,0.0,0.0,0.0,0.0,0,0.0,0.0,0,0.0,0,0.0,0.0,0.0,0.0,0,40,53,349.0,1,1.0,1.0,222.0,198.0,16.0,2.363057419541292,0,44.51967738144209,1.5451051526337716,0.8018449436762651,2.8789491895240427,0.0,38.9,16,0.09122203098106713,0.046964247937381,0.11049107142857142,0.1744044448215055,0.09201160031637226,0.05263157894736842,0.07960199004975124,0.07727272727272727,0.07232158963187034,0.0841355960425715,0.6006884681583476,0.06079425498143041,Drew Sample,TE,78.9,20.5
00-0035631,2021,REG,0,0,0.0,0,0.0,0.0,0.0,0,0,0.0,0.0,0.0,0.0,0,0.0,0.0,0,0.0,0,0.0,0.0,0.0,0.0,0,11,15,81.0,0,0.0,0.0,35.0,82.0,3.0,0.321978353720624,0,25.76818181818182,0.4421820016798711,0.1187482019956448,0.746396743916758,0.0,8.1,8,0.05555555555555555,0.0165016501650165,0.07334525939177101,0.09653465346534654,0.037482646922720964,0.0,0.030612244897959183,0.02654867256637168,0.018741323461360482,0.029986117538176774,0.3,0.025468704162999706,Drew Sample,TE,20.5,1.7999999999999998
00-0035631,2022,REG,0,0,0.0,0,0.0,0.0,0.0,0,0,0.0,0.0,0.0,0.0,0,0.0,0.0,0,0.0,0,0.0,0.0,0.0,0.0,0,2,2,-2.0,0,0.0,0.0,-2.0,0.0,0.0,-3.0159643418687336,0,1.0,0.04743935309973046,-0.015349044515014764,0.06041469848908535,0.0,-0.2,2,0.02247191011235955,-0.0034904013961605585,0.0,0.03091554405161088,-0.0037243947858473,0.0,0.0,0.0,-0.00186219739292365,-0.00297951582867784,-0.02247191011235955,0.009869503235003838,Drew Sample,TE,1.7999999999999998,50.3
00-0035631,2023,REG,0,0,0.0,0,0.0,0.0,0.0,0,0,0.0,0.0,0.0,0.0,0,0.0,0.0,0,0.0,0,0.0,0.0,0.0,0.0,0,22,27,163.0,2,0.0,0.0,29.0,173.0,9.0,0.49605048436135624,0,5.757777777777778,0.802762753756793,-0.006474595462346355,1.199611913811547,0.0,28.3,14,0.05443548387096774,0.009291893623838513,0.08564356435643565,0.08908674070552242,0.04482948294829483,0.09090909090909091,0.05202312138728324,0.05641025641025641,0.06786928692869287,0.05404540454045405,0.3286290322580645,0.04026125794419453,Drew Sample,TE,50.3,36.5
00-0035639,2020,REG,0,0,0.0,0,0.0,0.0,0.0,0,0,0.0,0.0,0.0,0.0,0,0.0,0.0,2,16.0,0,0.0,0.0,2.0,0.5073884823359549,0,6,9,71.0,0,0.0,0.0,107.0,18.0,4.0,-0.544535634398926,0,0.6635514018691588,0.1956521739130435,0.370242214532872,0.5526478110425757,0.0,8.7,2,0.1267605633802817,0.2106299212598425,0.05625,0.35864478207829653,0.12305025996533796,0.0,0.14814814814814814,0.13793103448275862,0.06152512998266898,0.09844020797227038,1.0,0.07916846186988366,Parris Campbell,WR,14.7,32.2
00-0035639,2021,REG,0,0,0.0,0,0.0,0.0,0.0,0,0,0.0,0.0,0.0,0.0,0,0.0,0.0,0,0.0,0,0.0,0.0,0.0,0.0,0,10,20,162.0,1,0.0,0.0,334.0,17.0,7.0,2.3772227646550164,0,3.3977439541362187,0.6325857641907338,1.4025533166326953,1.9306659679289873,0.0,22.200000000000003,6,0.10471204188481675,0.23275261324041813,0.025036818851251842,0.34327015341955963,0.10923803101820634,0.1111111111111111,0.1111111111111111,0.1111111111111111,0.11017457106465872,0.1096126470367873,0.8481675392670157,0.062207797225764076,Parris Campbell,WR,32.2,149.1
00-0035639,2022,REG,0,0,0.0,0,0.0,0.0,0.0,0,0,0.0,0.0,0.0,0.0,0,0.0,0.0,5,58.0,0,0.0,0.0,2.0,2.292866151139606,0,63,91,623.0,3,1.0,0.0,582.0,276.0,32.0,-7.047461106525233,0,33.12666390206436,2.6810002088532316,2.7840986731128803,5.970369384458864,0.0,86.10000000000001,17,0.15066225165562913,0.15168100078186084,0.15418994413407822,0.34733817810893236,0.1616083009079118,0.17647058823529413,0.16580310880829016,0.16666666666666666,0.16903944457160297,0.1645807583733883,1.031456953642384,0.11610341068369412,Parris Campbell,WR,149.1,30.400000000000002
00-0035639,2023,REG,0,0,0.0,0,0.0,1.0,8.0,0,0,0.0,0.0,0.0,-1.5267874808050692,0,0.0,0.0,0,0.0,0,0.0,0.0,0.0,0.0,0,20,27,104.0,0,0.0,0.0,91.0,65.0,2.0,-22.297170607696668,0,5.013875598086124,0.8688699949475811,0.5467507985399983,1.6860305513993705,0.0,10.4,8,0.10931174089068826,0.05416666666666667,0.08904109589041095,0.20730094466936572,0.07157604955264969,0.0,0.029850746268656716,0.0273972602739726,0.035788024776324846,0.057260839642119754,0.42105263157894735,0.06107851804227277,Parris Campbell,WR,30.400000000000002,15.0
00-0035640,2020,REG,0,0,0.0,0,0.0,0.0,0.0,0,0,0.0,0.0,0.0,0.0,0,0.0,0.0,0,0.0,0,0.0,0.0,0.0,0.0,0,83,129,1303.0,10,1.0,0.0,1768.0,363.0,63.0,59.35053433746419,0,12.014798320621967,3.939223409937577,6.505610929278706,10.462762765401461,0.0,190.3,16,0.2291296625222025,0.36574265618535373,0.19717544812601848,0.6362886187315868,0.3069493521790342,0.25,0.2916666666666667,0.28515625,0.2784746760895171,0.2955594817432274,2.314387211367673,0.16670733195071366,DK Metcalf,WR,299.90000000000003,244.3
00-0035640,2021,REG,0,0,0.0,0,0.0,0.0,0.0,0,0,0.0,0.0,0.0,0.0,0,0.0,0.0,1,6.0,0,0.0,0.0,0.0,0.22244152944767848,0,75,129,967.0,12,1.0,0.0,1636.0,328.0,48.0,28.664408621174516,0,11.823169079367894,4.71569168596121,6.566579151264192,11.67014293482675,0.0,169.3,17,0.2606060606060606,0.35418921844555096,0.18818129661503155,0.6742604656655318,0.2534731323722149,0.4,0.2891566265060241,0.30612244897959184,0.32673656618610747,0.282778505897772,1.9535353535353535,0.16761578044596914,DK Metcalf,WR,244.3,262.4
00-0035640,2022,REG,0,0,0.0,0,0.0,0.0,0.0,0,0,0.0,0.0,0.0,0.0,0,0.0,0.0,0,0.0,0,0.0,0.0,0.0,0.0,0,90,141,1048.0,6,2.0,2.0,1581.0,216.0,47.0,7.995705952152498,0,12.132998989623085,4.303700851610971,6.158042748228581,10.766181201176462,0.0,136.8,17,0.24607329842931938,0.3660569576290808,0.12134831460674157,0.6619555137472437,0.24474544605324614,0.2,0.22815533980582525,0.2245762711864407,0.2223727230266231,0.23579635684259692,1.8289703315881327,0.14739906933215483,DK Metcalf,WR,262.4,225.4
00-0035640,2023,REG,0,0,0.0,0,0.0,0.0,0.0,0,0,0.0,0.0,0.0,0.0,0,0.0,0.0,0,0.0,0,0.0,0.0,0.0,0.0,0,66,119,1114.0,8,0.0,0.0,1529.0,367.0,52.0,42.64521705119914,0,12.799833331681306,3.6001117125862456,6.3489280529023,9.844417205910979,0.0,159.4,16,0.2159709618874773,0.39285714285714285,0.18572874493927125,0.6382421571169302,0.28216818642350555,0.38095238095238093,0.29213483146067415,0.3015075376884422,0.3315602836879432,0.30192502532928067,2.0217785843920146,0.17203217780220115,DK Metcalf,WR,225.4,191.2
00-0035644,2020,REG,0,0,0.0,0,0.0,0.0,0.0,0,0,0.0,0.0,0.0,0.0,0,0.0,0.0,0,0.0,0,0.0,0.0,0.0,0.0,0,62,93,673.0,3,0.0,0.0,626.0,377.0,34.0,10.546787657826208,1,24.246660034882623,2.818775661699468,2.355035437565797,5.87668829884526,0.0,87.3,14,0.18415841584158416,0.14020156774916012,0.26605504587155965,0.38839887796170436,0.21004993757802748,0.17647058823529413,0.21794871794871795,0.2138728323699422,0.19326026290666082,0.20333406770948084,1.3326732673267327,0.13532621503544043,Noah Fant,TE,147.3,159.0
00-0035644,2021,REG,0,0,0.0,0,0.0,0.0,0.0,0,0,0.0,0.0,0.0,0.0,0,0.0,0.0,0,0.0,0,0.0,0.0,0.0,0.0,0,68,90,670.0,4,0.0,0.0,540.0,319.0,29.0,16.182971487362124,0,21.42884192447215,2.8559201852648144,2.168119136346052,5.801563673339458,0.0,91.0,16,0.17543859649122806,0.1247977813727756,0.19949968730456535,0.3629961198350626,0.18574993069032436,0.21052631578947367,0.17058823529411765,0.1746031746031746,0.19813812323989902,0.19070520771015423,1.3060428849902534,0.125644024401808,Noah Fant,TE,159.0,124.7
00-0035644,2022,REG,0,0,0.0,0,0.0,0.0,0.0,0,0,0.0,0.0,0.0,0.0,0,0.0,0.0,0,0.0,0,0.0,0.0,0.0,0.0,0,50,63,486.0,4,0.0,0.0,406.0,221.0,24.0,19.090364106526934,0,38.1537314835702,1.98585895404374,1.9761504371142276,4.362093737045569,0.0,72.60000000000001,17,0.1099476439790576,0.0940032414910859,0.12415730337078652,0.24012405916145513,0.11349836524988323,0.13333333333333333,0.11650485436893204,0.11864406779661017,0.12341584929160829,0.11746535886657326,0.8481675392670157,0.07967868562664102,Noah Fant,TE,124.7,73.4
00-0035644,2023,REG,0,0,0.0,0,0.0,0.0,0.0,0,0,0.0,0.0,0.0,0.0,0,0.0,0.0,0,0.0,0,0.0,0.0,0.0,0.0,0,32,43,414.0,0,0.0,0.0,298.0,177.0,16.0,11.724469571432564,0,21.99516726803617,1.2904131771428036,1.2327554690821856,2.798548594071735,0.0,41.400000000000006,14,0.088659793814433,0.08298524087997772,0.100169779286927,0.19937788342563167,0.11376751854905194,0.0,0.1,0.0898876404494382,0.05688375927452597,0.09101401483924156,0.8536082474226804,0.06255539646826208,Noah Fant,TE,73.4,104.0
00-0035645,2020,REG,0,0,0.0,0,0.0,0.0,0.0,0,0,0.0,0.0,0.0,0.0,0,0.0,0.0,5,23.0,0,0.0,0.0,1.0,-1.4023350573843345,0,5,5,62.0,1,0.0,0.0,27.0,35.0,3.0,6.976626084244344,0,5.923076923076923,0.1722689075630252,0.14127223414335802,0.3572939252448884,1.0,20.5,6,0.02976190476190476,0.022998296422487224,0.06433823529411764,0.06304149428084692,0.055705300988319856,0.14285714285714285,0.05084745762711865,0.06060606060606061,0.09928122192273135,0.07313566936208446,0.36904761904761907,0.052456183658355963,Gunner Olszewski,WR,19.5,6.0
00-0035645,2021,REG,0,0,0.0,0,0.0,0.0,0.0,0,0,0.0,0.0,0.0,0.0,0,0.0,0.0,1,9.0,0,0.0,0.0,0.0,0.7659604288637638,0,2,3,31.0,0,0.0,0.0,29.0,14.0,2.0,1.6776933936052956,0,3.9423076923076925,0.07803030303030303,0.07946476054195385,0.17267078692482224,0.0,4.0,4,0.019736842105263157,0.021014492753623187,0.02531645569620253,0.04641685736079329,0.027074235807860263,0.0,0.037037037037037035,0.03225806451612903,0.013537117903930132,0.021659388646288212,0.20394736842105263,0.013416815742397139,Gunner Olszewski,WR,6.0,14.200000000000001
00-0035645,2022,REG,0,0,0.0,0,0.0,0.0,0.0,0,0,0.0,0.0,0.0,0.0,0,0.0,0.0,8,39.0,0,0.0,0.0,3.0,1.522669167839922,0,5,7,53.0,0,0.0,0.0,57.0,13.0,1.0,0.9955764255428221,0,2.4166666666666665,0.22954408353389677,0.1625558563875053,0.45810522477209886,0.0,9.200000000000001,10,0.02364864864864865,0.02094048493754592,0.017173051519154558,0.05222536092300971,0.02617283950617284,0.0,0.009523809523809525,0.009009009009009009,0.01308641975308642,0.020938271604938274,0.17905405405405406,0.0190017395958785,Gunner Olszewski,WR,14.200000000000001,-1.0
00-0035657,2020,REG,0,0,0.0,0,0.0,0.0,0.0,0,0,0.0,0.0,0.0,0.0,0,0.0,0.0,137,691.0,2,1.0,0.0,30.0,6.07422461968963,0,5,7,52.0,0,0.0,0.0,-3.0,55.0,4.0,-9.217372092709411,0,-5.0,0.26969873079712897,-0.03201039433093834,0.3821408201640366,0.0,86.30000000000001,10,0.025925925925925925,-0.0016519823788546256,0.0593311758360302,0.03756730298580519,0.027926960257787327,0.0,0.043010752688172046,0.04040404040404041,0.013963480128893663,0.022341568206229862,0.1925925925925926,0.1323035010433573,Damien Harris,RB,91.30000000000001,214.8
00-0035657,2021,REG,0,0,0.0,0,0.0,0.0,0.0,0,0,0.0,0.0,0.0,0.0,0,0.0,0.0,202,929.0,15,2.0,2.0,55.0,3.190351245548305,0,18,21,132.0,0,0.0,0.0,-7.0,134.0,4.0,4.253627703757957,0,28.935714285714283,0.6496887225234125,-0.01704975508182001,0.9625982552278447,0.0,192.1,15,0.04525862068965517,-0.0019278435692646654,0.07854630715123095,0.06634565617907102,0.03754266211604096,0.0,0.025806451612903226,0.023121387283236993,0.01877133105802048,0.03003412969283277,0.28448275862068967,0.1642895123705858,Damien Harris,RB,214.8,90.9
00-0035657,2022,REG,0,0,0.0,0,0.0,0.0,0.0,0,0,0.0,0.0,0.0,0.0,0,0.0,0.0,106,462.0,3,0.0,0.0,23.0,-3.7160809281631373,0,17,23,97.0,0,0.0,0.0,25.0,86.0,4.0,-5.194687074952526,0,9.024358974358973,0.7545093250975604,0.08860245022881355,1.1937857028065102,0.0,73.9,11,0.06744868035190615,0.009255831173639394,0.07306711979609176,0.10857768546677074,0.037640667442762905,0.0,0.036036036036036036,0.03225806451612903,0.018820333721381453,0.030112533954210326,0.2844574780058651,0.10666760543547138,Damien Harris,RB,90.9,19.0
00-0035659,2020,REG,0,0,0.0,0,0.0,0.0,0.0,0,0,0.0,0.0,0.0,0.0,0,0.0,0.0,2,30.0,0,0.0,0.0,2.0,2.578965216758661,0,87,134,1118.0,4,1.0,1.0,1300.0,478.0,51.0,28.984404904104164,0,13.160612947799025,4.04098634684191,7.10104097123537,11.032208200127624,0.0,136.8,15,0.24187725631768953,0.40360136603539276,0.2367508667657256,0.6856969773048485,0.3189728958630528,0.26666666666666666,0.29310344827586204,0.291005291005291,0.29281978126485975,0.30851165002377556,2.0180505415162453,0.18344262295081967,Terry McLaurin,WR,237.3,213.5
00-0035659,2021,REG,0,0,0.0,0,0.0,0.0,0.0,0,0,0.0,0.0,0.0,0.0,0,0.0,0.0,1,12.0,0,0.0,0.0,1.0,0.7791807051980868,0,77,130,1053.0,5,0.0,0.0,1707.0,307.0,47.0,12.17581440386006,0,13.323935770490584,4.18475802733335,7.132860689624897,11.270139523737452,0.0,136.5,17,0.23636363636363636,0.41432038834951457,0.16191983122362869,0.6860017652250663,0.2810998398291511,0.23809523809523808,0.2596685082872928,0.25742574257425743,0.2595975389621946,0.2724989194823685,1.9145454545454546,0.1597408233199156,Terry McLaurin,WR,213.5,229.0
00-0035659,2022,REG,0,0,0.0,0,0.0,0.0,0.0,0,0,0.0,0.0,0.0,0.0,0,0.0,0.0,7,29.0,0,1.0,0.0,2.0,1.287610150524415,0,77,120,1191.0,5,0.0,0.0,1549.0,382.0,56.0,48.660015074449284,0,14.845060461694972,4.048726634985134,6.308642394702058,10.489139628769141,0.0,152.0,17,0.21660649819494585,0.3478553783965866,0.228332337118948,0.6031940500096881,0.3148295003965107,0.20833333333333334,0.30434782608695654,0.2932692307692308,0.26158141686492203,0.29353026698387524,2.1498194945848375,0.1703970474433002,Terry McLaurin,WR,229.0,203.20000000000002
00-0035659,2023,REG,0,0,0.0,0,0.0,0.0,0.0,0,0,0.0,0.0,0.0,0.0,0,0.0,0.0,0,0.0,0,0.0,0.0,0.0,0.0,0,79,132,1002.0,4,0.0,0.0,1514.0,350.0,47.0,9.272234423388017,0,13.954101309418036,3.880439645716015,5.971970003581421,10.001038471081017,0.0,124.2,17,0.20754716981132076,0.31760016782043216,0.16730401529636713,0.5654008889733269,0.24005749880210828,0.16666666666666666,0.24736842105263157,0.2383177570093458,0.20336208273438747,0.22537933237501995,1.5754716981132075,0.1428410752446294,Terry McLaurin,WR,203.20000000000002,322.5
00-0035662,2020,REG,0,0,0.0,0,0.0,0.0,0.0,0,0,0.0,0.0,0.0,0.0,0,0.0,0.0,1,1.0,0,0.0,0.0,0.0,-0.6343114958144724,0,58,100,769.0,8,0.0,0.0,1291.0,274.0,35.0,26.96447493026773,0,10.563313604823552,4.2910538412395995,6.145825883460809,10.738658880281966,0.0,125.0,16,0.24630541871921183,0.36561880487114135,0.21711568938193343,0.6619531719757308,0.263446385748544,0.2962962962962963,0.24647887323943662,0.25443786982248523,0.2798713410224202,0.27001636785809446,1.8940886699507389,0.13428630132965452,Marquise Brown,WR,215.5,226.3
00-0035662,2021,REG,0,0,0.0,0,0.0,0.0,0.0,0,0,0.0,0.0,0.0,0.0,0,0.0,0.0,1,5.0,0,0.0,0.0,1.0,0.9444636923726648,0,91,146,1008.0,6,3.0,1.0,1622.0,388.0,41.0,12.836530107876273,0,11.59745187806332,4.207744651128039,4.9760173838351145,9.794829145376639,0.0,135.3,16,0.2539130434782609,0.3212517330164389,0.24099378881987576,0.6378709516305425,0.2490118577075099,0.2857142857142857,0.20812182741116753,0.21559633027522937,0.2673630717108978,0.2563523433088651,1.7530434782608695,0.15668272958901075,Marquise Brown,WR,226.3,156.0
00-0035662,2022,REG,0,0,0.0,0,0.0,0.0,0.0,0,0,0.0,0.0,0.0,0.0,0,0.0,0.0,1,1.0,0,0.0,0.0,0.0,-0.2280759473796934,0,67,107,709.0,3,1.0,0.0,1205.0,236.0,33.0,-3.331899893946776,0,6.9465015574338445,2.8256338057190122,4.442525172764134,7.348218329513412,0.0,89.0,12,0.22526315789473683,0.3518248175182482,0.16164383561643836,0.6193545908567037,0.25819373634377274,0.3,0.25,0.2535211267605634,0.2790968681718864,0.2665549890750182,1.4926315789473685,0.1630877955966295,Marquise Brown,WR,156.0,134.70000000000002
00-0035662,2023,REG,0,0,0.0,0,0.0,0.0,0.0,0,0,0.0,0.0,0.0,0.0,0,0.0,0.0,2,23.0,0,0.0,0.0,1.0,0.8507425158750266,0,51,101,574.0,4,0.0,0.0,1186.0,164.0,32.0,-4.734340494949637,0,6.74098569104162,3.2782663614002914,5.060968275665797,8.460077335066494,0.0,83.7,13,0.2422062350119904,0.34678362573099414,0.14977168949771688,0.6407362531027809,0.23006012024048098,0.36363636363636365,0.256,0.2647058823529412,0.2968482419384223,0.2567753689196575,1.3764988009592327,0.14384878257155062,Marquise Brown,WR,134.70000000000002,28.1
00-0035664,2020,REG,0,0,0.0,0,0.0,0.0,0.0,0,0,0.0,0.0,0.0,0.0,0,0.0,0.0,138,624.0,5,0.0,0.0,40.0,2.7373383573431056,0,16,24,155.0,1,0.0,0.0,16.0,156.0,8.0,-0.7281895290419707,0,-27.78735632183908,0.7047944441684457,0.02701946285322769,1.076105290249928,0.0,113.9,15,0.043478260869565216,0.0044705224923162895,0.0724907063197026,0.06879380929820085,0.039220647773279355,0.05,0.041237113402061855,0.04205607476635514,0.04461032388663968,0.04137651821862349,0.2807971014492754,0.09334042308576684,Darrell Henderson,RB,129.9,171.4
00-0035664,2021,REG,0,0,0.0,0,0.0,0.0,0.0,0,0,0.0,0.0,0.0,0.0,0,0.0,0.0,149,688.0,5,0.0,0.0,39.0,-1.379824667690324,0,29,40,176.0,3,0.0,0.0,37.0,180.0,8.0,-7.756834660989229,0,-9.525888192267502,1.0904463620187965,0.12593268980958341,1.723822425894903,0.0,134.4,12,0.09216589861751152,0.010150891632373114,0.11650485436893204,0.1463695612321658,0.05144694533762058,0.11538461538461539,0.04878048780487805,0.05789473684210526,0.08341578036111799,0.06423447934701954,0.4055299539170507,0.13879922530664945,Darrell Henderson,RB,171.4,73.5
00-0035664,2022,REG,0,0,0.0,0,0.0,0.0,0.0,0,0,0.0,0.0,0.0,0.0,0,0.0,0.0,70,283.0,3,0.0,0.0,14.0,1.4412576951340257,0,17,22,102.0,0,0.0,0.0,28.0,110.0,5.0,-2.261365839134669,0,25.111405835543767,0.5890949309301001,0.10455454758317896,0.9568305797033754,0.0,56.5,10,0.0625,0.011854360711261643,0.0873015873015873,0.10323348856900931,0.04300168634064081,0.0,0.04132231404958678,0.03787878787878788,0.021500843170320406,0.03440134907251265,0.2897727272727273,0.09580541724236814,Darrell Henderson,RB,73.5,43.5
00-0035676,2020,REG,0,0,0.0,0,0.0,0.0,0.0,0,0,0.0,0.0,0.0,0.0,0,0.0,0.0,0,0.0,0,0.0,0.0,0.0,0.0,0,70,106,1075.0,11,2.0,1.0,1150.0,432.0,55.0,65.5729433268161,0,13.41790443477446,3.8118234851461072,4.969659119718595,9.196496611522178,1.0,177.5,14,0.25,0.3281027104136947,0.31952662721893493,0.6374821683309557,0.3291488058787508,0.36666666666666664,0.3089887640449438,0.3173076923076923,0.3479077362727087,0.33665237803633397,2.535377358490566,0.17583869730167526,A.J. Brown,WR,261.8,206.10000000000002
00-0035676,2021,REG,0,2,0.0,0,0.0,0.0,0.0,0,0,42.0,0.0,0.0,-1.2514583478914574,0,0.0,0.0,2,10.0,0,0.0,0.0,1.0,0.552041839924641,0,63,105,869.0,5,0.0,0.0,1218.0,235.0,45.0,33.827210485994684,0,8.96489038855293,3.5990189195336253,5.815964172267095,9.469703299887405,0.0,117.9,13,0.26119402985074625,0.3908857509627728,0.1733038348082596,0.7044996455463376,0.2887043189368771,0.23809523809523808,0.29411764705882354,0.28735632183908044,0.26339977851605756,0.2785825027685493,2.1616915422885574,0.15815702045812205,A.J. Brown,WR,206.10000000000002,333.2
00-0035676,2022,REG,0,0,0.0,0,0.0,0.0,0.0,0,0,0.0,0.0,0.0,0.0,0,0.0,0.0,0,0.0,0,0.0,0.0,0.0,0.0,0,88,145,1496.0,11,2.0,2.0,1750.0,552.0,59.0,55.87002713848922,0,15.649354434773167,4.867588044995716,6.947606886385478,12.164706887963408,0.0,211.60000000000002,17,0.27052238805970147,0.3939666816749212,0.27151992129857355,0.7209569274294892,0.34280476626947753,0.44,0.30256410256410254,0.3181818181818182,0.39140238313473874,0.36224381301558206,2.791044776119403,0.1849542553060141,A.J. Brown,WR,333.2,289.6
00-0035676,2023,REG,0,0,0.0,0,0.0,0.0,0.0,0,0,0.0,0.0,0.0,0.0,0,0.0,0.0,0,0.0,0,0.0,0.0,0.0,0.0,0,106,158,1456.0,7,2.0,2.0,1853.0,473.0,70.0,65.87283749351666,0,13.48792433472958,5.162450356862419,7.100896350878084,12.714302980908286,0.0,183.60000000000002,17,0.28063943161634103,0.3825350949628406,0.2648376259798432,0.726987223394784,0.35800344234079173,0.2916666666666667,0.3553299492385787,0.34841628959276016,0.3248350545037292,0.34473608720596677,2.586145648312611,0.19602268881398152,A.J. Brown,WR,289.6,257.2
00-0035685,2020,REG,0,0,0.0,0,0.0,0.0,0.0,0,0,0.0,0.0,0.0,0.0,0,0.0,0.0,247,1070.0,8,0.0,0.0,59.0,-10.065330305860858,1,54,68,438.0,2,1.0,1.0,64.0,396.0,25.0,3.486221259207763,0,50.522566030460766,1.7903765813124706,0.19993270215783598,2.825517763479191,0.0,210.8,15,0.11663807890222985,0.01379607674067687,0.2388419782870929,0.18599397974588627,0.11523283346487766,0.07692307692307693,0.11961722488038277,0.1148936170212766,0.0960779551939773,0.10757088215651751,0.7512864493996569,0.1923384226506094,David Montgomery,RB,265.90000000000003,195.0
00-0035685,2021,REG,0,1,0.0,0,1.0,0.0,0.0,0,0,9.0,0.0,0.0,-3.1767500246642157,0,0.0,0.0,225,849.0,7,2.0,1.0,55.0,-21.6045883598607,0,42,51,301.0,0,0.0,0.0,45.0,273.0,18.0,5.274761422659272,0,11.867619047619048,1.5726456478236837,0.18861631549400687,2.4909998925813306,0.0,153.0,13,0.11724137931034483,0.012908777969018933,0.20495495495495494,0.1861890913407324,0.10090512906469996,0.0,0.1276595744680851,0.11688311688311688,0.05045256453234998,0.08072410325175998,0.6919540229885057,0.1947623898843411,David Montgomery,RB,195.0,177.70000000000002
00-0035685,2022,REG,0,0,0.0,0,0.0,0.0,0.0,0,0,0.0,0.0,0.0,0.0,0,0.0,0.0,201,801.0,5,1.0,1.0,41.0,-15.313396949485165,0,34,40,316.0,1,1.0,1.0,51.0,283.0,10.0,6.722303724278838,0,94.31945412311266,1.9528312326212447,0.332316344831725,3.1618682903140747,0.0,143.70000000000002,16,0.11267605633802817,0.015897755610972567,0.26301115241635686,0.1817322889958203,0.13036303630363036,0.05263157894736842,0.0970873786407767,0.09016393442622951,0.09149730762549939,0.11481674483237798,0.8901408450704226,0.16186034649226677,David Montgomery,RB,177.70000000000002,246.0
00-0035685,2023,REG,0,0,0.0,0,0.0,0.0,0.0,0,0,0.0,0.0,0.0,0.0,0,0.0,0.0,219,1015.0,13,2.0,1.0,59.0,10.28340074429789,1,16,24,117.0,0,0.0,0.0,-19.0,149.0,7.0,-8.179863842146005,0,-2.209523809523809,0.7809251741138399,-0.08925752052015232,1.108907496806653,0.0,191.2,14,0.049689440993788817,-0.005754088431253785,0.08403835307388607,0.06993089074568021,0.030732860520094562,0.0,0.0374331550802139,0.03255813953488372,0.015366430260047281,0.02458628841607565,0.2422360248447205,0.14299714281770623,David Montgomery,RB,246.0,225.55
00-0035689,2020,REG,0,0,0.0,0,0.0,0.0,0.0,0,0,0.0,0.0,0.0,0.0,0,0.0,0.0,0,0.0,0,0.0,0.0,0.0,0.0,0,24,44,288.0,3,2.0,2.0,360.0,160.0,14.0,-0.17381258570566782,0,11.252030578117534,1.1448704813836392,0.9247516282283759,2.364631861835322,0.0,42.800000000000004,11,0.10068649885583524,0.0966183574879227,0.12204424103737604,0.22832443427409102,0.08283002588438308,0.0967741935483871,0.07909604519774012,0.08173076923076923,0.08980210971638508,0.08561885941718389,0.6590389016018307,0.05337253711308906,Dawson Knox,TE,95.3,190.5
00-0035689,2021,REG,0,0,0.0,0,0.0,0.0,0.0,0,0,0.0,0.0,0.0,0.0,1,0.0,0.0,0,0.0,0,0.0,0.0,0.0,0.0,0,49,71,587.0,9,0.0,0.0,524.0,277.0,31.0,33.19093861678055,0,31.303216545030914,2.003940483055216,1.7217885731670757,4.2111627257997775,0.0,114.7,15,0.1256637168141593,0.10889443059019119,0.1855324849296718,0.2756111196933919,0.1490982981965964,0.2647058823529412,0.15048543689320387,0.16666666666666666,0.2069020902747688,0.17221981502786537,1.038938053097345,0.10648678184845961,Dawson Knox,TE,190.5,158.2
00-0035689,2022,REG,0,0,0.0,0,0.0,0.0,0.0,0,0,0.0,0.0,0.0,0.0,0,0.0,0.0,0,0.0,0,0.0,0.0,0.0,0.0,0,48,65,517.0,6,0.0,0.0,507.0,193.0,25.0,20.464161983473176,0,21.79824557258277,2.0134216894497188,1.7522536316990858,4.2467100763639385,0.0,87.7,15,0.120817843866171,0.1048820852296235,0.13924963924963926,0.26513243398295533,0.1339725317439751,0.1935483870967742,0.12690355329949238,0.13596491228070176,0.16376045942037465,0.14588770281453495,0.9609665427509294,0.09329923132984062,Dawson Knox,TE,158.2,61.9
00-0035689,2023,REG,0,0,0.0,0,0.0,0.0,0.0,0,0,0.0,0.0,0.0,0.0,0,0.0,0.0,0,0.0,0,0.0,0.0,0.0,0.0,0,22,36,186.0,2,0.0,0.0,253.0,96.0,13.0,-12.387975567462824,1,12.61785619034609,1.0853417964193826,0.7985555921803618,2.187001609155327,0.0,32.6,10,0.1037463976945245,0.0798611111111111,0.08333333333333333,0.21950848543067564,0.0696629213483146,0.10526315789473684,0.1015625,0.10204081632653061,0.08746303962152571,0.07678296865759905,0.5360230547550432,0.05664488017429194,Dawson Knox,TE,61.9,67.6
00-0035700,2020,REG,0,0,0.0,0,0.0,0.0,0.0,0,0,0.0,0.0,0.0,0.0,0,0.0,0.0,273,1065.0,12,2.0,2.0,61.0,-33.04106864911293,0,33,45,238.0,0,0.0,0.0,33.0,238.0,9.0,0.2612802999903978,0,81.41805555555555,1.4210936030700827,0.11158230231735615,2.209748016227273,0.0,198.3,15,0.08928571428571429,0.008264462809917356,0.1261930010604454,0.1405401416765053,0.059470264867566215,0.0,0.047619047619047616,0.04205607476635514,0.029735132433783108,0.04757621189405298,0.4722222222222222,0.16431291202546033,Josh Jacobs,RB,231.3,242.70000000000002
00-0035700,2021,REG,0,0,0.0,0,0.0,0.0,0.0,0,0,0.0,0.0,0.0,0.0,0,0.0,0.0,217,872.0,9,2.0,2.0,45.0,-32.179233697576834,0,54,64,348.0,0,0.0,0.0,-27.0,395.0,14.0,-5.931718474118636,0,-46.63893557422969,1.8913345340377095,-0.1835206035186899,2.708537378593481,0.0,172.0,15,0.11678832116788321,-0.006118286879673691,0.20246027678113787,0.17028785224808587,0.08613861386138613,0.0,0.07692307692307693,0.06965174129353234,0.043069306930693066,0.0689108910891089,0.635036496350365,0.17316680714121524,Josh Jacobs,RB,242.70000000000002,333.3
00-0035700,2022,REG,0,0,0.0,0,0.0,0.0,0.0,0,0,0.0,0.0,0.0,0.0,0,0.0,0.0,340,1653.0,12,2.0,0.0,93.0,-0.7340852129001023,0,53,64,400.0,0,1.0,1.0,35.0,374.0,16.0,2.3078707481733183,0,5.434469696969697,1.9650771764152417,0.05784303080066495,2.988105886183328,0.0,275.3,17,0.10921501706484642,0.006531069229333831,0.2101123595505618,0.16904738098073668,0.09564801530368244,0.0,0.08290155440414508,0.07239819004524888,0.04782400765184122,0.07651841224294596,0.6825938566552902,0.22452775992011928,Josh Jacobs,RB,333.3,181.1
00-0035700,2023,REG,0,0,0.0,0,0.0,1.0,4.0,0,0,0.0,0.0,0.0,-1.076406596112065,0,0.0,0.0,233,805.0,6,2.0,1.0,34.0,-44.319291594730835,0,37,54,296.0,0,1.0,0.0,38.0,293.0,15.0,-0.39654857995169746,0,-15.428553391053391,1.755214730213133,0.07432392301073357,2.684848841427213,0.0,144.1,13,0.12826603325415678,0.012044374009508717,0.22819314641744548,0.20203454908884216,0.10567654409139593,0.0,0.1111111111111111,0.10273972602739725,0.052838272045697965,0.08454123527311674,0.7030878859857482,0.2059264986809788,Josh Jacobs,RB,181.1,314.20000000000005
00-0035703,2020,REG,0,0,0.0,0,0.0,0.0,0.0,0,0,0.0,0.0,0.0,0.0,0,0.0,0.0,0,0.0,0,0.0,0.0,0.0,0.0,0,19,33,266.0,4,0.0,0.0,383.0,80.0,14.0,10.527551754531254,0,11.081156793398172,1.418041777449504,1.9613717866981577,3.5000229168629664,0.0,50.6,13,0.10153846153846154,0.13448033707865167,0.08602150537634409,0.25989196197061365,0.11204717775905644,0.17391304347826086,0.11570247933884298,0.125,0.14298011061865865,0.12442035090289733,0.8184615384615385,0.060460752632127586,Miles Boykin,WR,74.6,1.6
00-0035703,2021,REG,0,0,0.0,0,0.0,0.0,0.0,0,0,0.0,0.0,0.0,0.0,0,0.0,0.0,0,0.0,0,0.0,0.0,0.0,0.0,0,1,1,6.0,0,0.0,0.0,6.0,0.0,0.0,0.08530826517380774,0,1.0,0.037037037037037035,0.0335195530726257,0.07901924270639354,0.0,0.6000000000000001,1,0.037037037037037035,0.0335195530726257,0.0,0.08237119801365611,0.03592814371257485,0.0,0.0,0.0,0.017964071856287425,0.02874251497005988,0.2222222222222222,0.018805829807240243,Miles Boykin,WR,1.6,3.1
00-0035703,2022,REG,0,0,0.0,0,0.0,0.0,0.0,0,0,0.0,0.0,0.0,0.0,0,0.0,0.0,0,0.0,0,0.0,0.0,0.0,0.0,0,2,3,11.0,0,0.0,0.0,46.0,0.0,1.0,-0.8803758839494549,0,1.0,0.09425391778332955,0.14658210007047218,0.24398834672432482,0.0,1.1,3,0.026785714285714284,0.05623471882640587,0.0,0.08516634648969612,0.015714285714285715,0.0,0.027777777777777776,0.02702702702702703,0.007857142857142858,0.012571428571428574,0.09821428571428571,0.013808463251670379,Miles Boykin,WR,3.1,4.7
00-0035704,2020,REG,254,443,2933.0,16,15.0,19.0,123.0,4,3,3908.0,1394.0,145.0,-33.71887464963784,1,10.294893663641915,0.5224078167090546,44,160.0,3,4.0,0.0,13.0,1.3622140979858361,0,0,0,0.0,0,0.0,0.0,0.0,0.0,0.0,0.0,0,0.0,0.0,0.0,0.0,0.0,181.32,13,0.0,0.0,0.0,0.0,0.0,0.0,0.0,0.0,0.0,0.0,0.0,0.16538363311321097,Drew Lock,QB,208.65,59.75
00-0035704,2023,REG,48,76,543.0,3,3.0,6.0,26.0,0,0,621.0,305.0,20.0,-0.653722791097846,0,3.280493979390264,0.10063268661895441,5,14.0,0,0.0,0.0,1.0,-0.21092454198515043,0,0,0,0.0,0,0.0,0.0,0.0,0.0,0.0,0.0,0,0.0,0.0,0.0,0.0,0.0,29.119999999999997,4,0.0,0.0,0.0,0.0,0.0,0.0,0.0,0.0,0.0,0.0,0.0,0.09741085167592158,Drew Lock,QB,34.550000000000004,88.85000000000001
00-0035710,2020,REG,280,448,2943.0,11,10.0,45.0,286.0,8,4,3402.0,1114.0,158.0,-23.480688355243792,1,12.462900346382863,0.8112978602654629,65,423.0,1,3.0,2.0,17.0,-0.7701259768491839,0,0,0,0.0,0,0.0,0.0,0.0,0.0,0.0,0.0,0,0.0,0.0,0.0,0.0,0.0,180.02,14,0.0,0.0,0.0,0.0,0.0,0.0,0.0,0.0,0.0,0.0,0.0,0.17880413190305922,Daniel Jones,QB,207.45000000000002,188.8
00-0035710,2021,REG,232,361,2428.0,10,7.0,22.0,160.0,5,2,2640.0,1098.0,116.0,-12.451881251377383,1,10.86117409747734,0.7854876644269524,62,298.0,2,2.0,1.0,16.0,5.521667821375422,2,1,1,16.0,0,0.0,0.0,13.0,3.0,1.0,0.9808847262756899,0,1.2307692307692308,0.030303030303030304,0.06132075471698113,0.08837907375643225,0.0,166.52,11,0.002564102564102564,0.004464285714285714,0.0024916943521594683,0.007417582417582417,0.006017299736743136,0.0,0.007751937984496124,0.007142857142857143,0.003008649868371568,0.004813839789394509,0.041025641025641026,0.19612250632200057,Daniel Jones,QB,188.8,355.05
00-0035710,2022,REG,317,472,3205.0,15,5.0,44.0,243.0,4,2,3031.0,1596.0,156.0,19.949247770812455,2,18.074418121612993,1.8453845276289633,120,708.0,7,2.0,1.0,57.0,39.27639706202617,0,0,0,0.0,0,0.0,0.0,0.0,0.0,0.0,0.0,0,0.0,0.0,0.0,0.0,0.0,289.0,16,0.0,0.0,0.0,0.0,0.0,0.0,0.0,0.0,0.0,0.0,0.0,0.22493423203250262,Daniel Jones,QB,355.05,66.05000000000001
00-0035710,2023,REG,108,160,909.0,2,6.0,30.0,167.0,3,1,1096.0,440.0,43.0,-60.455004205716946,0,4.9754841300906465,0.28032331149284845,40,206.0,1,1.0,0.0,15.0,5.834527820233806,0,0,0,0.0,0,0.0,0.0,0.0,0.0,0.0,0.0,0,0.0,0.0,0.0,0.0,0.0,56.96000000000001,6,0.0,0.0,0.0,0.0,0.0,0.0,0.0,0.0,0.0,0.0,0.0,0.14793268231872014,Daniel Jones,QB,66.05000000000001,156.0
00-0035719,2020,REG,0,0,0.0,0,0.0,0.0,0.0,0,0,0.0,0.0,0.0,0.0,0,0.0,0.0,8,26.0,0,0.0,0.0,1.0,-1.6305425080277183,0,33,44,391.0,1,0.0,0.0,110.0,398.0,19.0,10.135529147577472,0,21.13782804543674,1.302364332224447,0.2490192611684135,2.1278599811545598,0.0,47.7,7,0.17120622568093385,0.06879299562226392,0.35953026196928634,0.3118437350192119,0.2077577045696068,0.1111111111111111,0.19387755102040816,0.18691588785046728,0.15943440784035895,0.18842838587790767,1.5214007782101167,0.12755263324271351,Deebo Samuel,WR,80.7,390.3
00-0035719,2021,REG,1,2,24.0,1,0.0,0.0,0.0,0,0,39.0,0.0,1.0,2.0177336357883178,0,1.0,0.0,59,365.0,8,0.0,0.0,21.0,20.849417409073794,0,77,121,1405.0,6,4.0,2.0,1029.0,780.0,51.0,55.31051865615727,0,22.455835197133734,4.19285525655663,4.623942092148814,9.526042349339114,0.0,261.96000000000004,16,0.25,0.27186261558784675,0.37338439444710386,0.5924900924702774,0.33953600773320447,0.25,0.2698412698412698,0.2676056338028169,0.29476800386660224,0.3216288061865636,2.902892561983471,0.23444135507877883,Deebo Samuel,WR,390.3,209.9
00-0035719,2022,REG,0,0,0.0,0,0.0,0.0,0.0,0,0,0.0,0.0,0.0,0.0,0,0.0,0.0,42,232.0,3,3.0,2.0,8.0,-8.38175346760545,0,56,94,632.0,2,0.0,0.0,396.0,493.0,25.0,8.942731833136001,0,24.998538034564195,3.1122616485979924,1.6820935190568753,5.8458579362368015,0.0,112.4,13,0.23325062034739455,0.14743112434847358,0.2894891368173811,0.46782082999987074,0.20755336617405584,0.09523809523809523,0.1724137931034483,0.16265060240963855,0.15139573070607554,0.1850903119868637,1.5682382133995036,0.14930401631350296,Deebo Samuel,WR,209.9,272.8
00-0035719,2023,REG,0,1,0.0,0,0.0,0.0,0.0,0,0,11.0,0.0,0.0,-0.4431877873139456,0,0.0,0.0,37,225.0,5,0.0,0.0,13.0,10.294309177160946,0,60,89,892.0,7,1.0,0.0,586.0,527.0,34.0,40.88798277876375,0,136.54245335144307,3.0852695887990005,2.5213000859368266,6.392814443354279,0.0,183.7,15,0.2069767441860465,0.16704675028506272,0.2786885245901639,0.44410251650711996,0.2263959390862944,0.22580645161290322,0.18888888888888888,0.1943127962085308,0.22610119534959883,0.22627804159161619,2.074418604651163,0.16228274622094957,Deebo Samuel,WR,272.8,155.60000000000002
00-0035726,2020,REG,0,0,0.0,0,0.0,0.0,0.0,0,0,0.0,0.0,0.0,0.0,0,0.0,0.0,0,0.0,0,0.0,0.0,0.0,0.0,0,8,9,35.0,1,1.0,0.0,15.0,20.0,3.0,1.6642115572176408,0,11.0,0.3685142809766613,0.12613547185825869,0.6410662517657729,0.0,9.5,7,0.04522613065326633,0.010337698139214336,0.030349013657056147,0.07610935449127097,0.023712737127371274,0.16666666666666666,0.038461538461538464,0.047619047619047616,0.09518970189701896,0.05230352303523035,0.17587939698492464,0.03118651316961899,Jakob Johnson,RB,17.5,8.3
00-0035726,2021,REG,0,0,0.0,0,0.0,0.0,0.0,0,0,0.0,0.0,0.0,0.0,0,0.0,0.0,0,0.0,0,0.0,0.0,0.0,0.0,0,4,5,43.0,0,0.0,0.0,10.0,34.0,2.0,2.8324123158236034,0,10.65,0.14108159392789374,0.030036618742023426,0.232648024011257,0.0,4.300000000000001,3,0.046296296296296294,0.010121457489878543,0.08877284595300261,0.07754161043634727,0.055627425614489,0.0,0.058823529411764705,0.05405405405405406,0.0278137128072445,0.0445019404915912,0.39814814814814814,0.028807441343884493,Jakob Johnson,RB,8.3,6.0
00-0035726,2022,REG,0,0,0.0,0,0.0,0.0,0.0,0,0,0.0,0.0,0.0,0.0,0,0.0,0.0,0,0.0,0,0.0,0.0,0.0,0.0,0,5,6,10.0,0,0.0,0.0,7.0,7.0,0.0,-3.5758745518978685,0,9.0,0.20245661406652118,0.02483247407073845,0.3210676529492987,0.0,1.0,6,0.030612244897959183,0.003878116343490305,0.011570247933884297,0.04902086042173102,0.006693440428380187,0.0,0.0,0.0,0.0033467202141900937,0.005354752342704151,0.05102040816326531,0.011435977585483934,Jakob Johnson,RB,6.0,2.2
00-0035752,2020,REG,11,16,105.0,1,1.0,2.0,10.0,1,0,106.0,98.0,5.0,-13.41810537604033,0,0.9905660377358491,0.020533652127296242,4,15.0,0,0.0,0.0,2.0,0.9683568106847815,0,0,0,0.0,0,0.0,0.0,0.0,0.0,0.0,0.0,0,0.0,0.0,0.0,0.0,0.0,7.699999999999999,2,0.0,0.0,0.0,0.0,0.0,0.0,0.0,0.0,0.0,0.0,0.0,0.04971590909090909,Chris Streveler,QB,8.75,2.4000000000000004
00-0035752,2021,REG,6,9,36.0,0,0.0,2.0,17.0,0,0,38.0,22.0,1.0,-4.2565559186041355,0,0.9473684210526315,0.004680442008339794,3,6.0,0,1.0,0.0,0.0,-5.706268456298858,0,0,0,0.0,0,0.0,0.0,0.0,0.0,0.0,0.0,0,0.0,0.0,0.0,0.0,0.0,2.04,2,0.0,0.0,0.0,0.0,0.0,0.0,0.0,0.0,0.0,0.0,0.0,0.013394615889691397,Chris Streveler,QB,2.4000000000000004,9.9
00-0035771,2021,REG,0,0,0.0,0,0.0,0.0,0.0,0,0,0.0,0.0,0.0,0.0,0,0.0,0.0,0,0.0,0,0.0,0.0,0.0,0.0,0,3,5,16.0,0,0.0,0.0,19.0,8.0,0.0,-1.8508235491462983,0,0.8421052631578947,0.1724137931034483,0.11585365853658537,0.3397182506307822,0.0,1.6,1,0.1724137931034483,0.11585365853658537,0.07339449541284404,0.35130361648444075,0.11764705882352941,0.0,0.0,0.0,0.058823529411764705,0.09411764705882353,0.5517241379310345,0.08856372737774354,Mitchell Wilcox,TE,4.6,40.8
00-0035771,2022,REG,0,0,0.0,0,0.0,0.0,0.0,0,0,0.0,0.0,0.0,0.0,0,0.0,0.0,0,0.0,0,0.0,0.0,0.0,0.0,0,17,18,139.0,1,0.0,0.0,81.0,74.0,6.0,9.272113411920145,0,17.70175438596491,0.4615780819968055,0.32454373517821006,0.9195477376199552,0.0,19.9,9,0.05357142857142857,0.034220532319391636,0.06330196749358426,0.10773356871265616,0.05352329611089719,0.045454545454545456,0.048,0.047619047619047616,0.049488920782721324,0.05190954597962685,0.41369047619047616,0.040201333507648054,Mitchell Wilcox,TE,40.8,14.6
00-0035806,2020,REG,0,0,0.0,0,0.0,0.0,0.0,0,0,0.0,0.0,0.0,0.0,0,0.0,0.0,39,148.0,1,1.0,0.0,7.0,0.03020553814712912,0,7,8,33.0,0,0.0,0.0,-19.0,47.0,0.0,-2.038758525683079,0,-2.257142857142857,0.23492700926524457,-0.10544736861959568,0.2785773558641499,0.0,24.1,6,0.03827751196172249,-0.013888888888888888,0.04795918367346939,0.04630515683147261,0.01887871853546911,0.0,0.0,0.0,0.009439359267734555,0.015102974828375288,0.15789473684210525,0.05451167356096193,Jamycal Hasty,RB,31.1,53.1
00-0035806,2021,REG,0,0,0.0,0,0.0,0.0,0.0,0,0,0.0,0.0,0.0,0.0,0,0.0,0.0,16,68.0,1,0.0,0.0,6.0,2.67652474904483,0,23,29,157.0,0,1.0,0.0,70.0,128.0,7.0,-2.362093818868426,0,-12.199299719887955,0.9546956207282293,0.2680539788009656,1.6196812162530199,0.0,28.5,10,0.09446254071661238,0.028949545078577336,0.0893854748603352,0.16485344713778044,0.05649514213745952,0.0,0.056910569105691054,0.051094890510948905,0.02824757106872976,0.04519611370996762,0.511400651465798,0.056292766106289485,Jamycal Hasty,RB,53.1,75.3
00-0035806,2022,REG,0,0,0.0,0,0.0,0.0,0.0,0,0,0.0,0.0,0.0,0.0,0,0.0,0.0,46,194.0,2,0.0,0.0,7.0,-7.001697056461126,0,20,26,126.0,1,0.0,0.0,-34.0,134.0,7.0,5.571410241699993,0,-19.428216374269006,0.8501881159166765,-0.22006472552538586,1.1212368660072447,0.0,50.0,14,0.053061224489795916,-0.009670079635949944,0.07745664739884393,0.07185577302593392,0.036490008688097306,0.047619047619047616,0.040697674418604654,0.04145077720207254,0.04205452815357246,0.03871581647428737,0.2571428571428571,0.05583829230548332,Jamycal Hasty,RB,75.3,0.0
00-0035806,2023,REG,0,0,0.0,0,0.0,0.0,0.0,0,0,0.0,0.0,0.0,0.0,0,0.0,0.0,0,0.0,0,0.0,0.0,0.0,0.0,0,0,2,0.0,0,0.0,0.0,24.0,0.0,0.0,-2.368442854003763,0,0.0,0.06666666666666667,0.1340782122905028,0.19385474860335195,0.0,0.0,1,0.06666666666666667,0.1340782122905028,0.0,0.20726256983240224,0.0,0.0,0.0,0.0,0.0,0.0,0.0,0.0,Jamycal Hasty,RB,0.0,28.8
00-0035823,2020,REG,0,0,0.0,0,0.0,0.0,0.0,0,0,0.0,0.0,0.0,0.0,0,0.0,0.0,0,0.0,0,0.0,0.0,0.0,0.0,0,1,4,10.0,0,0.0,0.0,45.0,3.0,1.0,-3.1824376140721142,1,0.30303030303030304,0.12121212121212122,0.14085072231139645,0.28041368743615935,0.0,3.0,3,0.04040404040404041,0.04782146652497343,0.012295081967213115,0.09886323382603936,0.017889087656529516,0.0,0.037037037037037035,0.03225806451612903,0.008944543828264758,0.014311270125223614,0.10101010101010101,0.018218254691200583,Ben Ellefson,TE,2.0,0.0
00-0035823,2021,REG,0,0,0.0,0,0.0,0.0,0.0,0,0,0.0,0.0,0.0,0.0,0,0.0,0.0,0,0.0,0,0.0,0.0,0.0,0.0,0,0,1,0.0,0,0.0,0.0,7.0,0.0,0.0,-0.5103772976435721,0,0.0,0.03225806451612903,0.028225806451612902,0.06814516129032258,0.0,0.0,1,0.029411764705882353,0.027559055118110236,0.0,0.06616489115331171,0.0,0.0,0.0,0.0,0.0,0.0,0.0,0.0,Ben Ellefson,TE,0.0,5.6000000000000005
00-0035831,2020,REG,0,0,0.0,0,0.0,1.0,4.0,1,1,0.0,0.0,0.0,-4.40899270621594,0,0.0,0.0,240,1070.0,7,1.0,0.0,54.0,-13.36011026520282,1,49,60,344.0,3,1.0,0.0,-49.0,383.0,15.0,8.38715294143185,0,-24.935642618251315,1.6760772173653373,-0.18628645320108284,2.383715308807248,0.0,201.4,14,0.11173184357541899,-0.011332099907493062,0.248378728923476,0.15853208543713404,0.09876543209876543,0.14285714285714285,0.08333333333333333,0.08955223880597014,0.12081128747795414,0.10758377425044091,0.6405959031657356,0.20734999420347458,James Robinson,RB,248.4,173.9
00-0035831,2021,REG,0,0,0.0,0,0.0,0.0,0.0,0,0,0.0,0.0,0.0,0.0,0,0.0,0.0,164,767.0,8,2.0,2.0,41.0,-11.25241631130478,0,31,46,222.0,0,2.0,0.0,40.0,230.0,9.0,-3.4885764953505713,0,11.903302987861812,1.333024678573459,0.18975678335570723,2.1323667662091834,0.0,142.9,14,0.08897485493230174,0.009567089213106911,0.16487455197132617,0.14111595376893815,0.07145156099130995,0.0,0.05844155844155844,0.05521472392638037,0.035725780495654974,0.05716124879304796,0.42940038684719534,0.16908447417548228,James Robinson,RB,173.9,88.60000000000001
00-0035831,2022,REG,0,0,0.0,0,0.0,0.0,0.0,0,0,0.0,0.0,0.0,0.0,0,0.0,0.0,110,425.0,3,1.0,0.0,22.0,-14.688569113553967,0,11,14,51.0,2,0.0,0.0,1.0,63.0,5.0,1.595253336126916,0,13.844444444444445,0.42515561693688264,-0.06299423200612429,0.593637463001037,0.0,77.6,11,0.035623409669211195,0.000315955766192733,0.046153846153846156,0.053687879116770976,0.01915852742299023,0.16666666666666666,0.03787878787878788,0.04861111111111111,0.09291259704482845,0.04866015527172552,0.1297709923664122,0.09885303699736689,James Robinson,RB,88.60000000000001,1.0
00-0035860,2020,REG,0,0,0.0,0,0.0,0.0,0.0,0,0,0.0,0.0,0.0,0.0,0,0.0,0.0,3,13.0,0,0.0,0.0,1.0,0.4286583752837032,0,0,0,0.0,0,0.0,0.0,0.0,0.0,0.0,0.0,0,0.0,0.0,0.0,0.0,0.0,1.3,1,0.0,0.0,0.0,0.0,0.0,0.0,0.0,0.0,0.0,0.0,0.0,0.012777668566935324,Tony Jones,RB,1.3,22.1
00-0035860,2021,REG,0,0,0.0,0,0.0,0.0,0.0,0,0,0.0,0.0,0.0,0.0,0,0.0,0.0,54,142.0,0,0.0,0.0,7.0,-18.68990231474163,0,5,8,29.0,0,0.0,0.0,1.0,28.0,2.0,-1.5437731991405599,0,-2.5,0.35648192387322825,-0.01999791207643998,0.5207243473563343,0.0,17.1,10,0.03162055335968379,0.0005878894767783657,0.03329369797859691,0.047901141620948384,0.016939252336448597,0.0,0.023529411764705882,0.019801980198019802,0.008469626168224298,0.013551401869158878,0.11462450592885376,0.0311057313365612,Tony Jones,RB,22.1,10.4
00-0035860,2022,REG,0,0,0.0,0,0.0,0.0,0.0,0,0,0.0,0.0,0.0,0.0,0,0.0,0.0,10,24.0,0,0.0,0.0,3.0,-3.5348076017107815,0,5,8,30.0,0,0.0,0.0,-22.0,34.0,0.0,-5.515736845671199,0,-7.384615384615385,0.21366366366366368,-0.07151181581398887,0.2704372244257033,0.0,5.4,3,0.06956521739130435,-0.018456375838926176,0.13229571984435798,0.08958272541581559,0.03460207612456748,0.0,0.0,0.0,0.01730103806228374,0.027681660899653984,0.2608695652173913,0.038379216178315745,Tony Jones,RB,10.4,32.2
00-0035860,2023,REG,0,0,0.0,0,0.0,0.0,0.0,0,0,0.0,0.0,0.0,0.0,0,0.0,0.0,26,95.0,2,0.0,0.0,7.0,1.6878569997206796,0,7,10,37.0,0,0.0,0.0,-18.0,44.0,1.0,-4.623583573488871,0,-21.384615384615383,0.3609533468559838,-0.28359450073735787,0.3429138697678251,0.0,25.2,6,0.053763440860215055,-0.011278195488721804,0.08610567514677103,0.07162260489934513,0.029225908372827805,0.0,0.017543859649122806,0.016666666666666666,0.014612954186413903,0.023380726698262244,0.1989247311827957,0.07973454833597464,Tony Jones,RB,32.2,11.5
00-0035864,2020,REG,1,9,13.0,0,2.0,1.0,1.0,0,0,134.0,16.0,1.0,-11.930539221095387,0,0.09701492537313433,-0.1289627261782884,2,7.0,0,0.0,0.0,0.0,-1.4086186905624345,0,0,0,0.0,0,0.0,0.0,0.0,0.0,0.0,0.0,0,0.0,0.0,0.0,0.0,0.0,-2.78,1,0.0,0.0,0.0,0.0,0.0,0.0,0.0,0.0,0.0,0.0,0.0,-0.3151927437641723,Kendall Hinton,WR,-2.65,38.55
00-0035864,2021,REG,1,1,1.0,0,0.0,0.0,0.0,0,0,-5.0,6.0,0.0,-3.1306644288706593,0,0.0,0.0,0,0.0,0,0.0,0.0,0.0,0.0,0,15,23,175.0,1,0.0,0.0,185.0,57.0,10.0,10.06909498119787,0,10.669612575362926,0.6922316886671107,0.6737359257487203,1.5099626810247702,0.0,23.540000000000003,10,0.06647398843930635,0.0628823929299796,0.049479166666666664,0.1500168970029432,0.07267441860465117,0.06666666666666667,0.09090909090909091,0.088,0.06967054263565892,0.07147286821705427,0.5057803468208093,0.046438210911895116,Kendall Hinton,WR,38.55,56.4
00-0035891,2021,REG,0,0,0.0,0,0.0,0.0,0.0,0,0,0.0,0.0,0.0,0.0,0,0.0,0.0,0,0.0,0,0.0,0.0,0.0,0.0,0,5,6,33.0,0,0.0,0.0,38.0,14.0,3.0,2.2627104824059643,0,3.9743589743589745,0.14591133004926107,0.16711959701299986,0.3358507129829915,0.0,3.3000000000000003,3,0.047619047619047616,0.052269601100412656,0.03167420814479638,0.11324425230890156,0.043137254901960784,0.0,0.07317073170731707,0.06666666666666667,0.021568627450980392,0.034509803921568626,0.2619047619047619,0.03263861580810067,Cody White,WR,8.3,1.2
00-0035908,2020,REG,0,0,0.0,0,0.0,0.0,0.0,0,0,0.0,0.0,0.0,0.0,0,0.0,0.0,2,7.0,0,0.0,0.0,1.0,0.139693085802719,0,5,7,25.0,2,0.0,0.0,6.0,23.0,2.0,1.1054906639204902,0,13.5,0.20784262485481997,0.026753029793433435,0.33049105813763335,0.0,15.200000000000001,8,0.023809523809523808,0.0026690391459074734,0.01954120645709431,0.03784951703101169,0.010912265386294195,0.1,0.017543859649122806,0.029850746268656716,0.0554561326931471,0.02872981230903536,0.08503401360544217,0.023457277562301135,Gabe Nabers,RB,20.2,5.5
00-0035924,2020,REG,0,0,0.0,0,0.0,0.0,0.0,0,0,0.0,0.0,0.0,0.0,0,0.0,0.0,0,0.0,0,0.0,0.0,0.0,0.0,0,1,1,11.0,1,0.0,0.0,-4.0,15.0,1.0,2.200480377068743,0,-2.75,0.037037037037037035,-0.018779342723004695,0.042410015649452265,0.0,7.1,1,0.037037037037037035,-0.018779342723004695,0.10416666666666667,0.040532081377151793,0.057291666666666664,1.0,0.1,0.18181818181818182,0.5286458333333334,0.24583333333333335,0.4074074074074074,0.13803680981595093,Jonathan Ward,RB,8.1,9.700000000000001
00-0035924,2021,REG,0,0,0.0,0,0.0,0.0,0.0,0,0,0.0,0.0,0.0,0.0,0,0.0,0.0,9,33.0,0,0.0,0.0,3.0,2.8256944660679437,0,3,4,34.0,0,0.0,0.0,13.0,26.0,1.0,3.3386069641564973,0,-8.189473684210526,0.09433471933471933,0.036931081714055,0.16735383620191752,0.0,6.7,6,0.017467248908296942,0.007497116493656286,0.03571428571428571,0.03219856655737044,0.021601016518424398,0.0,0.013157894736842105,0.011363636363636364,0.010800508259212199,0.01728081321473952,0.14847161572052403,0.016593677295743806,Jonathan Ward,RB,9.700000000000001,5.2
00-0035924,2022,REG,0,0,0.0,0,0.0,0.0,0.0,0,0,0.0,0.0,0.0,0.0,0,0.0,0.0,5,25.0,0,0.0,0.0,2.0,-0.8732554130256176,0,2,3,7.0,0,0.0,0.0,4.0,4.0,1.0,-0.6592039366951212,0,4.333333333333333,0.10038986354775828,0.014648033126293996,0.1608384185100432,0.0,3.2,2,0.04411764705882353,0.007434944237918215,0.018779342723004695,0.07212442597856987,0.0170316301703163,0.0,0.04,0.037037037037037035,0.00851581508515815,0.013625304136253041,0.10294117647058823,0.038823353740480814,Jonathan Ward,RB,5.2,1.1
00-0035924,2023,REG,0,0,0.0,0,0.0,0.0,0.0,0,0,0.0,0.0,0.0,0.0,0,0.0,0.0,3,11.0,0,0.0,0.0,1.0,-1.8184193623019382,0,0,0,0.0,0,0.0,0.0,0.0,0.0,0.0,0.0,0,0.0,0.0,0.0,0.0,0.0,1.1,1,0.0,0.0,0.0,0.0,0.0,0.0,0.0,0.0,0.0,0.0,0.0,0.02337441563960901,Jonathan Ward,RB,1.1,2.2
00-0035956,2021,REG,0,0,0.0,0,0.0,0.0,0.0,0,0,0.0,0.0,0.0,0.0,0,0.0,0.0,0,0.0,0,0.0,0.0,0.0,0.0,0,0,2,0.0,0,0.0,0.0,23.0,0.0,0.0,-0.9652951182797551,0,0.0,0.05103359173126615,0.07601514507591856,0.1297609891500422,0.0,0.0,2,0.024096385542168676,0.03372434017595308,0.0,0.06312405045401548,0.0,0.0,0.0,0.0,0.0,0.0,0.0,0.0,Giovanni Ricci,RB,0.0,18.0
00-0035956,2022,REG,0,0,0.0,0,0.0,0.0,0.0,0,0,0.0,0.0,0.0,0.0,0,0.0,0.0,0,0.0,0,0.0,0.0,0.0,0.0,0,8,9,100.0,0,0.0,0.0,55.0,52.0,3.0,3.742291119184125,0,10.576114081996435,0.32346176821983275,0.2104176008587773,0.6324849729308932,0.0,10.0,6,0.05027932960893855,0.04150943396226415,0.08360128617363344,0.10862654158321915,0.0831255195344971,0.0,0.061224489795918366,0.05357142857142857,0.04156275976724855,0.06650041562759768,0.5586592178770949,0.04266211604095563,Giovanni Ricci,TE,18.0,1.2
00-0035957,2020,REG,0,0,0.0,0,0.0,0.0,0.0,0,0,0.0,0.0,0.0,0.0,0,0.0,0.0,41,156.0,1,1.0,0.0,14.0,2.0707642315828707,0,9,11,59.0,0,0.0,0.0,16.0,46.0,1.0,-1.757329558080528,0,2.7142857142857135,0.3350997450262156,0.06249678269418732,0.5463973654252545,0.0,27.5,7,0.04602510460251046,0.008020050125313283,0.060927152317880796,0.07545369700401632,0.03507728894173603,0.0,0.014285714285714285,0.013333333333333334,0.017538644470868014,0.028061831153388825,0.24686192468619247,0.06784638834157404,Rodney Smith,RB,36.5,9.8
00-0035973,2021,REG,0,0,0.0,0,0.0,0.0,0.0,0,0,0.0,0.0,0.0,0.0,0,0.0,0.0,23,89.0,1,0.0,0.0,5.0,0.28852563770487905,0,2,2,3.0,0,0.0,0.0,-2.0,5.0,1.0,1.017791824939195,0,-1.5,0.05714285714285714,-0.009259259259259259,0.07923280423280424,0.0,15.200000000000003,4,0.013605442176870748,-0.002068252326783868,0.0066844919786096255,0.018753561403879026,0.0023885350318471337,0.0,0.017241379310344827,0.014925373134328358,0.0011942675159235668,0.001910828025477707,0.02040816326530612,0.039042992690788585,Patrick Taylor,RB,17.200000000000003,5.800000000000001
00-0035973,2022,REG,0,0,0.0,0,0.0,0.0,0.0,0,0,0.0,0.0,0.0,0.0,0,0.0,0.0,10,31.0,0,0.0,0.0,2.0,-1.8930698858457617,0,1,1,17.0,0,0.0,0.0,0.0,17.0,1.0,2.6245533504989,0,0.0,0.02631578947368421,0.0,0.039473684210526314,0.0,4.800000000000001,4,0.007936507936507936,0.0,0.04187192118226601,0.011904761904761904,0.0208078335373317,0.0,0.02127659574468085,0.0196078431372549,0.01040391676866585,0.01664626682986536,0.1349206349206349,0.017216813108525294,Patrick Taylor,RB,5.800000000000001,30.6
00-0035973,2023,REG,0,0,0.0,0,0.0,0.0,0.0,0,0,0.0,0.0,0.0,0.0,0,0.0,0.0,32,141.0,0,0.0,0.0,7.0,-3.3051724425286197,0,11,17,49.0,0,0.0,0.0,-8.0,59.0,4.0,-5.777341604611138,0,26.666666666666668,0.5139904837866262,-0.05893420005197403,0.7297317856435573,0.0,19.0,10,0.05089820359281437,-0.0027100271002710027,0.053636363636363635,0.07417928370900474,0.020536462699077954,0.0,0.03278688524590164,0.027972027972027972,0.010268231349538977,0.016429170159262364,0.1467065868263473,0.03332814895460706,Patrick Taylor,RB,30.6,29.8
00-0035993,2020,REG,3,5,15.0,0,0.0,0.0,0.0,0,0,62.0,10.0,0.0,-3.533176612108946,0,1.7228070175438597,0.0,10,23.0,0,1.0,0.0,1.0,-5.9433903328026645,0,0,0,0.0,0,0.0,0.0,0.0,0.0,0.0,0.0,0,0.0,0.0,0.0,0.0,0.0,2.9000000000000004,2,0.0,0.0,0.0,0.0,0.0,0.0,0.0,0.0,0.0,0.0,0.0,0.013288123167155426,Tyler Huntley,QB,9.25,95.45
00-0035993,2021,REG,122,188,1081.0,3,4.0,18.0,107.0,3,2,1407.0,446.0,55.0,-28.803212040843036,0,4.508019500592231,0.22703524975028272,47,294.0,2,0.0,0.0,22.0,15.720750949055612,0,0,0,0.0,0,0.0,0.0,0.0,0.0,0.0,0.0,0,0.0,0.0,0.0,0.0,0.0,84.64000000000001,7,0.0,0.0,0.0,0.0,0.0,0.0,0.0,0.0,0.0,0.0,0.0,0.14873128558374923,Tyler Huntley,QB,95.45,75.30000000000001
00-0035993,2022,REG,75,112,658.0,2,3.0,7.0,34.0,0,0,830.0,250.0,31.0,-7.170331097120181,0,4.158607738910413,0.315839204699903,43,137.0,1,3.0,0.0,12.0,-3.8462816396851816,1,0,0,0.0,0,0.0,0.0,0.0,0.0,0.0,0.0,0,0.0,0.0,0.0,0.0,0.0,50.02,5,0.0,0.0,0.0,0.0,0.0,0.0,0.0,0.0,0.0,0.0,0.0,0.17681159420289855,Tyler Huntley,QB,75.30000000000001,27.650000000000002
00-0035993,2023,REG,21,37,203.0,3,0.0,4.0,28.0,0,0,249.0,78.0,13.0,3.800454755120649,0,2.976470588235294,0.2733606740908522,15,55.0,0,0.0,0.0,3.0,-5.004798809794011,0,0,0,0.0,0,0.0,0.0,0.0,0.0,0.0,0.0,0,0.0,0.0,0.0,0.0,0.0,25.619999999999997,5,0.0,0.0,0.0,0.0,0.0,0.0,0.0,0.0,0.0,0.0,0.0,0.048738728455655744,Tyler Huntley,QB,27.650000000000002,68.95
00-0036020,2020,REG,0,0,0.0,0,0.0,0.0,0.0,0,0,0.0,0.0,0.0,0.0,0,0.0,0.0,75,319.0,3,0.0,0.0,18.0,-2.7333795139691244,0,11,14,61.0,0,0.0,0.0,-7.0,71.0,2.0,-3.2334593537962064,1,4.037012987012987,0.40408805116182983,0.028544774345664218,0.6261134187847097,0.0,58.00000000000001,6,0.06635071090047394,-0.0044585987261146496,0.1143317230273752,0.09595918736981918,0.04262753319357093,0.0,0.0273972602739726,0.024691358024691357,0.021313766596785466,0.034102026554856744,0.2890995260663507,0.13139353315306396,Salvon Ahmed,RB,67.0,38.6
00-0036020,2021,REG,0,0,0.0,0,0.0,0.0,0.0,0,0,0.0,0.0,0.0,0.0,0,0.0,0.0,54,149.0,0,0.0,0.0,8.0,-11.964867631730158,0,12,19,117.0,0,0.0,0.0,41.0,123.0,4.0,1.7276944701734465,0,10.410557184750733,0.5359080023963547,0.1569034423061099,0.9136944132088091,0.0,26.6,11,0.045454545454545456,0.013912453342382083,0.10173697270471464,0.07931178085572385,0.0427007299270073,0.0,0.028169014084507043,0.025477707006369428,0.02135036496350365,0.034160583941605836,0.2799043062200957,0.04256726951918835,Salvon Ahmed,RB,38.6,22.0
00-0036020,2022,REG,0,0,0.0,0,0.0,0.0,0.0,0,0,0.0,0.0,0.0,0.0,0,0.0,0.0,12,64.0,1,0.0,0.0,4.0,3.2572496760985814,0,1,1,8.0,0,0.0,0.0,1.0,7.0,0.0,0.17060761532047763,0,8.0,0.025,0.0031446540880503146,0.039701257861635225,0.0,13.200000000000001,6,0.005050505050505051,0.0005675368898978433,0.013333333333333334,0.008029787087675851,0.005405405405405406,0.0,0.0,0.0,0.002702702702702703,0.004324324324324324,0.04040404040404041,0.025808796801163214,Salvon Ahmed,RB,22.0,42.9
00-0036032,2021,REG,0,0,0.0,0,0.0,0.0,0.0,0,0,0.0,0.0,0.0,0.0,0,0.0,0.0,0,0.0,0,0.0,0.0,0.0,0.0,0,4,6,27.0,1,0.0,0.0,27.0,10.0,2.0,0.24308577692136168,0,6.487179487179487,0.15697423144231654,0.1131739877232597,0.3146831385697566,0.0,8.7,4,0.036585365853658534,0.020316027088036117,0.016722408026755852,0.07113087045091669,0.02368421052631579,0.16666666666666666,0.038461538461538464,0.05172413793103448,0.09517543859649122,0.05228070175438597,0.16463414634146342,0.03203834510595358,Sean McKeon,TE,12.7,3.1
00-0036032,2022,REG,0,0,0.0,0,0.0,0.0,0.0,0,0,0.0,0.0,0.0,0.0,0,0.0,0.0,0,0.0,0,0.0,0.0,0.0,0.0,0,2,3,11.0,0,0.0,0.0,1.0,7.0,1.0,0.15023799089249223,0,3.3333333333333335,0.07248157248157248,0.0037797151675962523,0.1113681593396761,0.0,1.1,2,0.03571428571428571,0.0015337423312883436,0.03954802259887006,0.05479842243645924,0.02466367713004484,0.0,0.04,0.034482758620689655,0.01233183856502242,0.019730941704035873,0.13095238095238096,0.01734362761553094,Sean McKeon,TE,3.1,0.0
00-0036040,2020,REG,0,0,0.0,0,0.0,0.0,0.0,0,0,0.0,0.0,0.0,0.0,0,0.0,0.0,0,0.0,0,0.0,0.0,0.0,0.0,0,4,10,39.0,0,0.0,0.0,73.0,20.0,3.0,-3.9753633051304487,0,3.9833333333333334,0.2916069242814407,0.31597945327495447,0.6585960037146291,0.0,3.9000000000000004,5,0.057803468208092484,0.062127659574468086,0.030627871362940276,0.1364073299717132,0.02943396226415094,0.0,0.04918032786885246,0.04225352112676056,0.01471698113207547,0.023547169811320753,0.2254335260115607,0.015125406854298298,Juwan Johnson,WR,7.9,52.900000000000006
00-0036040,2021,REG,0,0,0.0,0,0.0,0.0,0.0,0,0,0.0,0.0,0.0,0.0,0,0.0,0.0,0,0.0,0,0.0,0.0,0.0,0.0,0,13,22,159.0,4,0.0,0.0,240.0,42.0,12.0,14.589222102678354,0,13.307925746569815,0.8854140932415058,1.1972334034867074,2.1661845223029537,0.0,39.9,12,0.06395348837209303,0.09073724007561437,0.03288958496476116,0.16852002461863103,0.06388107673764563,0.17391304347826086,0.10084033613445378,0.11267605633802817,0.11889706010795326,0.08588747008576869,0.4622093023255814,0.05403693715780012,Juwan Johnson,TE,52.900000000000006,134.8
00-0036040,2022,REG,0,0,0.0,0,0.0,0.0,0.0,0,0,0.0,0.0,0.0,0.0,0,0.0,0.0,0,0.0,0,0.0,0.0,0.0,0.0,0,42,65,508.0,7,0.0,0.0,600.0,166.0,25.0,15.772302646621753,0,18.404084780788722,2.354563369973885,2.6521181376837064,5.388327751339422,0.0,92.8,16,0.13457556935817805,0.1382488479262673,0.11000662690523526,0.3124624323782809,0.1365958591019091,0.30434782608695654,0.14792899408284024,0.16666666666666666,0.2204718425944328,0.1701462524989186,1.05175983436853,0.10423271422606438,Juwan Johnson,TE,134.8,97.8
00-0036040,2023,REG,0,0,0.0,0,0.0,0.0,0.0,0,0,0.0,0.0,0.0,0.0,0,0.0,0.0,0,0.0,0,0.0,0.0,0.0,0.0,0,37,59,368.0,4,0.0,0.0,444.0,145.0,23.0,-4.487487905755588,0,12.049303696993606,1.8059838710117615,1.8067498250550262,3.9737006840561606,0.0,60.800000000000004,13,0.135632183908046,0.12333333333333334,0.1124031007751938,0.30211494252873566,0.11344019728729964,0.16666666666666666,0.152317880794702,0.15428571428571428,0.14005343197698314,0.12408549116317305,0.8459770114942529,0.08262507814744098,Juwan Johnson,TE,97.8,122.80000000000001
00-0036069,2020,REG,0,0,0.0,0,0.0,0.0,0.0,0,0,0.0,0.0,0.0,0.0,0,0.0,0.0,2,9.0,0,0.0,0.0,0.0,-0.008527738973498344,0,1,1,7.0,0,0.0,0.0,3.0,4.0,0.0,0.6030473326682113,0,2.3333333333333335,0.02631578947368421,0.010238907849829351,0.04664091970540686,0.0,1.6,1,0.024390243902439025,0.009584664536741214,0.02857142857142857,0.044253097483051514,0.01876675603217158,0.0,0.0,0.0,0.00938337801608579,0.015013404825737264,0.17073170731707318,0.023739956172388603,Scottie Phillips,RB,2.6,4.2
00-0036096,2020,REG,0,0,0.0,0,0.0,0.0,0.0,0,0,0.0,0.0,0.0,0.0,0,0.0,0.0,23,110.0,0,0.0,0.0,5.0,2.0040080766775645,0,1,2,4.0,0,0.0,0.0,-7.0,8.0,0.0,-0.8373493591789156,0,-1.0,0.08834586466165413,-0.06285977434952797,0.08851695494781162,0.0,11.4,5,0.014388489208633094,-0.007113821138211382,0.016913319238900635,0.015891676902380535,0.003996003996003996,0.0,0.0,0.0,0.001998001998001998,0.003196803196803197,0.02877697841726619,0.03353708011034781,J.J. Taylor,RB,12.4,18.5
00-0036096,2021,REG,0,0,0.0,0,0.0,0.0,0.0,0,0,0.0,0.0,0.0,0.0,0,0.0,0.0,19,37.0,2,0.0,0.0,3.0,-5.1148430255416315,0,4,4,8.0,0,1.0,1.0,-2.0,10.0,0.0,-6.878805128275417,0,-1.0,0.0880252100840336,-0.011820720960630738,0.1237633104536089,0.0,14.5,5,0.021052631578947368,-0.0013253810470510272,0.013054830287206266,0.03051864253078023,0.005442176870748299,0.0,0.0,0.0,0.0027210884353741495,0.004353741496598639,0.042105263157894736,0.03511102676029607,J.J. Taylor,RB,18.5,2.7
00-0036110,2020,REG,0,0,0.0,0,0.0,0.0,0.0,0,0,0.0,0.0,0.0,0.0,0,0.0,0.0,0,0.0,0,0.0,0.0,0.0,0.0,0,5,11,60.0,0,0.0,0.0,126.0,11.0,2.0,1.0428364269901067,0,0.47619047619047616,0.22,0.314214463840399,0.5499501246882793,0.0,6.0,1,0.20754716981132076,0.3058252427184466,0.09166666666666666,0.5559809488917384,0.21052631578947367,0.0,0.16666666666666666,0.16666666666666666,0.0,0.0,1.1320754716981132,0.13681592039800994,Ja'Marcus Bradley,WR,11.0,10.4
00-0036133,2020,REG,0,0,0.0,0,0.0,0.0,0.0,0,0,0.0,0.0,0.0,0.0,0,0.0,0.0,0,0.0,0,0.0,0.0,0.0,0.0,0,1,3,14.0,0,0.0,0.0,12.0,8.0,1.0,-11.361122009344399,0,2.3333333333333335,0.12973137973137971,0.05472179588939312,0.23290232671964478,0.0,1.4000000000000001,3,0.04,0.018292682926829267,0.030303030303030304,0.07463414634146341,0.027777777777777776,0.0,0.047619047619047616,0.04,0.013888888888888888,0.022222222222222223,0.18666666666666668,0.01143619555894406,James Proche,WR,2.4000000000000004,36.2
00-0036133,2021,REG,0,0,0.0,0,0.0,0.0,0.0,0,0,0.0,0.0,0.0,0.0,0,0.0,0.0,0,0.0,0,0.0,0.0,0.0,0.0,0,16,20,202.0,0,0.0,0.0,192.0,55.0,10.0,14.315364896436222,0,5.877380952380952,0.5582617591693031,0.6266974930649545,1.2760808838994229,0.0,20.200000000000003,7,0.07692307692307693,0.07547169811320754,0.07768361581920905,0.17576197387518144,0.09965466206216082,0.0,0.09900990099009901,0.08849557522123894,0.04982733103108041,0.07972372964972867,0.7769230769230769,0.05181940507887429,James Proche,WR,36.2,12.200000000000001
00-0036133,2022,REG,0,1,0.0,0,1.0,0.0,0.0,0,0,29.0,0.0,0.0,-4.042891675024293,0,0.0,0.0,0,0.0,0,0.0,0.0,0.0,0.0,0,8,17,62.0,0,0.0,0.0,155.0,16.0,3.0,-9.627682750840904,0,4.957792207792208,0.5435429222193928,0.6596888069566116,1.2770965481987173,0.0,4.200000000000001,7,0.07203389830508475,0.09270334928229665,0.024615384615384615,0.18221352688346443,0.04505813953488372,0.0,0.046875,0.04411764705882353,0.02252906976744186,0.03604651162790697,0.2627118644067797,0.02408021474814464,James Proche,WR,12.200000000000001,0.0
00-0036133,2023,REG,0,0,0.0,0,0.0,0.0,0.0,0,0,0.0,0.0,0.0,0.0,0,0.0,0.0,0,0.0,0,0.0,0.0,0.0,0.0,0,0,5,0.0,0,0.0,0.0,86.0,0.0,0.0,-7.283761017082725,0,0.0,0.19125,0.3327810850275188,0.5198217595192631,0.0,0.0,2,0.08196721311475409,0.14285714285714285,0.0,0.23723653395784544,0.0,0.0,0.0,0.0,0.0,0.0,0.0,0.0,James Proche,WR,0.0,5.1
00-0036139,2023,REG,0,0,0.0,0,0.0,0.0,0.0,0,0,0.0,0.0,0.0,0.0,0,0.0,0.0,89,361.0,2,0.0,0.0,17.0,-5.268632877245979,0,17,22,144.0,2,0.0,0.0,-11.0,170.0,6.0,5.6283640179500924,0,-12.244155844155845,0.6213119794002147,-0.03326914600663666,0.9086795668956764,0.0,74.5,16,0.03819444444444445,-0.0025,0.09028146574614976,0.05529166666666667,0.03337195828505214,0.058823529411764705,0.027649769585253458,0.03187250996015936,0.04609774384840842,0.038462272510394656,0.25,0.05683229813664596,Rico Dowdle,RB,96.0,197.8
00-0036145,2022,REG,0,0,0.0,0,0.0,1.0,2.0,0,0,0.0,0.0,0.0,-0.8402121948311105,0,0.0,0.0,0,0.0,0,0.0,0.0,0.0,0.0,0,13,19,118.0,1,0.0,0.0,110.0,78.0,8.0,-4.270745262387209,0,2.2142857142857144,0.5745723949670026,0.40780840816826425,1.1473244781682888,0.0,17.8,6,0.084070796460177,0.0763888888888889,0.11504424778761062,0.1872173058013766,0.08315715292459479,0.16666666666666666,0.10810810810810811,0.1125,0.12491190979563072,0.09985905567300918,0.5221238938053098,0.06302950927024925,Lawrence Cager,TE,34.8,13.6
00-0036158,2022,REG,0,0,0.0,0,0.0,0.0,0.0,0,0,0.0,0.0,0.0,0.0,0,0.0,0.0,92,520.0,2,0.0,0.0,26.0,9.095251672691354,0,7,8,42.0,1,0.0,0.0,4.0,39.0,3.0,0.11823163681676263,0,-17.75,0.3151455026455026,0.012427711314410821,0.4814176518883415,0.0,74.2,8,0.03864734299516908,0.0023391812865497076,0.07784431137724551,0.059842359521993384,0.0340632603406326,0.1111111111111111,0.04838709677419355,0.056338028169014086,0.07258718572587186,0.04947283049472831,0.2028985507246377,0.15123295835506223,J.K. Dobbins,RB,101.7,11.7
00-0036158,2023,REG,0,0,0.0,0,0.0,0.0,0.0,0,0,0.0,0.0,0.0,0.0,0,0.0,0.0,8,22.0,1,0.0,0.0,1.0,-1.8405948876752518,0,2,3,15.0,0,0.0,0.0,3.0,15.0,0.0,0.519200186652597,0,5.0,0.14285714285714285,0.028846153846153848,0.23447802197802198,0.0,9.7,1,0.13636363636363635,0.029411764705882353,0.17857142857142858,0.2280748663101604,0.08875739644970414,0.0,0.0,0.0,0.0,0.0,0.6818181818181818,0.17292344073307714,J.K. Dobbins,RB,11.7,194.4
00-0036165,2022,REG,0,0,0.0,0,0.0,0.0,0.0,0,0,0.0,0.0,0.0,0.0,0,0.0,0.0,0,0.0,0,0.0,0.0,0.0,0.0,0,37,48,392.0,4,1.0,1.0,435.0,88.0,24.0,9.517879366526294,1,8.960795325652835,1.5424380387690966,2.2836308478761014,3.912198651666916,0.0,63.2,9,0.16382252559726962,0.21014492753623187,0.07956600361663653,0.41384973042488993,0.17155361050328227,0.2857142857142857,0.23300970873786409,0.23931623931623933,0.22863394810878399,0.19438574554548296,1.3378839590443685,0.1197561850125493,Isaiah Hodgins,WR,124.0,60.0
00-0036165,2023,REG,0,0,0.0,0,0.0,0.0,0.0,0,0,0.0,0.0,0.0,0.0,0,0.0,0.0,0,0.0,0,0.0,0.0,0.0,0.0,0,21,33,230.0,3,1.0,1.0,269.0,75.0,12.0,3.9315880485913994,0,13.341452960494543,1.129021167117009,1.327582286989256,2.6228393515679924,0.0,39.0,14,0.07568807339449542,0.08236374770361299,0.05296610169491525,0.17942310825463353,0.07780784844384303,0.21428571428571427,0.0975609756097561,0.10948905109489052,0.14604678136477867,0.10510342161221728,0.5275229357798165,0.05933896394168958,Isaiah Hodgins,WR,60.0,3.2
00-0036176,2022,REG,0,0,0.0,0,0.0,0.0,0.0,0,0,0.0,0.0,0.0,0.0,0,0.0,0.0,0,0.0,0,0.0,0.0,0.0,0.0,0,1,1,3.0,0,0.0,0.0,3.0,0.0,0.0,0.004852446261793375,0,1.0,0.05,0.020833333333333332,0.08958333333333335,0.0,0.30000000000000004,1,0.05,0.020833333333333332,0.0,0.09166666666666667,0.022727272727272728,0.0,0.0,0.0,0.0,0.0,0.15,0.030036968576709795,Mason Kinsey,WR,1.3,1.6
00-0036176,2023,REG,0,0,0.0,0,0.0,0.0,0.0,0,0,0.0,0.0,0.0,0.0,0,0.0,0.0,0,0.0,0,0.0,0.0,0.0,0.0,0,1,1,6.0,0,0.0,0.0,-2.0,8.0,0.0,-1.066386302234605,0,0.0,0.04,-0.015748031496062992,0.0489763779527559,0.0,0.6000000000000001,1,0.037037037037037035,-0.014388489208633094,0.09195402298850575,0.044044764188649076,0.036585365853658534,0.0,0.0,0.0,0.018292682926829267,0.029268292682926828,0.2222222222222222,0.021574973031283712,Mason Kinsey,WR,1.6,3.7
00-0036182,2020,REG,0,0,0.0,0,0.0,0.0,0.0,0,0,0.0,0.0,0.0,0.0,0,0.0,0.0,0,0.0,0,0.0,0.0,0.0,0.0,0,3,8,33.0,0,0.0,0.0,82.0,5.0,3.0,-2.931160108593758,1,4.388888888888889,0.2851226812639856,0.3145454166469638,0.6478658135488531,0.0,5.300000000000001,8,0.03305785123966942,0.04173027989821883,0.007112375533428165,0.0829710007780792,0.01789587852494577,0.0,0.029411764705882353,0.02586206896551724,0.008947939262472886,0.014316702819956617,0.13636363636363635,0.010374221933354999,Nick Westbrook,WR,10.0,107.60000000000001
00-0036182,2021,REG,0,0,0.0,0,0.0,0.0,0.0,0,0,0.0,0.0,0.0,0.0,0,0.0,0.0,0,0.0,0,0.0,0.0,0.0,0.0,0,38,57,476.0,4,1.0,1.0,606.0,144.0,23.0,21.76941456151971,0,15.839527104131497,1.8162447585871955,2.6754741517023732,4.597199044072455,0.0,69.6,15,0.11752577319587629,0.16680429397192403,0.09320388349514563,0.3097320949713537,0.14543232508402076,0.2,0.13450292397660818,0.14136125654450263,0.1727161625420104,0.15634586006721662,0.9814432989690721,0.08533451765377661,Nick Westbrook-Ikhine,WR,107.60000000000001,82.7
00-0036182,2022,REG,0,0,0.0,0,0.0,0.0,0.0,0,0,0.0,0.0,0.0,0.0,0,0.0,0.0,0,0.0,0,0.0,0.0,0.0,0.0,0,25,50,397.0,3,0.0,0.0,662.0,107.0,18.0,2.5198795458761047,0,8.425298546927893,1.7673723301291375,3.0902836489330454,4.814257049446838,0.0,57.7,15,0.11764705882352941,0.1944770857814336,0.07567185289957568,0.332052256860441,0.13080724876441516,0.2,0.1276595744680851,0.1346153846153846,0.16540362438220757,0.14464579901153213,0.9341176470588235,0.0792221477152984,Nick Westbrook-Ikhine,WR,82.7,83.0
00-0036182,2023,REG,0,0,0.0,0,0.0,0.0,0.0,0,0,0.0,0.0,0.0,0.0,0,0.0,0.0,0,0.0,0,0.0,0.0,0.0,0.0,0,28,45,370.0,3,0.0,0.0,552.0,107.0,18.0,19.626265826706227,1,10.414143349063412,1.5855919370625253,1.8679278902823107,3.6859374287914055,0.0,57.00000000000001,13,0.11568123393316196,0.143264988320789,0.0867802108678021,0.2881338415563741,0.12793914246196403,0.2727272727272727,0.14285714285714285,0.15328467153284672,0.20033320759461837,0.15689676851502576,0.9511568123393316,0.0897685028725921,Nick Westbrook-Ikhine,WR,83.0,135.7
00-0036187,2020,REG,0,0,0.0,0,0.0,0.0,0.0,0,0,0.0,0.0,0.0,0.0,0,0.0,0.0,0,0.0,0,0.0,0.0,0.0,0.0,0,2,2,16.0,1,0.0,0.0,8.0,8.0,2.0,1.6253358985413797,0,3.142857142857143,0.0529616724738676,0.028216976393771975,0.09919439218644177,0.0,7.6,2,0.02564102564102564,0.011940298507462687,0.024539877300613498,0.04801377726750861,0.0221606648199446,0.25,0.06451612903225806,0.08571428571428572,0.1360803324099723,0.06772853185595568,0.20512820512820512,0.04467609828741623,Reggie Gilliam,TE,9.6,9.8
00-0036187,2021,REG,0,0,0.0,0,0.0,0.0,0.0,0,0,0.0,0.0,0.0,0.0,0,0.0,0.0,3,3.0,0,0.0,0.0,0.0,-3.2006321381777525,0,3,5,23.0,0,0.0,0.0,21.0,22.0,0.0,0.2683460215339437,0,-4.0,0.12663294028635363,0.05308561735154266,0.22710934257561033,0.0,2.6,6,0.02074688796680498,0.010494752623688156,0.033950617283950615,0.03951613404915799,0.014465408805031447,0.0,0.0,0.0,0.007232704402515723,0.011572327044025159,0.0954356846473029,0.008694302126998912,Reggie Gilliam,RB,9.8,20.9
00-0036187,2022,REG,0,0,0.0,0,0.0,0.0,0.0,0,0,0.0,0.0,0.0,0.0,0,0.0,0.0,0,0.0,0,0.0,0.0,0.0,0.0,0,8,10,69.0,1,0.0,0.0,58.0,54.0,4.0,3.929960167617537,0,16.441666666666666,0.24850202429149798,0.18214109751362456,0.5002518046967841,0.0,12.9,4,0.05917159763313609,0.04556166535742341,0.11368421052631579,0.12520672873564287,0.05665024630541872,0.09090909090909091,0.06557377049180328,0.06944444444444445,0.07377966860725482,0.06350201522615316,0.40828402366863903,0.0452361369637678,Reggie Gilliam,RB,20.9,1.3
00-0036187,2023,REG,0,0,0.0,0,0.0,0.0,0.0,0,0,0.0,0.0,0.0,0.0,0,0.0,0.0,0,0.0,0,0.0,0.0,0.0,0.0,0,1,1,3.0,0,0.0,0.0,1.0,2.0,0.0,-0.33963809721171856,0,3.0,0.027777777777777776,0.005988023952095809,0.04585828343313373,0.0,0.30000000000000004,1,0.02702702702702703,0.005847953216374269,0.013071895424836602,0.045218903113639956,0.010948905109489052,0.0,0.0,0.0,0.005474452554744526,0.008759124087591242,0.08108108108108109,0.010026222427888323,Reggie Gilliam,RB,1.3,0.7000000000000001
00-0036196,2020,REG,0,0,0.0,0,0.0,0.0,0.0,0,0,0.0,0.0,0.0,0.0,0,0.0,0.0,1,0.0,0,0.0,0.0,0.0,-0.7427583343815058,0,35,62,599.0,7,1.0,0.0,945.0,131.0,27.0,13.358168720017527,0,13.773253796415968,1.7153373249923314,3.208135103545474,4.8187005599703285,0.0,101.9,16,0.1040268456375839,0.18410286382232613,0.06731757451181912,0.30332255951423676,0.12515670706226495,0.175,0.1125,0.12142857142857143,0.15007835353113247,0.13512536564981195,1.00503355704698,0.07985580456618874,Gabriel Davis,WR,149.4,193.1
00-0036196,2021,REG,0,0,0.0,0,0.0,0.0,0.0,0,0,0.0,0.0,0.0,0.0,0,0.0,0.0,0,0.0,0,0.0,0.0,0.0,0.0,0,35,63,549.0,6,0.0,0.0,846.0,132.0,29.0,20.69838585724808,0,12.510086063167059,1.6893925364509967,2.5668818100380286,4.330906071703115,0.0,90.9,15,0.10956521739130434,0.1788583509513742,0.08638743455497382,0.3074345068480559,0.13874147081122062,0.1935483870967742,0.13942307692307693,0.14644351464435146,0.1661449289539974,0.14970285406833134,0.9547826086956521,0.08422644134922866,Gabriel Davis,WR,193.1,200.3
00-0036196,2022,REG,0,0,0.0,0,0.0,0.0,0.0,0,0,0.0,0.0,0.0,0.0,0,0.0,0.0,0,0.0,0,0.0,0.0,0.0,0.0,0,48,93,836.0,7,1.0,1.0,1428.0,142.0,35.0,14.69005783379474,0,9.143480480926193,2.8553843057858934,4.487069504530531,7.424025111850212,0.0,123.60000000000001,15,0.17415730337078653,0.28663187474909674,0.09491978609625669,0.4905414548554572,0.21036738802214394,0.22580645161290322,0.17587939698492464,0.1826086956521739,0.2180869198175236,0.2134552007402958,1.5655430711610487,0.11669817608095426,Gabe Davis,WR,200.3,159.4
00-0036196,2023,REG,0,0,0.0,0,0.0,0.0,0.0,0,0,0.0,0.0,0.0,0.0,0,0.0,0.0,1,-2.0,0,0.0,0.0,0.0,-0.8803793075494468,0,45,81,746.0,7,1.0,1.0,1223.0,180.0,34.0,23.10176324553369,1,8.708451646415755,2.4648470281844665,4.534119254543604,6.871154020457223,0.0,116.4,16,0.1480804387568556,0.255110554860242,0.10095344924284913,0.42620910202347695,0.18506574051103944,0.2692307692307692,0.17989417989417988,0.19069767441860466,0.22714825487090434,0.2018987462549854,1.363802559414991,0.10777675387635723,Gabe Davis,WR,159.4,53.9
00-0036212,2020,REG,186,290,1814.0,11,5.0,20.0,136.0,1,1,2175.0,766.0,100.0,-13.510189482975047,1,9.03229393252153,0.6874301635283409,36,109.0,3,0.0,0.0,13.0,2.2370403880195227,0,0,0,0.0,0,0.0,0.0,0.0,0.0,0.0,0.0,0,0.0,0.0,0.0,0.0,0.0,135.46,10,0.0,0.0,0.0,0.0,0.0,0.0,0.0,0.0,0.0,0.0,0.0,0.1594885440459651,Tua Tagovailoa,QB,151.6,205.45000000000002
00-0036212,2021,REG,263,388,2653.0,16,10.0,20.0,152.0,7,1,2735.0,1231.0,137.0,20.8559681269266,1,12.713014341211215,1.3005999407935875,42,128.0,3,2.0,0.0,13.0,-5.070938456561821,0,0,0,0.0,0,0.0,0.0,0.0,0.0,0.0,0.0,0,0.0,0.0,0.0,0.0,0.0,180.92000000000002,13,0.0,0.0,0.0,0.0,0.0,0.0,0.0,0.0,0.0,0.0,0.0,0.1728281844061061,Tua Tagovailoa,QB,205.45000000000002,269.40000000000003
00-0036212,2022,REG,259,400,3548.0,25,8.0,21.0,163.0,4,1,3833.0,1274.0,162.0,97.36823342997455,0,12.18004671750188,1.7542933982553552,24,70.0,0,2.0,0.0,4.0,-9.164482240914367,0,0,0,0.0,0,0.0,0.0,0.0,0.0,0.0,0.0,0,0.0,0.0,0.0,0.0,0.0,230.92000000000002,13,0.0,0.0,0.0,0.0,0.0,0.0,0.0,0.0,0.0,0.0,0.0,0.1897827016009731,Tua Tagovailoa,QB,269.40000000000003,336.05
00-0036212,2023,REG,388,560,4624.0,29,14.0,29.0,171.0,3,0,4283.0,2177.0,222.0,123.56834628780518,0,21.075282646421922,2.560841460310446,35,74.0,0,9.0,4.0,5.0,-39.12836075014264,0,0,0,0.0,0,0.0,0.0,0.0,0.0,0.0,0.0,0,0.0,0.0,0.0,0.0,0.0,272.36,17,0.0,0.0,0.0,0.0,0.0,0.0,0.0,0.0,0.0,0.0,0.0,0.16063508540152874,Tua Tagovailoa,QB,336.05,206.25
00-0036219,2020,REG,0,0,0.0,0,0.0,0.0,0.0,0,0,0.0,0.0,0.0,0.0,0,0.0,0.0,0,0.0,0,0.0,0.0,0.0,0.0,0,21,27,213.0,0,0.0,0.0,226.0,58.0,10.0,10.63859724550221,0,6.491413693018241,0.792985566934037,1.0298464707701305,1.9103708799401469,0.0,21.3,6,0.13170731707317074,0.16424418604651161,0.0849194729136164,0.32895632444696543,0.12831325301204818,0.0,0.11363636363636363,0.1,0.06415662650602409,0.10265060240963855,1.0390243902439025,0.062398583861926524,Marquez Callaway,WR,42.3,151.8
00-0036219,2021,REG,0,0,0.0,0,0.0,0.0,0.0,0,0,0.0,0.0,0.0,0.0,0,0.0,0.0,0,0.0,0,0.0,0.0,0.0,0.0,0,46,84,698.0,6,0.0,0.0,1060.0,144.0,32.0,27.968855190039477,0,10.700486203316842,3.1799076205107486,5.165195728091405,8.385498440430107,0.0,105.80000000000001,17,0.16666666666666666,0.28304405874499333,0.08535862477771192,0.4764352469959947,0.20308408495781205,0.20689655172413793,0.19393939393939394,0.1958762886597938,0.20499031834097498,0.20384657831107725,1.3849206349206349,0.11665437108078201,Marquez Callaway,WR,151.8,37.800000000000004
00-0036223,2020,REG,0,0,0.0,0,0.0,0.0,0.0,0,0,0.0,0.0,0.0,0.0,0,0.0,0.0,232,1169.0,11,1.0,1.0,69.0,14.960917275374628,0,36,39,299.0,1,0.0,0.0,-44.0,362.0,12.0,13.237643447689077,0,-24.09747474747475,1.164709723823292,-0.14406161395865044,1.6462214559638828,0.0,216.8,15,0.07677165354330709,-0.01213123793768955,0.17403846153846153,0.105452489964809,0.07684399897198664,0.045454545454545456,0.06521739130434782,0.06310679611650485,0.06114927221326605,0.0705661082684984,0.5885826771653543,0.1798341087256534,Jonathan Taylor,RB,274.2,373.1
00-0036223,2021,REG,0,0,0.0,0,0.0,0.0,0.0,0,0,0.0,0.0,0.0,0.0,0,0.0,0.0,332,1811.0,18,3.0,2.0,107.0,34.46919412355375,0,40,51,360.0,2,1.0,0.0,-45.0,406.0,12.0,5.180228284367606,0,-12.109523809523811,1.6495710806076271,-0.20660196281368953,2.329735246941858,0.0,333.1,17,0.09788867562380038,-0.01125,0.24502112251056127,0.13783301343570056,0.10033444816053512,0.07407407407407407,0.0718562874251497,0.07216494845360824,0.08720426111730459,0.0950823733432429,0.690978886756238,0.25375428478154416,Jonathan Taylor,RB,373.1,146.4
00-0036223,2022,REG,0,0,0.0,0,0.0,0.0,0.0,0,0,0.0,0.0,0.0,0.0,0,0.0,0.0,192,861.0,4,3.0,3.0,39.0,-28.65480715998774,0,28,40,143.0,0,0.0,0.0,-73.0,208.0,4.0,-15.652411304245188,0,-12.429945054945055,1.1128124467295657,-0.3469387073027933,1.4263615749823932,0.0,118.4,11,0.1038961038961039,-0.030353430353430355,0.17717206132879046,0.13156141156141155,0.0546218487394958,0.0,0.03125,0.02877697841726619,0.0273109243697479,0.04369747899159664,0.37142857142857144,0.17164564085729025,Jonathan Taylor,RB,146.4,156.4
00-0036223,2023,REG,0,0,0.0,0,0.0,0.0,0.0,0,0,0.0,0.0,0.0,0.0,0,0.0,0.0,169,741.0,7,1.0,0.0,42.0,-10.159002013304983,0,19,23,153.0,1,0.0,0.0,-21.0,174.0,5.0,3.1645892519054897,0,4.929761904761905,0.8038238649222631,-0.20398363426023128,1.0629472534012328,0.0,137.4,10,0.07098765432098765,-0.008447304907481898,0.1596330275229358,0.09972363755549596,0.06836461126005362,0.14285714285714285,0.049019607843137254,0.05504587155963303,0.10561087705859823,0.08326311757947147,0.4722222222222222,0.20107479879663676,Jonathan Taylor,RB,156.4,251.7
00-0036226,2021,REG,2,5,25.0,0,1.0,0.0,0.0,0,0,63.0,7.0,2.0,-3.102543077489827,0,0.3968253968253968,-0.08929635259177449,0,0.0,0,0.0,0.0,0.0,0.0,0,0,0,0.0,0,0.0,0.0,0.0,0.0,0.0,0.0,0,0.0,0.0,0.0,0.0,0.0,-1.0,1,0.0,0.0,0.0,0.0,0.0,0.0,0.0,0.0,0.0,0.0,0.0,-0.012348728081007655,Jacob Eason,QB,-0.75,0.9500000000000002
00-0036228,2021,REG,0,0,0.0,0,0.0,0.0,0.0,0,0,0.0,0.0,0.0,0.0,0,0.0,0.0,0,0.0,0,0.0,0.0,0.0,0.0,0,2,4,21.0,1,0.0,0.0,36.0,3.0,1.0,1.1738232796196826,0,2.75,0.16186371100164204,0.21420457097724596,0.39273876618653525,0.0,8.100000000000001,4,0.0380952380952381,0.04904632152588556,0.008450704225352112,0.0963799143635656,0.02796271637816245,0.14285714285714285,0.025,0.0425531914893617,0.08540992961765265,0.05094160167395853,0.2,0.027494963793760544,Dezmon Patmon,WR,10.1,4.4
00-0036232,2020,REG,0,0,0.0,0,0.0,0.0,0.0,0,0,0.0,0.0,0.0,0.0,0,0.0,0.0,0,0.0,0,0.0,0.0,0.0,0.0,0,24,38,238.0,3,2.0,2.0,294.0,117.0,14.0,-10.255475610228697,0,15.085023502242196,1.216050869208764,1.000696952923069,2.524564170859294,0.0,37.800000000000004,12,0.09547738693467336,0.08794495961711038,0.11058601134215501,0.21357204809569835,0.08412866737363026,0.13636363636363635,0.09333333333333334,0.09883720930232558,0.1102461518686333,0.09457566117163148,0.5979899497487438,0.05579329397107416,Harrison Bryant,TE,61.800000000000004,62.3
00-0036232,2021,REG,0,0,0.0,0,0.0,0.0,0.0,0,0,0.0,0.0,0.0,0.0,0,0.0,0.0,0,0.0,0,0.0,0.0,0.0,0.0,0,21,28,233.0,3,0.0,0.0,258.0,79.0,14.0,11.21159399540121,0,14.355038790610479,1.0325836936977368,1.2659814307779373,2.435062542091161,0.0,41.3,13,0.0707070707070707,0.07960506016661524,0.05800293685756241,0.16974465419389823,0.08604135893648449,0.21428571428571427,0.10294117647058823,0.11333333333333333,0.15016353661109938,0.11169023000633045,0.5883838383838383,0.061293559748922685,Harrison Bryant,TE,62.3,61.7
00-0036232,2022,REG,0,0,0.0,0,0.0,0.0,0.0,0,0,0.0,0.0,0.0,0.0,0,0.0,0.0,1,8.0,0,0.0,0.0,1.0,0.9134245255263522,0,31,42,239.0,1,0.0,0.0,238.0,113.0,12.0,3.8258764024459397,0,16.82794908285895,1.3944334015657545,0.9862581986933192,2.782030841433955,0.0,30.700000000000003,14,0.09230769230769231,0.06389261744966443,0.08593155893536121,0.18957563242127,0.07767305817354567,0.0625,0.07947019867549669,0.07784431137724551,0.07008652908677283,0.07463844653883654,0.5252747252747253,0.05454963397814479,Harrison Bryant,TE,61.7,48.4
00-0036232,2023,REG,0,0,0.0,0,0.0,0.0,0.0,0,0,0.0,0.0,0.0,0.0,0,0.0,0.0,5,8.0,0,1.0,1.0,4.0,2.2224675977486186,0,13,20,81.0,3,0.0,0.0,81.0,35.0,4.0,-4.132652571907197,0,7.65,0.5688586818511047,0.2358641826866564,1.0183929506573166,0.0,24.900000000000002,13,0.041666666666666664,0.01851005484460695,0.024946543121881683,0.07730804387568556,0.025714285714285714,0.17647058823529413,0.02962962962962963,0.046052631578947366,0.10109243697478992,0.055865546218487404,0.16875,0.035282070377955686,Harrison Bryant,TE,48.4,17.6
00-0036233,2020,REG,0,0,0.0,0,0.0,0.0,0.0,0,0,0.0,0.0,0.0,0.0,0,0.0,0.0,0,0.0,0,0.0,0.0,0.0,0.0,0,14,20,304.0,2,0.0,0.0,344.0,77.0,10.0,18.91515910770977,1,6.039454965438643,0.6736385325201115,1.2219274868883978,1.8658070396020454,0.0,44.400000000000006,7,0.09174311926605505,0.1970217640320733,0.10212201591511937,0.2952320901247412,0.1687951138256524,0.13333333333333333,0.10638297872340426,0.11009174311926606,0.15106422357949287,0.1617027577271886,1.3944954128440368,0.08422995932731417,Donovan Peoples-Jones,WR,61.50000000000001,109.7
00-0036233,2021,REG,0,0,0.0,0,0.0,0.0,0.0,0,0,0.0,0.0,0.0,0.0,0,0.0,0.0,0,0.0,0,0.0,0.0,0.0,0.0,0,34,58,597.0,3,1.0,1.0,904.0,146.0,26.0,25.969869365793997,0,16.350868975906415,1.961943101955052,3.7411647630252816,5.561729987050275,0.0,75.7,13,0.14720812182741116,0.28135698723934016,0.10688140556368961,0.4458977725325889,0.20844972067039105,0.15789473684210525,0.18705035971223022,0.18354430379746836,0.18317222875624817,0.1983387239047339,1.515228426395939,0.1010724552222304,Donovan Peoples-Jones,WR,109.7,161.1
00-0036233,2022,REG,0,0,0.0,0,0.0,0.0,0.0,0,0,0.0,0.0,0.0,0.0,0,0.0,0.0,1,2.0,0,0.0,0.0,0.0,-0.3847800234798342,0,61,96,839.0,3,1.0,1.0,1107.0,191.0,33.0,18.412429526132733,0,14.085063014323232,3.190310458481711,4.333882035979158,7.819183112907977,1.0,106.10000000000001,17,0.17777777777777778,0.2485964518302268,0.11989956057752668,0.4655438281308481,0.2261455525606469,0.15789473684210525,0.1813186813186813,0.1791044776119403,0.19202014470137607,0.21249538941693857,1.5537037037037038,0.12149192962047403,Donovan Peoples-Jones,WR,161.1,28.5
00-0036244,2020,REG,0,0,0.0,0,0.0,0.0,0.0,0,0,0.0,0.0,0.0,0.0,0,0.0,0.0,0,0.0,0,0.0,0.0,0.0,0.0,0,2,2,16.0,0,0.0,0.0,11.0,5.0,2.0,2.4208252727403305,0,1.4545454545454546,0.0625,0.048458149779735685,0.12767070484581497,0.0,1.6,1,0.0625,0.048458149779735685,0.047619047619047616,0.13251651982378854,0.06694560669456066,0.0,0.1111111111111111,0.09090909090909091,0.03347280334728033,0.05355648535564853,0.5,0.030035040881027868,Colby Parkinson,TE,3.6,8.3
00-0036244,2021,REG,0,0,0.0,0,0.0,0.0,0.0,0,0,0.0,0.0,0.0,0.0,0,0.0,0.0,0,0.0,0,0.0,0.0,0.0,0.0,0,5,8,33.0,0,0.0,0.0,47.0,20.0,2.0,0.9654066622024402,0,5.96,0.29063593813593813,0.17918192395557733,0.5613812539728114,0.0,3.3000000000000007,5,0.05673758865248227,0.03391053391053391,0.04073319755600815,0.11223481010715053,0.028820960698689956,0.0,0.037037037037037035,0.03076923076923077,0.014410480349344978,0.023056768558951966,0.23404255319148937,0.017818806354658653,Colby Parkinson,TE,8.3,73.60000000000001
00-0036244,2022,REG,0,0,0.0,0,0.0,0.0,0.0,0,0,0.0,0.0,0.0,0.0,0,0.0,0.0,0,0.0,0,0.0,0.0,0.0,0.0,0,25,34,322.0,2,0.0,0.0,278.0,150.0,14.0,10.221434430830413,0,26.971016574383714,1.0811960632536304,1.0907458656770275,2.3853162008543647,0.0,44.2,14,0.07083333333333333,0.07808988764044944,0.1000667111407605,0.16872191011235954,0.09229005445686443,0.08,0.08139534883720931,0.08121827411167512,0.08614502722843222,0.08983204356549154,0.6708333333333333,0.05442562093970711,Colby Parkinson,TE,73.60000000000001,61.7
00-0036244,2023,REG,0,0,0.0,0,0.0,0.0,0.0,0,0,0.0,0.0,0.0,0.0,0,0.0,0.0,0,0.0,0,0.0,0.0,0.0,0.0,0,25,34,247.0,2,0.0,0.0,218.0,86.0,11.0,8.38113039895061,0,17.44610729722858,1.0881091813753103,1.0024934339147469,2.3339091758032886,0.0,36.7,14,0.07439824945295405,0.06642291285801341,0.05439595192915876,0.16473570446584182,0.0738857313790009,0.11764705882352941,0.0738255033557047,0.0783132530120482,0.09576639510126515,0.0826379968679066,0.5404814004376368,0.05580579222517682,Colby Parkinson,TE,61.7,77.6
00-0036247,2020,REG,0,0,0.0,0,0.0,0.0,0.0,0,0,0.0,0.0,0.0,0.0,0,0.0,0.0,0,0.0,0,0.0,0.0,0.0,0.0,0,13,21,159.0,2,0.0,0.0,225.0,101.0,6.0,4.559376681790892,0,22.351798201798204,0.6254338056038955,0.7357753159736603,1.4531934295874054,0.0,27.9,12,0.04827586206896552,0.05888510861031144,0.07009021512838307,0.11952187999169744,0.047719087635054024,0.0625,0.03592814371257485,0.04020100502512563,0.055109543817527015,0.05067527010804322,0.36551724137931035,0.03215712174104475,Freddie Swain,WR,44.699999999999996,86.5
00-0036247,2021,REG,0,0,0.0,0,0.0,0.0,0.0,0,0,0.0,0.0,0.0,0.0,0,0.0,0.0,5,32.0,0,0.0,0.0,2.0,1.1700817013625056,0,25,40,343.0,4,0.0,0.0,324.0,206.0,12.0,13.233259284678148,0,35.677004026394926,1.4884071246061907,1.1717313028227254,3.052822598885194,0.0,61.5,16,0.08492569002123142,0.07325344788605019,0.12082111436950146,0.18599129334068729,0.09475138121546961,0.14285714285714285,0.07643312101910828,0.08648648648648649,0.11880426203630623,0.10437253354380426,0.7282377919320594,0.06307883030700795,Freddie Swain,WR,86.5,11.4
00-0036250,2020,REG,0,0,0.0,0,0.0,0.0,0.0,0,0,0.0,0.0,0.0,0.0,0,0.0,0.0,0,0.0,0,0.0,0.0,0.0,0.0,0,0,2,0.0,0,0.0,0.0,27.0,0.0,0.0,-1.7064179088338278,0,0.0,0.045454545454545456,0.06474820143884892,0.11350555918901242,0.0,0.0,1,0.045454545454545456,0.06474820143884892,0.0,0.11998037933289732,0.0,0.0,0.0,0.0,0.0,0.0,0.0,0.0,Tyler Davis,TE,0.0,7.5
00-0036250,2021,REG,0,0,0.0,0,0.0,0.0,0.0,0,0,0.0,0.0,0.0,0.0,0,0.0,0.0,0,0.0,0,0.0,0.0,0.0,0.0,0,4,5,35.0,0,0.0,0.0,38.0,13.0,1.0,0.011463697886291868,0,7.722222222222222,0.13701996927803378,0.15338376465080555,0.31289858917261454,0.0,3.5,4,0.034482758620689655,0.038306451612903226,0.01957831325301205,0.08236929922135706,0.030728709394205442,0.0,0.016129032258064516,0.014285714285714285,0.015364354697102721,0.024582967515364356,0.2413793103448276,0.017846095274353973,Tyler Davis,TE,7.5,6.6
00-0036251,2020,REG,0,0,0.0,0,0.0,0.0,0.0,0,0,0.0,0.0,0.0,0.0,0,0.0,0.0,112,481.0,4,0.0,0.0,30.0,-7.474393558211746,0,14,18,95.0,1,0.0,0.0,32.0,87.0,5.0,0.4644901232019283,0,36.06349206349206,0.5022039002141698,0.10039494378775844,0.8235823109726856,0.0,87.60000000000001,13,0.037267080745341616,0.00763540921021236,0.05240963855421687,0.06200894848618231,0.02434648898001025,0.03125,0.025510204081632654,0.02631578947368421,0.027798244490005126,0.0257271911840082,0.19668737060041408,0.07269188941674774,Zack Moss,RB,110.3,105.2
00-0036251,2021,REG,0,0,0.0,0,0.0,0.0,0.0,0,0,0.0,0.0,0.0,0.0,0,0.0,0.0,96,345.0,4,0.0,0.0,22.0,-9.730604019184575,0,23,32,197.0,1,2.0,1.0,26.0,200.0,12.0,-2.7341552287912223,0,69.98254662004662,0.8795084594184496,0.0694095694861206,1.3678493877679587,0.0,82.2,13,0.06557377049180328,0.006296924194720271,0.149812734082397,0.10339819509348114,0.05790711346266902,0.038461538461538464,0.06521739130434782,0.06190476190476191,0.048184325962103744,0.05401799846244291,0.4036885245901639,0.08107399929098784,Zack Moss,RB,105.2,64.5
00-0036251,2022,REG,0,0,0.0,0,0.0,0.0,0.0,0,0,0.0,0.0,0.0,0.0,0,0.0,0.0,93,456.0,1,1.0,1.0,18.0,-10.21395823892725,0,11,13,39.0,0,0.0,0.0,-5.0,42.0,2.0,-6.41049449815182,0,-32.0,0.39294091673498444,-0.01741163548324713,0.5772232302642036,0.0,53.5,13,0.028199566160520606,-0.0014863258026159335,0.029681978798586573,0.04111028859868816,0.012179887570268583,0.0,0.012738853503184714,0.0111731843575419,0.006089943785134291,0.009743910056214868,0.08459869848156182,0.05672923006561241,Zack Moss,RB,64.5,167.6
00-0036251,2023,REG,0,0,0.0,0,0.0,0.0,0.0,0,0,0.0,0.0,0.0,0.0,0,0.0,0.0,183,794.0,5,0.0,0.0,43.0,-14.03089295560622,0,27,37,192.0,2,0.0,0.0,-14.0,189.0,10.0,0.8567418099310662,1,8.457509157509158,1.047109253099149,-0.08224623946934942,1.513091512020179,0.0,142.6,14,0.07789473684210527,-0.003988603988603989,0.1236102027468934,0.11365122207227471,0.059369202226345084,0.125,0.06896551724137931,0.07453416149068323,0.09218460111317255,0.07249536178107607,0.40421052631578946,0.14427166626969273,Zack Moss,RB,167.6,81.9
00-0036252,2020,REG,0,0,0.0,0,0.0,0.0,0.0,0,0,0.0,0.0,0.0,0.0,0,0.0,0.0,3,26.0,0,0.0,0.0,1.0,1.4150380122591741,0,40,61,503.0,1,0.0,0.0,510.0,293.0,22.0,22.07216035399623,0,24.775250804625486,1.8558877824575857,1.9643496307863837,4.158876415236847,0.0,58.900000000000006,13,0.1367713004484305,0.16304347826086957,0.15412940557601262,0.3355917332813414,0.14872856298048492,0.05,0.13414634146341464,0.125,0.09936428149024246,0.12898285038438795,1.1278026905829597,0.07879975778436435,Michael Pittman,WR,114.0,236.6
00-0036252,2021,REG,0,0,0.0,0,0.0,0.0,0.0,0,0,0.0,0.0,0.0,0.0,0,0.0,0.0,5,44.0,0,0.0,0.0,1.0,1.5739660664112307,0,88,129,1082.0,6,1.0,0.0,1253.0,348.0,54.0,47.04676894753929,1,18.82589813473944,4.440202819060902,5.529253308901375,10.530781544822315,0.0,150.6,17,0.2476007677543186,0.31325,0.2100181050090525,0.6220011516314778,0.3015607580824972,0.2222222222222222,0.32335329341317365,0.30927835051546393,0.2618914901523597,0.2856930509104422,2.076775431861804,0.16227759943413678,Michael Pittman,WR,236.6,216.5
00-0036252,2022,REG,0,0,0.0,0,0.0,0.0,0.0,0,0,0.0,0.0,0.0,0.0,0,0.0,0.0,3,30.0,0,0.0,0.0,2.0,1.5096065041725524,0,99,141,925.0,4,2.0,1.0,985.0,344.0,51.0,21.56126901072633,0,15.609510766504188,4.177155076569372,4.612793040217507,9.494687743006313,0.0,117.5,16,0.2456445993031359,0.27506283161128176,0.1993047508690614,0.5885171642437292,0.2527322404371585,0.23529411764705882,0.2727272727272727,0.2696078431372549,0.24401317904210865,0.24924461587913854,1.6114982578397212,0.1743858236004833,Michael Pittman,WR,216.5,248.20000000000002
00-0036252,2023,REG,0,0,0.0,0,0.0,0.0,0.0,0,0,0.0,0.0,0.0,0.0,0,0.0,0.0,0,0.0,0,0.0,0.0,0.0,0.0,0,109,156,1152.0,4,1.0,0.0,1227.0,513.0,53.0,25.983784479658762,2,15.882992196032273,4.865305709734906,5.420080731636888,11.09201507674818,0.0,143.20000000000002,16,0.2905027932960894,0.31583011583011583,0.2865921787709497,0.6884182826082268,0.31295843520782396,0.2222222222222222,0.3231707317073171,0.3131868131868132,0.2675903287150231,0.29481119261070365,2.1452513966480447,0.1906215987422905,Michael Pittman,WR,248.20000000000002,165.8
00-0036254,2020,REG,0,0,0.0,0,0.0,0.0,0.0,0,0,0.0,0.0,0.0,0.0,0,0.0,0.0,0,0.0,0,0.0,0.0,0.0,0.0,0,18,31,272.0,2,0.0,0.0,375.0,65.0,12.0,11.055504588905023,1,8.194444444444445,0.8380354349958238,1.1956778783349606,2.094027667328208,0.0,41.2,10,0.08136482939632546,0.12250898399215943,0.05736981465136805,0.22005443128821572,0.10587777345270533,0.11764705882352941,0.08888888888888889,0.09210526315789473,0.11176241613811737,0.10823163052687015,0.7139107611548556,0.06391984106417899,Collin Johnson,WR,57.2,21.5
00-0036254,2023,REG,0,0,0.0,0,0.0,0.0,0.0,0,0,0.0,0.0,0.0,0.0,0,0.0,0.0,0,0.0,0,0.0,0.0,0.0,0.0,0,1,1,11.0,0,0.0,0.0,7.0,4.0,1.0,1.250328631605953,0,1.5714285714285714,0.03333333333333333,0.02681992337164751,0.06877394636015326,0.0,1.1,1,0.03125,0.024305555555555556,0.030303030303030304,0.06631944444444444,0.041044776119402986,0.0,0.08333333333333333,0.07692307692307693,0.020522388059701493,0.03283582089552239,0.34375,0.020053475935828877,Collin Johnson,WR,2.1,1.6
00-0036255,2020,REG,0,0,0.0,0,0.0,0.0,0.0,0,0,0.0,0.0,0.0,0.0,0,0.0,0.0,0,0.0,0,0.0,0.0,0.0,0.0,0,23,44,357.0,0,0.0,0.0,675.0,106.0,15.0,3.6588546361862875,1,5.456052446273746,1.7502886002886002,2.6931044667928004,4.510606027187861,0.0,37.7,9,0.171875,0.29854046881910656,0.12470588235294118,0.49664487505528526,0.19899665551839466,0.0,0.1724137931034483,0.15151515151515152,0.09949832775919733,0.15919732441471574,1.39453125,0.09391051426449655,Denzel Mims,WR,58.699999999999996,21.3
00-0036255,2021,REG,0,0,0.0,0,0.0,0.0,0.0,0,0,0.0,0.0,0.0,0.0,0,0.0,0.0,0,0.0,0,0.0,0.0,0.0,0.0,0,8,23,133.0,0,0.0,0.0,268.0,49.0,5.0,-6.652713170672055,0,7.0342377523763036,0.7203534623550536,1.326750067127058,2.009255240521521,0.0,13.3,10,0.06424581005586592,0.10776035383996783,0.039902280130293157,0.18257699815577316,0.0572289156626506,0.0,0.040983606557377046,0.03676470588235294,0.0286144578313253,0.04578313253012048,0.3715083798882682,0.026229588946629558,Denzel Mims,WR,21.3,29.6
00-0036259,2021,REG,0,0,0.0,0,0.0,0.0,0.0,0,0,0.0,0.0,0.0,0.0,0,0.0,0.0,0,0.0,0,0.0,0.0,0.0,0.0,0,24,38,282.0,5,1.0,0.0,355.0,103.0,15.0,18.174912513681285,0,16.629411115410885,1.3410987097628975,1.573439054824223,3.1130554030213022,0.0,58.2,13,0.10026385224274406,0.1198919284025667,0.05974477958236659,0.24630932108616949,0.0843553694286569,0.25,0.10273972602739725,0.12048192771084337,0.16717768471432845,0.11748429554292553,0.7440633245382586,0.0693834830170842,Jauan Jennings,WR,92.5,93.3
00-0036259,2022,REG,0,0,0.0,0,0.0,0.0,0.0,0,0,0.0,0.0,0.0,0.0,0,0.0,0.0,0,0.0,0,0.0,0.0,0.0,0.0,0,35,56,416.0,1,1.0,0.0,468.0,176.0,23.0,13.955326858104126,0,20.159209053197255,1.9196658295570317,2.4081635542245623,4.5652132322927415,0.0,47.6,16,0.11522633744855967,0.1422060164083865,0.08372978116079924,0.2866043192995487,0.11005291005291006,0.037037037037037035,0.13068181818181818,0.11822660098522167,0.07354497354497355,0.09544973544973545,0.8559670781893004,0.058164917963523695,Jauan Jennings,WR,93.3,83.55
00-0036259,2023,REG,0,0,0.0,0,0.0,0.0,0.0,0,0,0.0,0.0,0.0,0.0,0,0.0,0.0,0,0.0,0,0.0,0.0,0.0,0.0,0,19,33,265.0,1,0.0,0.0,340.0,89.0,12.0,7.912213970729925,0,10.825578029580996,1.220661928785661,1.5929155388943366,2.946033770404527,0.0,32.5,12,0.09734513274336283,0.12082444918265814,0.05672402804333971,0.24267725846117078,0.08349086326402017,0.037037037037037035,0.08759124087591241,0.07926829268292683,0.0602639501505286,0.07420009801862354,0.7817109144542773,0.04268333112319321,Jauan Jennings,WR,83.55,210.5
00-0036261,2020,REG,0,0,0.0,0,0.0,0.0,0.0,0,0,0.0,0.0,0.0,0.0,0,0.0,0.0,6,77.0,2,0.0,0.0,3.0,7.371286635054275,0,60,96,748.0,5,0.0,0.0,902.0,289.0,42.0,24.30090025831074,0,8.380150991586866,2.6225035499730622,3.6569236383662376,6.493601871815959,0.0,124.5,12,0.22325581395348837,0.31330323028829454,0.17388688327316487,0.5855263051608681,0.2305084745762712,0.23809523809523808,0.24,0.23979591836734693,0.23430185633575462,0.23202582728006457,1.7395348837209301,0.1597956002078642,Brandon Aiyuk,WR,184.5,190.8
00-0036261,2021,REG,0,0,0.0,0,0.0,0.0,0.0,0,0,0.0,0.0,0.0,0.0,0,0.0,0.0,5,17.0,0,0.0,0.0,0.0,-1.2647379657719284,0,56,84,826.0,5,1.0,1.0,813.0,349.0,37.0,40.65078996943231,1,18.49874323896817,2.9131419829503353,3.436512842757984,6.775271964356091,0.0,114.30000000000001,16,0.1721311475409836,0.21182907764460657,0.1690891472868217,0.4276599834271607,0.20058280718795532,0.20833333333333334,0.19786096256684493,0.1990521327014218,0.20445807026064433,0.20213291241703096,1.6926229508196722,0.11883993245034961,Brandon Aiyuk,WR,190.8,244.70000000000002
00-0036261,2022,REG,0,0,0.0,0,0.0,0.0,0.0,0,0,0.0,0.0,0.0,0.0,0,0.0,0.0,2,23.0,0,0.0,0.0,1.0,1.5236328177852556,0,78,114,1015.0,8,1.0,1.0,1143.0,375.0,47.0,41.961446469648976,0,23.52876155192217,3.8117372502081546,5.81169790369044,9.785794407895539,0.0,149.8,17,0.22265625,0.32807118254879447,0.1677101967799642,0.5964413210390356,0.25067918004445544,0.26666666666666666,0.25,0.25229357798165136,0.258672923355561,0.2538766773688977,1.982421875,0.14919508009902677,Brandon Aiyuk,WR,244.70000000000002,279.1
00-0036261,2023,REG,0,0,0.0,0,0.0,0.0,0.0,0,0,0.0,0.0,0.0,0.0,0,0.0,0.0,0,0.0,0,0.0,0.0,0.0,0.0,0,75,105,1342.0,7,1.0,1.0,1467.0,362.0,61.0,81.7904670821315,0,14.983998985768315,3.9304644652920513,6.5093451712021695,10.452238317779596,0.0,174.2,16,0.23127753303964757,0.382429614181439,0.18218419728233518,0.6528599909046225,0.3145066791656902,0.22580645161290322,0.31443298969072164,0.3022222222222222,0.2701565653892967,0.29676663365513284,2.9559471365638768,0.15941862101613377,Brandon Aiyuk,WR,279.1,62.400000000000006
00-0036264,2021,REG,36,62,411.0,2,3.0,3.0,23.0,2,1,494.0,233.0,22.0,-6.122919718026816,0,3.4807671657302652,0.07263728062862315,12,27.0,0,1.0,0.0,1.0,0.6544362011482008,1,0,0,0.0,0,0.0,0.0,0.0,0.0,0.0,0.0,0,0.0,0.0,0.0,0.0,0.0,21.14,6,0.0,0.0,0.0,0.0,0.0,0.0,0.0,0.0,0.0,0.0,0.0,0.036348005502063276,Jordan Love,QB,23.25,13.65
00-0036264,2022,REG,14,21,195.0,1,0.0,0.0,0.0,0,0,151.0,117.0,9.0,3.5308599969274166,0,4.818462643678161,0.4675790642417236,1,-1.0,0,0.0,0.0,0.0,0.0,0,0,0,0.0,0,0.0,0.0,0.0,0.0,0.0,0.0,0,0.0,0.0,0.0,0.0,0.0,11.7,4,0.0,0.0,0.0,0.0,0.0,0.0,0.0,0.0,0.0,0.0,0.0,0.035145689396215075,Jordan Love,QB,13.65,396.15000000000003
00-0036264,2023,REG,372,579,4159.0,32,11.0,30.0,242.0,5,1,4897.0,1918.0,209.0,85.91758448326394,2,15.23831384006193,2.2393223926752084,50,247.0,4,4.0,2.0,16.0,-6.395560899298355,0,0,0,0.0,0,0.0,0.0,0.0,0.0,0.0,0.0,0,0.0,0.0,0.0,0.0,0.0,319.06,17,0.0,0.0,0.0,0.0,0.0,0.0,0.0,0.0,0.0,0.0,0.0,0.21131200741770978,Jordan Love,QB,396.15000000000003,267.35
00-0036265,2020,REG,0,0,0.0,0,0.0,0.0,0.0,0,0,0.0,0.0,0.0,0.0,0,0.0,0.0,46,242.0,2,0.0,0.0,11.0,9.770090836565942,0,2,2,21.0,0,0.0,0.0,5.0,16.0,1.0,1.8177374967490323,0,17.25,0.06798245614035087,0.028310467672250435,0.12179101158110162,0.0,38.3,9,0.006779661016949152,0.002182453077258839,0.013686911890504704,0.0119154539872308,0.009214567792891619,0.0,0.008130081300813009,0.006711409395973154,0.004607283896445809,0.007371654234313295,0.0711864406779661,0.04157811113633081,A.J. Dillon,RB,47.0,194.1
00-0036265,2021,REG,0,0,0.0,0,0.0,0.0,0.0,0,0,0.0,0.0,0.0,0.0,0,0.0,0.0,187,803.0,5,1.0,1.0,50.0,6.161987401777878,0,34,37,313.0,2,1.0,0.0,14.0,310.0,15.0,17.030979303788627,0,-102.36556776556776,1.0736608654540343,0.061729587621716826,1.6537020095162531,0.0,151.6,17,0.06239460370994941,0.0030581039755351682,0.12863070539419086,0.09603838874535224,0.06915598762704375,0.05128205128205128,0.06382978723404255,0.06204379562043796,0.060219019454547516,0.06558120035804527,0.5278246205733558,0.1108960110896011,A.J. Dillon,RB,194.1,167.60000000000002
00-0036265,2022,REG,0,0,0.0,0,0.0,0.0,0.0,0,0,0.0,0.0,0.0,0.0,0,0.0,0.0,186,770.0,7,0.0,0.0,47.0,2.279668071002535,0,28,43,206.0,0,1.0,0.0,17.0,203.0,9.0,-5.830161560658805,0,9.247619047619047,1.3399736669676352,0.05251005881982601,2.046717541625331,0.0,139.6,17,0.0763765541740675,0.003796337650736936,0.1009950248756219,0.1176019013816908,0.05295629820051414,0.0,0.04838709677419355,0.04225352112676056,0.02647814910025707,0.042365038560411315,0.36589698046181174,0.1167212201406783,A.J. Dillon,RB,167.60000000000002,117.60000000000001
00-0036268,2020,REG,0,0,0.0,0,0.0,0.0,0.0,0,0,0.0,0.0,0.0,0.0,0,0.0,0.0,18,91.0,0,0.0,0.0,6.0,1.0712782371556386,0,58,79,600.0,5,0.0,0.0,493.0,298.0,33.0,19.795908884658296,0,22.584468002412184,2.153197096320148,1.8552553263965619,4.528474372957815,0.0,99.1,14,0.14522058823529413,0.11422613531047265,0.1928802588996764,0.3092117906013193,0.16506189821182943,0.20833333333333334,0.17647058823529413,0.18009478672985782,0.18669761577258137,0.1737161852361302,1.1029411764705883,0.12393499526664563,Laviska Shenault,WR,157.1,127.0
00-0036268,2021,REG,0,0,0.0,0,0.0,0.0,0.0,0,0,0.0,0.0,0.0,0.0,0,0.0,0.0,11,41.0,0,0.0,0.0,2.0,-1.2590741465101019,0,63,100,619.0,0,1.0,1.0,550.0,393.0,30.0,3.5336986072479544,0,32.22614439027473,2.974039980899737,2.089977535661057,5.924044246312345,0.0,64.0,16,0.17699115044247787,0.1252847380410023,0.2498410680228862,0.3657145160965186,0.18238067177371833,0.0,0.18518518518518517,0.1724137931034483,0.09119033588685917,0.14590453741897466,1.095575221238938,0.11234364771862781,Laviska Shenault,WR,127.0,72.7
00-0036268,2022,REG,0,0,0.0,0,0.0,0.0,0.0,0,0,0.0,0.0,0.0,0.0,0,0.0,0.0,9,65.0,1,0.0,0.0,1.0,2.48449467116734,0,27,32,272.0,1,0.0,0.0,-22.0,330.0,10.0,10.325950150261633,0,92.6,1.4108037041024157,-0.26390841715732904,1.9314696641434934,0.0,45.7,13,0.09467455621301775,-0.00858704137392662,0.26004728132387706,0.13514220122038534,0.11003236245954692,0.07142857142857142,0.09174311926605505,0.08943089430894309,0.09073046694405917,0.10231160425335184,0.8047337278106509,0.07881784080313971,Laviska Shenault,WR,72.7,21.5
00-0036268,2023,REG,0,0,0.0,0,0.0,0.0,0.0,0,0,0.0,0.0,0.0,0.0,0,0.0,0.0,12,55.0,0,0.0,0.0,3.0,-0.21212178701534867,0,10,10,60.0,0,0.0,0.0,-25.0,85.0,2.0,-1.1995801600860432,0,1.6,0.3186220825015392,-0.12232175155819004,0.3923078976615758,0.0,11.5,8,0.03322259136212625,-0.011837121212121212,0.1118421052631579,0.04036419007349241,0.03631961259079903,0.0,0.022988505747126436,0.020833333333333332,0.018159806295399514,0.029055690072639223,0.19933554817275748,0.03677225148799343,Laviska Shenault,WR,21.5,8.7
00-0036269,2020,REG,0,0,0.0,0,0.0,0.0,0.0,0,0,0.0,0.0,0.0,0.0,0,0.0,0.0,64,232.0,2,0.0,0.0,18.0,-10.030824550660327,0,11,15,63.0,0,0.0,0.0,26.0,67.0,3.0,0.7843973662248374,0,2.3035087719298244,0.5586080586080586,0.1139728738730742,0.9176930996232399,0.0,41.50000000000001,9,0.05172413793103448,0.010317460317460317,0.08746736292428199,0.08584017515051998,0.03669190448456611,0.0,0.0375,0.03333333333333333,0.018345952242283053,0.029353523587652888,0.21724137931034482,0.08683714314069271,La'Mical Perine,RB,52.5,3.1000000000000005
00-0036271,2020,REG,0,0,0.0,0,0.0,0.0,0.0,0,0,0.0,0.0,0.0,0.0,0,0.0,0.0,0,0.0,0,0.0,0.0,0.0,0.0,0,7,13,106.0,1,0.0,0.0,123.0,58.0,4.0,1.8359698799904436,0,4.50291415901172,0.39911062568263383,0.3879622633822991,0.87023952289156,0.0,16.6,4,0.08904109589041095,0.09432515337423313,0.12473118279569892,0.20902176653500293,0.10973084886128365,0.2,0.09523809523809523,0.10638297872340426,0.15486542443064183,0.12778467908902694,0.726027397260274,0.06831866604909681,Quez Watkins,WR,23.6,119.5
00-0036271,2021,REG,0,0,0.0,0,0.0,0.0,0.0,0,0,0.0,0.0,0.0,0.0,0,0.0,0.0,1,3.0,0,0.0,0.0,0.0,-0.16650627565104514,0,43,62,647.0,1,0.0,0.0,746.0,253.0,25.0,29.76424546715188,1,14.019580560005187,2.3018379569581406,3.021229343334939,5.567617475771668,0.0,73.0,17,0.12550607287449392,0.17635933806146573,0.14632735685367265,0.32934657976091347,0.1804741980474198,0.05,0.1497005988023952,0.13903743315508021,0.1152370990237099,0.15437935843793585,1.3097165991902835,0.08201357466063348,Quez Watkins,WR,119.5,86.3
00-0036271,2022,REG,0,0,0.0,0,0.0,0.0,0.0,0,0,0.0,0.0,0.0,0.0,0,0.0,0.0,3,1.0,0,0.0,0.0,0.0,-2.6935721475883967,0,33,51,354.0,3,1.0,1.0,476.0,146.0,13.0,-12.772953875300066,0,16.36712767719046,1.6810076562675196,1.771031284495045,3.7612333835478107,0.0,51.5,16,0.10119047619047619,0.11038961038961038,0.07724867724867725,0.24009740259740261,0.08590148022324678,0.12,0.07103825136612021,0.07692307692307693,0.10295074011162339,0.09272118417859743,0.7023809523809523,0.055510300609627916,Quez Watkins,WR,86.3,39.4
00-0036275,2020,REG,0,0,0.0,0,0.0,0.0,0.0,0,0,0.0,0.0,0.0,0.0,0,0.0,0.0,114,521.0,8,2.0,2.0,31.0,-6.102100315794814,0,46,57,357.0,2,1.0,0.0,50.0,351.0,15.0,9.379179420117367,0,5.196618998476584,1.6717909129639428,0.18039430483534977,2.633962382830659,0.0,143.8,13,0.12284482758620689,0.012919896640826873,0.22442455242966752,0.19460315869197184,0.10136286201022146,0.08695652173913043,0.08522727272727272,0.08542713567839195,0.09415969187467595,0.09848159395600325,0.7693965517241379,0.15671962215543153,D'Andre Swift,RB,189.8,208.9
00-0036275,2021,REG,0,1,0.0,0,0.0,0.0,0.0,0,0,-12.0,0.0,0.0,-0.912519452162087,0,0.0,0.0,151,617.0,5,0.0,0.0,28.0,-26.86820022217472,0,62,78,452.0,2,2.0,1.0,-1.0,502.0,19.0,-7.822526139354126,0,-26.257448107448106,2.3906413606946204,-0.160482927773188,3.473623991600699,0.0,146.9,13,0.17256637168141592,-0.0003595828838547285,0.29186046511627906,0.25856189121504014,0.1532722956934554,0.13333333333333333,0.1310344827586207,0.13125,0.14330281451339438,0.149284503221431,1.0,0.19650819332869265,D'Andre Swift,RB,208.9,189.10000000000002
00-0036275,2022,REG,0,0,0.0,0,0.0,0.0,0.0,0,0,0.0,0.0,0.0,0.0,0,0.0,0.0,99,542.0,5,0.0,0.0,21.0,5.516174910386924,1,48,70,389.0,3,1.0,0.0,32.0,454.0,17.0,8.104379366221766,0,-40.31084504740111,2.093581974165262,0.12060928573845314,3.2247994612648103,0.0,143.1,14,0.1437371663244353,0.009708737864077669,0.2433011789924973,0.22337273977791508,0.10796558423535942,0.12,0.08994708994708994,0.09345794392523364,0.1139827921176797,0.11037246738828754,0.7987679671457906,0.1386772325510515,D'Andre Swift,RB,189.10000000000002,209.9
00-0036275,2023,REG,0,0,0.0,0,0.0,0.0,0.0,0,0,0.0,0.0,0.0,0.0,0,0.0,0.0,229,1049.0,5,2.0,0.0,50.0,1.9140144739499827,0,39,49,214.0,1,1.0,1.0,27.0,267.0,8.0,-8.93390828878769,0,15.939500265816054,1.532708160017385,0.06349801458884408,2.3435108502382684,0.0,160.3,16,0.09297912713472485,0.006020066889632107,0.1557759626604434,0.14428474421379298,0.05538302277432712,0.043478260869565216,0.0425531914893617,0.04265402843601896,0.04943064182194617,0.05300207039337474,0.4060721062618596,0.14098156558154012,D'Andre Swift,RB,209.9,212.5
00-0036277,2020,REG,0,0,0.0,0,0.0,0.0,0.0,0,0,0.0,0.0,0.0,0.0,0,0.0,0.0,0,0.0,0,0.0,0.0,0.0,0.0,0,20,35,349.0,2,0.0,0.0,509.0,85.0,16.0,15.882999359607034,0,11.24335721115106,0.9566905279512427,1.428370791252255,2.4348953458034424,0.0,46.900000000000006,11,0.0851581508515815,0.1483100233100233,0.06319702602230483,0.24638524492539088,0.11548643282594308,0.11764705882352941,0.10596026490066225,0.10714285714285714,0.11656674582473625,0.11591855802546035,0.8491484184914841,0.06580241570602353,Quintez Cephus,WR,66.9,47.400000000000006
00-0036277,2021,REG,0,0,0.0,0,0.0,0.0,0.0,0,0,0.0,0.0,0.0,0.0,0,0.0,0.0,0,0.0,0,0.0,0.0,0.0,0.0,0,15,22,204.0,2,0.0,0.0,251.0,95.0,9.0,8.348441617881095,1,6.89277170297752,0.5747664715406651,0.8712895202137032,1.47205237146059,0.0,34.4,5,0.1116751269035533,0.19763779527559056,0.11860174781523096,0.3256229265758024,0.15656178050652342,0.2857142857142857,0.13043478260869565,0.14473684210526316,0.22113803311040456,0.18239228154807588,1.0355329949238579,0.10811520616300448,Quintez Cephus,WR,47.400000000000006,3.5
00-0036278,2020,REG,0,0,0.0,0,0.0,0.0,0.0,0,0,0.0,0.0,0.0,0.0,0,0.0,0.0,5,19.0,0,0.0,0.0,1.0,1.000953396433033,0,1,2,0.0,0,0.0,0.0,-1.0,1.0,0.0,-1.3459747177548707,0,0.0,0.05887300252312868,-0.003968253968253968,0.08553172600691525,0.0,1.9000000000000001,3,0.01694915254237288,-0.0008547008547008547,0.0036900369003690036,0.024739968129798638,0.0,0.0,0.0,0.0,0.0,0.0,0.0,0.012194096375409975,Jason Huntley,RB,2.9000000000000004,5.1000000000000005
00-0036290,2020,REG,0,0,0.0,0,0.0,0.0,0.0,0,0,0.0,0.0,0.0,0.0,0,0.0,0.0,1,-3.0,0,0.0,0.0,0.0,-1.0227337748219725,0,28,44,243.0,2,1.0,1.0,288.0,136.0,12.0,0.26869103043784026,0,15.21688467446532,1.2727781971175358,1.0933507047474116,2.6745127889994915,0.0,34.0,13,0.09381663113006397,0.07815468113975577,0.10149253731343283,0.20324869160690057,0.08017156054107555,0.10526315789473684,0.06936416184971098,0.07291666666666667,0.09271735921790619,0.0851898800118078,0.5181236673773987,0.05585887525451826,Cole Kmet,TE,66.6,121.2
00-0036290,2021,REG,0,0,0.0,0,0.0,0.0,0.0,0,0,0.0,0.0,0.0,0.0,0,0.0,0.0,1,0.0,0,0.0,0.0,0.0,-0.2222453574941028,0,60,93,612.0,0,0.0,0.0,721.0,246.0,29.0,-5.914550160515386,0,15.150867433678076,3.0288028318389384,2.8817771419150304,6.560448247098929,0.0,61.2,17,0.17158671586715868,0.1604004449388209,0.15375,0.38570042975179475,0.16836313617606602,0.0,0.16111111111111112,0.14795918367346939,0.08418156808803301,0.13469050894085283,1.1291512915129152,0.09644306517068513,Cole Kmet,TE,121.2,147.29999999999998
00-0036290,2022,REG,0,0,0.0,0,0.0,0.0,0.0,0,0,0.0,0.0,0.0,0.0,0,0.0,0.0,2,9.0,0,0.0,0.0,1.0,1.1386364521458745,0,50,69,544.0,7,1.0,0.0,463.0,286.0,27.0,12.178644300971724,0,19.028948165710663,3.2044916076256094,2.5126952750799227,6.56562410399436,0.0,97.3,17,0.1830238726790451,0.13514302393461763,0.24869565217391304,0.38265022816626176,0.20939183987682833,0.3684210526315789,0.24770642201834864,0.265625,0.28890644625420364,0.24119768242777845,1.442970822281167,0.12874523651365238,Cole Kmet,TE,147.29999999999998,181.1
00-0036290,2023,REG,0,0,0.0,0,0.0,0.0,0.0,0,0,0.0,0.0,0.0,0.0,0,0.0,0.0,3,2.0,0,0.0,0.0,2.0,0.8037872633431107,0,73,90,719.0,6,1.0,0.0,557.0,290.0,36.0,32.52244778362877,0,23.549242083917665,3.1796522228587447,2.7548258624219306,6.697856437983468,0.0,108.10000000000001,15,0.19911504424778761,0.16220151426907398,0.19607843137254902,0.4284337777869406,0.24038783015713808,0.35294117647058826,0.24489795918367346,0.25609756097560976,0.2966645033138632,0.2628984994198281,1.5907079646017699,0.16582123171022028,Cole Kmet,TE,181.1,118.4
00-0036297,2020,REG,0,0,0.0,0,0.0,0.0,0.0,0,0,0.0,0.0,0.0,0.0,0,0.0,0.0,14,54.0,0,0.0,0.0,2.0,-0.83084024648997,0,2,4,27.0,1,0.0,0.0,-2.0,29.0,2.0,3.509193267498631,0,-13.5,0.15692307692307694,-0.008849557522123894,0.22918992511912867,0.0,14.1,4,0.03389830508474576,-0.001996007984031936,0.08895705521472393,0.0492506512398931,0.02967032967032967,0.14285714285714285,0.03773584905660377,0.05,0.08626373626373626,0.052307692307692305,0.2288135593220339,0.04173146708138931,Darrynton Evans,RB,16.2,3.8000000000000003
00-0036297,2021,REG,0,0,0.0,0,0.0,0.0,0.0,0,0,0.0,0.0,0.0,0.0,0,0.0,0.0,2,7.0,0,0.0,0.0,0.0,-1.2462251161923632,0,2,2,11.0,0,0.0,0.0,-4.0,15.0,1.0,1.331596571719274,0,-2.75,0.07407407407407407,-0.019417475728155338,0.09751887810140236,0.0,1.8,1,0.07142857142857142,-0.019417475728155338,0.11450381679389313,0.09160887656033287,0.04,0.0,0.07692307692307693,0.06666666666666667,0.02,0.032,0.39285714285714285,0.040084388185654005,Darrynton Evans,RB,3.8000000000000003,10.700000000000001
00-0036297,2022,REG,0,0,0.0,0,0.0,0.0,0.0,0,0,0.0,0.0,0.0,0.0,0,0.0,0.0,14,64.0,0,0.0,0.0,3.0,2.9623636770411395,0,1,1,33.0,0,0.0,0.0,2.0,31.0,1.0,2.579272797971498,0,16.5,0.041666666666666664,0.011627906976744186,0.07063953488372093,0.0,9.700000000000001,3,0.013888888888888888,0.003355704697986577,0.13191489361702127,0.023517897091722594,0.05641025641025641,0.0,0.043478260869565216,0.038461538461538464,0.028205128205128206,0.04512820512820513,0.4583333333333333,0.05051935788479698,Darrynton Evans,RB,10.700000000000001,30.0
00-0036297,2023,REG,0,0,0.0,0,0.0,0.0,0.0,0,0,0.0,0.0,0.0,0.0,0,0.0,0.0,32,121.0,1,0.0,0.0,10.0,0.6038455819798321,0,7,12,49.0,0,0.0,0.0,-14.0,69.0,2.0,-5.2291400569987045,0,-23.05,0.3926461275599207,-0.35080536244064475,0.3434054376314297,0.0,23.0,6,0.06557377049180328,-0.013972055888223553,0.10518292682926829,0.08718301102712607,0.04224137931034483,0.0,0.03076923076923077,0.028985507246376812,0.021120689655172414,0.033793103448275866,0.2677595628415301,0.06947660954145438,Darrynton Evans,RB,30.0,0.30000000000000004
00-0036309,2020,REG,0,0,0.0,0,0.0,0.0,0.0,0,0,0.0,0.0,0.0,0.0,0,0.0,0.0,4,20.0,0,0.0,0.0,1.0,0.14997532864799723,0,61,98,631.0,4,1.0,0.0,1128.0,254.0,33.0,10.036569511422167,1,13.024980794162184,2.5948818394293225,3.6109962462128378,6.4200201314929695,0.0,91.1,16,0.15960912052117263,0.23162217659137577,0.14793244030285382,0.42471142205485957,0.16076433121019107,0.15384615384615385,0.15137614678899083,0.15163934426229508,0.15730524252817246,0.15938069573738364,1.0276872964169381,0.10724862501762797,Darnell Mooney,WR,150.1,219.70000000000002
00-0036309,2021,REG,0,0,0.0,0,0.0,0.0,0.0,0,0,0.0,0.0,0.0,0.0,0,0.0,0.0,6,32.0,1,0.0,0.0,2.0,0.9643581494456157,0,81,140,1055.0,4,0.0,0.0,1556.0,381.0,49.0,1.4899042949728007,0,11.520290363535413,4.63177848402491,5.997365124844214,11.145823313428314,0.0,138.70000000000002,17,0.25830258302583026,0.34616240266963294,0.238125,0.6643837966744517,0.2902338376891334,0.25,0.2722222222222222,0.27040816326530615,0.2701169188445667,0.28218707015130673,1.9464944649446494,0.1748229489933954,Darnell Mooney,WR,219.70000000000002,101.5
00-0036309,2022,REG,0,0,0.0,0,0.0,0.0,0.0,0,0,0.0,0.0,0.0,0.0,0,0.0,0.0,1,2.0,0,0.0,0.0,0.0,-0.6093795886263251,0,40,61,493.0,2,0.0,0.0,727.0,168.0,20.0,15.445919421472997,0,8.41106143623306,2.967704473004648,4.046318905286007,7.283979943207177,0.0,61.5,11,0.2663755458515284,0.34276284771334276,0.22340425531914893,0.6737735969479668,0.29933211900425016,0.15384615384615385,0.2898550724637681,0.2682926829268293,0.226589136425202,0.2702349259726309,2.1528384279475983,0.13024843445231496,Darnell Mooney,WR,101.5,78.9
00-0036309,2023,REG,0,0,0.0,0,0.0,0.0,0.0,0,0,0.0,0.0,0.0,0.0,0,0.0,0.0,2,5.0,0,0.0,0.0,0.0,-0.7624294410925359,0,31,61,414.0,1,0.0,0.0,630.0,181.0,20.0,-4.804643356433066,0,14.511597852935784,2.0657579272628,3.4676132736024217,5.525966182415894,0.0,47.900000000000006,14,0.13990825688073394,0.19898926089703095,0.12719606465214336,0.3690537940387257,0.1481746599856836,0.058823529411764705,0.14285714285714285,0.1337579617834395,0.10349909469872415,0.13030443387089985,0.9495412844036697,0.07362409719500587,Darnell Mooney,WR,78.9,193.20000000000002
00-0036322,2020,REG,0,0,0.0,0,0.0,0.0,0.0,0,0,0.0,0.0,0.0,0.0,0,0.0,0.0,1,2.0,0,0.0,0.0,0.0,-0.5604234142228961,0,88,125,1400.0,7,1.0,0.0,1430.0,453.0,58.0,65.02597520993379,2,17.37910391649671,4.04769144169828,6.276382409372451,10.465004849108135,0.0,186.20000000000002,16,0.24224806201550386,0.3485254691689008,0.23398760330578514,0.6421924683583764,0.32825322391559203,0.2,0.27358490566037735,0.2631578947368421,0.264126611957796,0.3026025791324737,2.7131782945736433,0.16859321200196753,Justin Jefferson,WR,270.2,330.75
00-0036322,2021,REG,2,4,35.0,0,0.0,0.0,0.0,0,0,36.0,28.0,2.0,1.2533358797663823,0,1.0,0.0,6,14.0,0,0.0,0.0,1.0,-2.2447933896328323,0,108,167,1616.0,10,1.0,1.0,2063.0,490.0,75.0,80.57113027379445,0,13.573589479278505,4.99988763913464,7.765627610114321,12.935770785781983,0.0,222.4,17,0.2764900662251656,0.42606361007848,0.25205761316872427,0.7555859874005324,0.36314606741573036,0.29411764705882354,0.3712871287128713,0.3601694915254237,0.32863185723727695,0.349340383344349,2.6754966887417218,0.2062421972534332,Justin Jefferson,WR,330.75,381.6
00-0036322,2022,REG,2,2,34.0,0,0.0,0.0,0.0,0,0,3.0,31.0,2.0,3.05308636976406,0,1.375,0.0,4,24.0,1,0.0,0.0,2.0,2.2767023705528118,0,128,184,1809.0,8,0.0,0.0,1867.0,613.0,80.0,74.31703681422582,1,17.137722570277717,4.805572608715196,6.710207912499406,11.905504451822377,0.0,240.66,17,0.27380952380952384,0.3722831505483549,0.28983451536643023,0.7085408061529697,0.37546699875467,0.26666666666666666,0.32786885245901637,0.32116788321167883,0.3210668327106683,0.35370693233706935,2.6919642857142856,0.22093706176361305,Justin Jefferson,WR,381.6,204.2
00-0036322,2023,REG,0,1,0.0,0,0.0,0.0,0.0,0,0,20.0,0.0,0.0,-0.39332577056484297,0,0.0,0.0,1,-12.0,0,0.0,0.0,0.0,-1.9716245462186635,0,68,100,1074.0,5,1.0,0.0,1258.0,260.0,51.0,42.82270591843974,0,8.442528883061453,2.8136063871981545,4.111504209164043,7.098462527212062,0.0,136.2,10,0.25906735751295334,0.38225463384989367,0.22317596566523606,0.694404743349345,0.3660531697341513,0.25,0.3695652173913043,0.35443037974683544,0.3080265848670757,0.34284253578732105,2.7823834196891193,0.2219661724422801,Justin Jefferson,WR,204.2,328.5
00-0036326,2020,REG,0,0,0.0,0,0.0,0.0,0.0,0,0,0.0,0.0,0.0,0.0,0,0.0,0.0,10,16.0,2,0.0,0.0,4.0,-0.16023353283526376,0,62,109,873.0,9,3.0,1.0,1438.0,329.0,41.0,46.902786396743785,0,11.340942105180732,2.7402509360452743,4.905213616783381,7.544025935816277,0.0,152.9,16,0.16615853658536586,0.3087824779901224,0.15886045388701112,0.49626378727014675,0.21143133930733835,0.2571428571428571,0.19902912621359223,0.2074688796680498,0.23428709822509775,0.22057364287444212,1.3307926829268293,0.13962161178824814,Chase Claypool,WR,237.8,172.1
00-0036326,2021,REG,0,0,0.0,0,0.0,0.0,0.0,0,0,0.0,0.0,0.0,0.0,0,0.0,0.0,14,96.0,0,0.0,0.0,7.0,3.820542685338296,0,59,105,860.0,2,0.0,0.0,1202.0,295.0,36.0,9.79091478392468,0,11.588407697825627,2.705443313488666,4.493084945754178,7.203324432260923,0.0,107.60000000000001,15,0.18292682926829268,0.3150720838794233,0.16032608695652173,0.5264479110059777,0.24273214789726222,0.09523809523809523,0.2,0.1890547263681592,0.16898512156767873,0.21323333736542882,1.4982578397212543,0.1330012294231291,Chase Claypool,WR,172.1,105.05000000000001
00-0036326,2022,REG,1,1,1.0,1,0.0,0.0,0.0,0,0,1.0,0.0,1.0,2.553211367689073,0,1.0,0.0,9,59.0,0,0.0,0.0,3.0,2.334996713354485,0,46,79,451.0,1,1.0,1.0,817.0,143.0,24.0,-5.912490091524573,0,9.485287592855853,2.6107073814194557,3.2651997345849355,6.201700886338639,0.0,59.04,15,0.170995670995671,0.2069402228976697,0.12098138747884941,0.4220456848116423,0.15758211041229908,0.06666666666666667,0.17266187050359713,0.16233766233766234,0.11212438853948287,0.1393990216631726,0.9761904761904762,0.09738730553134678,Chase Claypool,WR,105.05000000000001,21.7
00-0036328,2020,REG,0,0,0.0,0,0.0,0.0,0.0,0,0,0.0,0.0,0.0,0.0,0,0.0,0.0,170,795.0,11,0.0,0.0,40.0,5.443802643188974,0,36,44,247.0,0,2.0,2.0,-36.0,301.0,9.0,-6.783572795509826,0,-40.78676470588235,1.3238681958784673,-0.20571671095152574,1.841800596151633,0.0,166.2,14,0.08560311284046693,-0.01144310235219326,0.15133232780291603,0.11925018737894577,0.07279693486590039,0.0,0.055900621118012424,0.05113636363636364,0.03639846743295019,0.058237547892720315,0.4805447470817121,0.17372327995051204,Antonio Gibson,RB,207.70000000000002,227.1
00-0036328,2021,REG,0,0,0.0,0,0.0,0.0,0.0,0,0,0.0,0.0,0.0,0.0,0,0.0,0.0,258,1037.0,7,5.0,3.0,65.0,-25.182261975299575,1,42,52,294.0,3,1.0,1.0,-9.0,333.0,12.0,2.246203568065539,0,-23.03095238095238,1.773859809207729,0.01926039109999403,2.674271987581589,0.0,187.10000000000002,16,0.10116731517509728,-0.002284843869002285,0.1888825865002836,0.1499230976674441,0.0840240068591026,0.14285714285714285,0.0718562874251497,0.0797872340425532,0.11344057485812273,0.09579063405871066,0.5719844357976653,0.181600558039253,Antonio Gibson,RB,227.1,165.9
00-0036328,2022,REG,0,0,0.0,0,0.0,0.0,0.0,0,0,0.0,0.0,0.0,0.0,0,0.0,0.0,149,546.0,3,1.0,0.0,32.0,-15.689292970686962,0,46,58,353.0,2,0.0,0.0,69.0,297.0,18.0,3.035976645553124,0,-8.253623188405797,1.8716666658204928,0.30093469825074975,3.018154287506264,0.0,119.9,15,0.11439842209072978,0.01699088894360995,0.19186046511627908,0.18519034429098263,0.10169979832901181,0.08695652173913043,0.10650887573964497,0.10416666666666667,0.09432816003407113,0.09875114301103553,0.6962524654832347,0.13481886001267737,Antonio Gibson,RB,165.9,127.4
00-0036328,2023,REG,0,0,0.0,0,0.0,0.0,0.0,0,0,0.0,0.0,0.0,0.0,0,0.0,0.0,65,265.0,1,1.0,1.0,13.0,-6.735830693331081,0,48,59,389.0,2,2.0,1.0,-2.0,377.0,19.0,0.8663656756786651,0,35.35531400966184,1.7279241352517214,-0.05474216462286401,2.5535666876415775,0.0,79.4,16,0.09983079526226735,-0.00044742729306487697,0.19625195210827695,0.14938825105894912,0.09928534966819806,0.08695652173913043,0.10674157303370786,0.1044776119402985,0.09312093570366425,0.09681958408238454,0.6582064297800339,0.09562267323165606,Antonio Gibson,RB,127.4,103.4
00-0036331,2020,REG,0,0,0.0,0,0.0,0.0,0.0,0,0,0.0,0.0,0.0,0.0,0,0.0,0.0,4,70.0,0,0.0,0.0,3.0,5.023026819864754,0,20,26,201.0,0,0.0,0.0,161.0,118.0,8.0,4.225897641823394,0,16.636743385146996,1.0537499661015612,0.7103370217821976,2.07786086439988,1.0,33.1,14,0.07242339832869081,0.05276958374303507,0.10698096101541252,0.15085076448746426,0.08062575210589651,0.0,0.06666666666666667,0.055944055944055944,0.040312876052948254,0.0645006016847172,0.5598885793871866,0.04612898742094656,Devin Duvernay,WR,47.1,77.2
00-0036331,2021,REG,0,0,0.0,0,0.0,0.0,0.0,0,0,0.0,0.0,0.0,0.0,0,0.0,0.0,7,50.0,0,0.0,0.0,3.0,2.461163314874284,0,33,47,272.0,2,0.0,0.0,284.0,141.0,14.0,7.448230200625511,0,27.721249106930223,1.3419903745560933,0.9545074992226629,2.6811408112900037,0.0,44.199999999999996,15,0.08623853211009175,0.06037414965986394,0.0954637779282329,0.1776571178930288,0.07303974221267455,0.1111111111111111,0.0782122905027933,0.08121827411167512,0.09207542666189283,0.08065401599236187,0.4990825688073395,0.05856204390636142,Devin Duvernay,WR,77.2,110.10000000000001
00-0036331,2022,REG,0,0,0.0,0,0.0,0.0,0.0,0,0,0.0,0.0,0.0,0.0,0,0.0,0.0,12,84.0,1,0.0,0.0,7.0,5.453733798582107,0,37,49,407.0,3,0.0,0.0,437.0,159.0,19.0,19.672693191823782,0,19.770294011759287,1.7562026377949298,1.9580041257097063,4.004906844689189,1.0,79.1,14,0.1206896551724138,0.13198429477499246,0.13802083333333334,0.28662191857861463,0.1523773867465369,0.17647058823529413,0.1532258064516129,0.15602836879432624,0.16442398749091552,0.15719602704428834,1.0024630541871922,0.10665662263214949,Devin Duvernay,WR,110.10000000000001,7.3
00-0036331,2023,REG,0,0,0.0,0,0.0,0.0,0.0,0,0,0.0,0.0,0.0,0.0,0,0.0,0.0,4,15.0,0,0.0,0.0,0.0,-0.5527567394892685,0,4,9,18.0,0,0.0,0.0,81.0,17.0,0.0,-4.006126745357719,0,2.0,0.32416932482721955,0.3091985016651088,0.7026929384064055,0.0,3.3,6,0.04838709677419355,0.05476673427991886,0.03165735567970205,0.1163940325852254,0.014251781472684086,0.0,0.0,0.0,0.007125890736342043,0.01140142517814727,0.0967741935483871,0.014056843564661478,Devin Duvernay,WR,7.3,19.200000000000003
00-0036332,2020,REG,0,0,0.0,0,0.0,0.0,0.0,0,0,0.0,0.0,0.0,0.0,0,0.0,0.0,0,0.0,0,0.0,0.0,0.0,0.0,0,1,2,12.0,0,0.0,0.0,24.0,11.0,1.0,0.43967515195254236,0,0.5,0.04878048780487805,0.06266318537859007,0.11703496147233014,0.0,1.2000000000000002,1,0.045454545454545456,0.061381074168797956,0.07096774193548387,0.11728667751685654,0.03296703296703297,0.0,0.058823529411764705,0.047619047619047616,0.016483516483516484,0.026373626373626377,0.2727272727272727,0.01519756838905775,Josiah Deguara,TE,2.2,61.5
00-0036332,2021,REG,0,0,0.0,0,0.0,0.0,0.0,0,0,0.0,0.0,0.0,0.0,0,0.0,0.0,0,0.0,0,0.0,0.0,0.0,0.0,0,25,33,245.0,2,0.0,0.0,114.0,204.0,9.0,0.7774949587930151,0,14.574412793603198,0.9616136630605321,0.40133439237942775,1.7233545692563976,0.0,36.5,12,0.07838479809976247,0.03684550743374273,0.11486486486486487,0.1470536030966379,0.07646691635455681,0.07142857142857142,0.05454545454545454,0.05699481865284974,0.07394774389156411,0.07545924736935974,0.5819477434679335,0.050552377194712964,Josiah Deguara,TE,61.5,24.400000000000002
00-0036332,2022,REG,0,0,0.0,0,0.0,0.0,0.0,0,0,0.0,0.0,0.0,0.0,0,0.0,0.0,0,0.0,0,0.0,0.0,0.0,0.0,0,13,15,114.0,0,0.0,0.0,49.0,63.0,4.0,3.4746857234858908,0,18.1031746031746,0.4199956010414268,0.1539404714384183,0.7377517315690331,0.0,11.400000000000002,9,0.045871559633027525,0.017345132743362832,0.06164383561643835,0.08268344564423155,0.055099081681971966,0.0,0.04,0.036036036036036036,0.027549540840985983,0.04407926534557757,0.3486238532110092,0.03243990640289301,Josiah Deguara,TE,24.400000000000002,14.5
00-0036332,2023,REG,0,0,0.0,0,0.0,0.0,0.0,0,0,0.0,0.0,0.0,0.0,0,0.0,0.0,0,0.0,0,0.0,0.0,0.0,0.0,0,8,8,65.0,0,0.0,0.0,26.0,39.0,3.0,1.157741245930083,0,7.939473684210526,0.27212981744421905,0.09320382083510323,0.47343740075090085,0.0,6.500000000000001,4,0.06837606837606838,0.02663934426229508,0.10893854748603352,0.12387557797393864,0.080545229244114,0.0,0.08333333333333333,0.07317073170731707,0.040272614622057,0.06443618339529121,0.5555555555555556,0.05097019122609674,Josiah Deguara,TE,14.5,4.4
00-0036336,2020,REG,0,0,0.0,0,0.0,0.0,0.0,0,0,0.0,0.0,0.0,0.0,0,0.0,0.0,33,113.0,0,0.0,0.0,4.0,-5.061271756887436,0,6,9,54.0,0,0.0,0.0,23.0,47.0,1.0,-1.9032967435778119,0,-16.457142857142856,0.23026528286141393,0.07095688439735083,0.39506774337026646,0.0,16.7,11,0.019955654101995565,0.007214554579673777,0.03374012921751615,0.03570512481673237,0.019794721407624633,0.0,0.007575757575757576,0.006535947712418301,0.009897360703812317,0.015835777126099706,0.1197339246119734,0.02210924107838554,Anthony McFarland,RB,22.700000000000003,2.4
00-0036336,2021,REG,0,0,0.0,0,0.0,0.0,0.0,0,0,0.0,0.0,0.0,0.0,0,0.0,0.0,3,3.0,0,0.0,0.0,0.0,-2.059269697696436,0,1,1,11.0,0,0.0,0.0,0.0,11.0,1.0,-1.8559470546315424,0,0.0,0.02564102564102564,0.0,0.038461538461538464,0.0,1.4000000000000001,2,0.013157894736842105,0.0,0.039711191335740074,0.019736842105263157,0.020793950850661626,0.0,0.03571428571428571,0.03333333333333333,0.010396975425330813,0.016635160680529303,0.14473684210526316,0.015319800842589043,Anthony McFarland,RB,2.4,6.1
00-0036336,2022,REG,0,0,0.0,0,0.0,0.0,0.0,0,0,0.0,0.0,0.0,0.0,0,0.0,0.0,6,30.0,0,0.0,0.0,3.0,0.7719154636724852,0,2,2,11.0,0,0.0,0.0,-4.0,15.0,1.0,-0.4527095224475488,0,-2.75,0.07142857142857142,-0.024539877300613498,0.08996494303242769,0.0,4.1000000000000005,1,0.07142857142857142,-0.024539877300613498,0.18518518518518517,0.08751095530236634,0.06321839080459771,0.0,0.1,0.1,0.0,0.0,0.39285714285714285,0.07864878803506963,Anthony McFarland,RB,6.1,3.1
00-0036345,2021,REG,0,0,0.0,0,0.0,0.0,0.0,0,0,0.0,0.0,0.0,0.0,0,0.0,0.0,1,10.0,0,0.0,0.0,1.0,0.5470396659802645,0,50,82,655.0,7,0.0,0.0,861.0,179.0,26.0,14.607148827083604,0,15.660833439109169,2.4047385983838288,3.017151766412683,5.719114134064621,0.0,108.5,17,0.1357615894039735,0.177819083023544,0.09207818930041152,0.3458976505247955,0.14719101123595504,0.20588235294117646,0.12871287128712872,0.13983050847457626,0.17653668208856577,0.15892927957699934,1.0844370860927153,0.09893882646691636,K.J. Osborn,WR,158.5,165.6
00-0036345,2022,REG,0,0,0.0,0,0.0,0.0,0.0,0,0,0.0,0.0,0.0,0.0,0,0.0,0.0,3,6.0,0,0.0,0.0,2.0,3.177500358265535,0,60,90,650.0,5,1.0,0.0,753.0,300.0,32.0,21.834048940413645,0,16.55178210969888,2.3321933878883088,2.6058090056192715,5.3223563857659535,0.0,95.60000000000001,17,0.13392857142857142,0.1501495513459621,0.14184397163120568,0.32101249821962685,0.13491075134910752,0.16666666666666666,0.13114754098360656,0.13503649635036497,0.1507887090078871,0.14126193441261936,0.9672619047619048,0.09325071016768346,K.J. Osborn,WR,165.6,120.0
00-0036345,2023,REG,0,0,0.0,0,0.0,0.0,0.0,0,0,0.0,0.0,0.0,0.0,0,0.0,0.0,0,0.0,0,0.0,0.0,0.0,0.0,0,48,75,540.0,3,1.0,0.0,659.0,185.0,28.0,6.300214012577381,0,11.976315348718115,2.072567178207877,2.3360157024553763,4.744061759030579,0.0,72.0,15,0.13274336283185842,0.1494669993195736,0.10768335273573923,0.3186886437034465,0.12699905926622765,0.10714285714285714,0.1414141414141414,0.13716814159292035,0.11707095820454239,0.12302781884155356,0.9557522123893806,0.0876949385404639,K.J. Osborn,WR,120.0,18.7
00-0036355,2020,REG,396,595,4336.0,31,10.0,32.0,218.0,4,1,4368.0,2220.0,216.0,89.51523688016161,2,15.326628092003448,1.9310098106265752,55,234.0,5,4.0,0.0,20.0,0.6646792313549668,0,0,0,0.0,0,0.0,0.0,0.0,0.0,0.0,0.0,0,0.0,0.0,0.0,0.0,0.0,332.84000000000003,15,0.0,0.0,0.0,0.0,0.0,0.0,0.0,0.0,0.0,0.0,0.0,0.21875780479789683,Justin Herbert,QB,372.2,420.90000000000003
00-0036355,2021,REG,443,672,5014.0,38,15.0,31.0,214.0,1,0,5058.0,2403.0,256.0,118.18470376370668,5,18.029528127166124,2.1980162866419444,63,302.0,3,0.0,0.0,28.0,11.158099026499448,0,0,0,0.0,0,0.0,0.0,0.0,0.0,0.0,0.0,1,0.0,0.0,0.0,0.0,0.0,382.76,17,0.0,0.0,0.0,0.0,0.0,0.0,0.0,0.0,0.0,0.0,0.0,0.21166139485500673,Justin Herbert,QB,420.90000000000003,345.5
00-0036355,2022,REG,477,699,4739.0,25,10.0,38.0,206.0,5,3,4504.0,2489.0,228.0,23.458502653806413,1,18.394878922935288,1.6982919803870669,54,147.0,0,3.0,0.0,17.0,10.19071269541746,0,2,2,-10.0,0,0.0,0.0,-15.0,5.0,0.0,-2.787758179299999,0,0.0,0.054090601757944556,-0.055489803969581954,0.042293039858209466,0.0,279.26,17,0.0028129395218002813,-0.0033178500331785005,0.001959247648902821,0.0015651292561576218,-0.002087246921310791,0.0,0.0,0.0,-0.0010436234606553956,-0.001669797537048633,-0.014064697609001406,0.17253732808225059,Justin Herbert,QB,345.5,266.5
00-0036355,2023,REG,297,456,3134.0,20,7.0,29.0,233.0,3,1,3490.0,1568.0,150.0,26.86385552285643,1,12.114518288156395,1.0576313660183028,52,228.0,3,1.0,0.0,16.0,5.384589101048538,0,1,1,10.0,0,0.0,0.0,-7.0,17.0,1.0,1.7805309167597443,0,0.0,0.02702702702702703,-0.02734375,0.021399915540540545,0.0,233.16,13,0.002074688796680498,-0.0018701576275714667,0.010346926354230066,0.0016159070929635737,0.00297441998810232,0.0,0.006289308176100629,0.005555555555555556,0.00148720999405116,0.002379535990481856,0.02074688796680498,0.2021269249361232,Justin Herbert,QB,266.5,326.2
00-0036357,2020,REG,0,0,0.0,0,0.0,0.0,0.0,0,0,0.0,0.0,0.0,0.0,0,0.0,0.0,9,49.0,0,1.0,1.0,3.0,-4.587324684660416,0,26,43,452.0,2,1.0,1.0,748.0,145.0,13.0,13.269447688677271,0,8.416346634824054,1.4166074303584297,3.113053455128585,4.304048564127654,0.0,58.1,13,0.09728506787330317,0.2039258451472192,0.08529411764705883,0.3090682779277302,0.12797281993204984,0.08695652173913043,0.07926829268292683,0.08021390374331551,0.10746467083559014,0.11976956029346596,1.0226244343891402,0.06757299651287986,Henry Ruggs,WR,84.1,84.5
00-0036358,2020,REG,0,0,0.0,0,0.0,1.0,4.0,0,0,0.0,0.0,0.0,-1.2370598842389882,0,0.0,0.0,10,82.0,1,0.0,0.0,4.0,7.501153362078908,1,74,111,935.0,5,1.0,1.0,1031.0,311.0,46.0,16.42462300020956,0,15.694062727413705,2.937923755265964,3.6965649140686527,6.9944810727470035,1.0,143.70000000000002,16,0.17370892018779344,0.21664215171254464,0.15097087378640778,0.4338771016517259,0.2072711150520949,0.2,0.19913419913419914,0.19921875,0.20363555752604745,0.20581689204167594,1.4632237871674492,0.14309753243850815,CeeDee Lamb,WR,209.70000000000002,236.4
00-0036358,2021,REG,0,0,0.0,0,0.0,0.0,0.0,0,0,0.0,0.0,0.0,0.0,0,0.0,0.0,9,76.0,0,0.0,0.0,4.0,4.083713590283878,0,79,120,1102.0,6,0.0,0.0,1233.0,441.0,53.0,28.825307176290984,0,18.189744407042046,3.2123006890983232,4.153592664047662,7.725965898480848,0.0,153.8,16,0.2,0.25876180482686256,0.2094017094017094,0.50700944386149,0.24019180470793375,0.15789473684210525,0.225531914893617,0.21611721611721613,0.1990432707750195,0.22373239113476806,1.8366666666666667,0.13615468294908234,CeeDee Lamb,WR,236.4,340.70000000000005
00-0036358,2022,REG,0,0,0.0,0,0.0,0.0,0.0,0,0,0.0,0.0,0.0,0.0,0,0.0,0.0,10,47.0,0,0.0,0.0,3.0,0.05972498160554096,0,107,156,1359.0,9,0.0,0.0,1565.0,494.0,67.0,61.797073013132525,0,16.410440050727825,4.979745193067313,6.204168229460041,11.812535550222997,0.0,194.6,17,0.2805755395683453,0.35011185682326623,0.29634073185362925,0.7009527948111309,0.3474814625415495,0.32142857142857145,0.34536082474226804,0.34234234234234234,0.33445501698506047,0.34227088431895386,2.444244604316547,0.1991626715268698,CeeDee Lamb,WR,340.70000000000005,426.70000000000005
00-0036358,2023,REG,0,0,0.0,0,0.0,0.0,0.0,0,0,0.0,0.0,0.0,0.0,0,0.0,0.0,14,113.0,2,0.0,0.0,6.0,8.38835913920775,0,135,181,1749.0,12,3.0,1.0,1722.0,680.0,80.0,102.46698511857049,1,18.67070490324012,4.983550836418484,6.136822896298897,11.771102282036953,0.0,270.2,17,0.2947882736156352,0.3591989987484355,0.33284385707293196,0.7295416094222013,0.3753218884120172,0.3333333333333333,0.34934497816593885,0.3471698113207547,0.3543276108726753,0.3669241773962804,2.8485342019543975,0.2371809880590026,CeeDee Lamb,WR,426.70000000000005,261.40000000000003
00-0036360,2020,REG,0,0,0.0,0,0.0,0.0,0.0,0,0,0.0,0.0,0.0,0.0,0,0.0,0.0,181,803.0,4,0.0,0.0,39.0,-9.253437328397435,0,36,54,297.0,1,0.0,0.0,33.0,295.0,12.0,2.154613908493546,0,9.196969696969695,1.4676414884930657,0.05034833861728394,2.236706069771697,0.0,140.0,13,0.10526315789473684,0.007808802650260294,0.15112704918032788,0.1641417789623135,0.07086614173228346,0.02857142857142857,0.05714285714285714,0.053061224489795916,0.049718785151856015,0.062407199100112484,0.5789473684210527,0.11698705166041849,Clyde Edwards-Helaire,RB,194.4,128.5
00-0036360,2021,REG,0,0,0.0,0,0.0,0.0,0.0,0,0,0.0,0.0,0.0,0.0,0,0.0,0.0,119,517.0,4,2.0,2.0,21.0,-8.796600045228843,0,19,23,129.0,2,0.0,0.0,-53.0,169.0,8.0,-0.965723157404438,1,-8.88809523809524,0.7096877497080337,-0.26661715212160214,0.8778996180769291,0.0,98.6,10,0.06353591160220995,-0.020439645198611647,0.1093143596377749,0.0789521512444256,0.045104895104895106,0.08333333333333333,0.052980132450331126,0.05714285714285714,0.06421911421911422,0.05275058275058275,0.356353591160221,0.1122673031026253,Clyde Edwards-Helaire,RB,128.5,98.3
00-0036360,2022,REG,0,0,0.0,0,0.0,0.0,0.0,0,0,0.0,0.0,0.0,0.0,0,0.0,0.0,71,302.0,3,0.0,0.0,15.0,1.9969222918880405,0,17,23,151.0,3,0.0,0.0,10.0,144.0,11.0,10.229611164977541,0,-53.53333333333333,0.6189595982764863,0.014418408988720512,0.9385322837068338,0.0,81.3,10,0.05707196029776675,0.003427004797806717,0.08866995073891626,0.0883495442848955,0.04624808575803982,0.10714285714285714,0.06470588235294118,0.0707070707070707,0.07669547145044847,0.058427040035003285,0.3746898263027295,0.08542626227513686,Clyde Edwards-Helaire,RB,98.3,78.10000000000001
00-0036360,2023,REG,0,0,0.0,0,0.0,0.0,0.0,0,0,0.0,0.0,0.0,0.0,0,0.0,0.0,70,223.0,1,0.0,0.0,12.0,-14.841648981469916,0,17,22,188.0,1,0.0,0.0,-54.0,228.0,7.0,3.835840685906144,0,-33.28484848484848,0.6148305707809493,-0.27161852922966345,0.7321128857106595,0.0,53.10000000000001,15,0.03819444444444445,-0.014281935995768316,0.095,0.045866117870052014,0.047558816089046295,0.04,0.035897435897435895,0.03636363636363636,0.04377940804452315,0.04604705287123704,0.3263888888888889,0.052106562007552114,Clyde Edwards-Helaire,RB,78.10000000000001,10.0
00-0036365,2020,REG,0,0,0.0,0,0.0,0.0,0.0,0,0,0.0,0.0,0.0,0.0,0,0.0,0.0,0,0.0,0,0.0,0.0,0.0,0.0,0,11,15,193.0,1,0.0,0.0,127.0,80.0,9.0,11.832363059701432,0,7.004652018910331,0.4689772527870023,0.46971877065197576,1.0322690186368864,0.0,25.300000000000004,9,0.04777070063694268,0.04916763453348819,0.06546644844517185,0.11099015858220458,0.0759543486816214,0.06666666666666667,0.07317073170731707,0.07246376811594203,0.07131050767414404,0.07409681227863046,0.6146496815286624,0.041934291391340514,Bryan Edwards,WR,36.300000000000004,116.2
00-0036365,2021,REG,0,0,0.0,0,0.0,0.0,0.0,0,0,0.0,0.0,0.0,0.0,0,0.0,0.0,1,0.0,0,0.0,0.0,0.0,-1.8314442201517522,0,34,59,571.0,3,1.0,0.0,827.0,190.0,26.0,18.282616587656474,0,13.675081930897841,1.6410125208989887,2.7878180219581807,4.412991396719209,0.0,75.10000000000001,16,0.0978441127694859,0.16626457579412948,0.08566275924256087,0.2797778297895325,0.12394182765357065,0.13636363636363635,0.1262135922330097,0.12719298245614036,0.1301527320086035,0.1264261893955838,0.9469320066334992,0.07494779072323587,Bryan Edwards,WR,116.2,4.5
00-0036370,2020,REG,0,0,0.0,0,0.0,0.0,0.0,0,0,0.0,0.0,0.0,0.0,0,0.0,0.0,111,354.0,2,2.0,2.0,20.0,-30.135035028249302,0,23,23,148.0,0,0.0,0.0,-25.0,173.0,9.0,6.290674058429431,0,-12.483333333333333,0.6045199008308765,-0.06498229356376503,0.8612922457516792,0.0,58.2,13,0.04431599229287091,-0.006209637357178341,0.09316101238556812,0.06150627855356368,0.039466666666666664,0.0,0.04891304347826087,0.0430622009569378,0.019733333333333332,0.031573333333333335,0.28516377649325625,0.06292134831460675,Joshua Kelley,RB,81.2,17.0
00-0036370,2021,REG,0,0,0.0,0,0.0,0.0,0.0,0,0,0.0,0.0,0.0,0.0,0,0.0,0.0,33,102.0,0,1.0,1.0,5.0,-15.074566347931977,0,5,6,38.0,0,0.0,0.0,13.0,31.0,1.0,1.9723830748698674,0,-10.2,0.1579539432480609,0.05689142500797276,0.27675491237767225,0.0,12.0,8,0.019801980198019802,0.005930656934306569,0.027097902097902096,0.03444749584447496,0.016564952048823016,0.0,0.008547008547008548,0.007518796992481203,0.008282476024411508,0.013251961639058413,0.1254125412541254,0.020870163032802983,Joshua Kelley,RB,17.0,68.60000000000001
00-0036370,2022,REG,0,0,0.0,0,0.0,0.0,0.0,0,0,0.0,0.0,0.0,0.0,0,0.0,0.0,69,287.0,2,0.0,0.0,16.0,2.519012289121747,0,14,25,101.0,0,0.0,0.0,48.0,88.0,4.0,-5.558088115241844,0,-28.51153846153846,0.6348512010913048,0.20847736146196072,1.0982109546603298,0.0,50.800000000000004,12,0.05070993914807302,0.015127639457926252,0.046610169491525424,0.08816702028845053,0.028539135348968635,0.0,0.023529411764705882,0.021052631578947368,0.014269567674484318,0.02283130827917491,0.20486815415821502,0.053795576808129124,Joshua Kelley,RB,68.60000000000001,61.7
00-0036370,2023,REG,0,0,0.0,0,0.0,0.0,0.0,0,0,0.0,0.0,0.0,0.0,0,0.0,0.0,107,405.0,2,1.0,1.0,21.0,-26.154033202018944,0,8,12,32.0,0,0.0,0.0,15.0,39.0,0.0,-5.66513554926496,0,0.05980861244019131,0.3328726489131682,0.07224810348101923,0.5498826458064657,0.0,53.7,17,0.0189873417721519,0.003169237270230298,0.017922794117647058,0.031016402474412084,0.0074211502782931356,0.0,0.0,0.0,0.0037105751391465678,0.005936920222634509,0.05063291139240506,0.0424673751445405,Joshua Kelley,RB,61.7,0.2
00-0036382,2020,REG,0,0,0.0,0,0.0,0.0,0.0,0,0,0.0,0.0,0.0,0.0,0,0.0,0.0,0,0.0,0,0.0,0.0,0.0,0.0,0,7,11,73.0,0,0.0,0.0,79.0,18.0,2.0,0.0636240232270211,0,3.516766917293233,0.2815413752913753,0.23531658254122276,0.5870336707159188,0.0,7.300000000000001,5,0.05188679245283019,0.049251870324189526,0.02773497688751926,0.11723168493859693,0.05367647058823529,0.0,0.027777777777777776,0.024691358024691357,0.026838235294117645,0.04294117647058823,0.3443396226415094,0.03021339530952884,K.J. Hill,WR,14.3,6.0
00-0036383,2021,REG,0,0,0.0,0,0.0,0.0,0.0,0,0,0.0,0.0,0.0,0.0,0,0.0,0.0,34,118.0,1,0.0,0.0,4.0,-6.035028448619414,0,6,7,42.0,0,0.0,0.0,-1.0,46.0,4.0,3.5773844519862905,0,-9.333333333333334,0.22644080057873162,-0.07702450107807732,0.2857440501134433,0.0,22.0,7,0.03167420814479638,-0.0006825938566552901,0.053488372093023255,0.046965237131870334,0.025255562236921228,0.0,0.04938271604938271,0.043478260869565216,0.012627781118460614,0.020204449789536984,0.19004524886877827,0.043782837127845885,Eno Benjamin,RB,33.4,87.60000000000001
00-0036387,2020,REG,0,0,0.0,0,0.0,0.0,0.0,0,0,0.0,0.0,0.0,0.0,0,0.0,0.0,4,26.0,0,0.0,0.0,2.0,0.4263916027848609,0,31,54,396.0,1,0.0,0.0,705.0,173.0,19.0,2.7484872485887797,1,8.828487403278173,1.565949501665625,2.2688022939418264,3.937085858257716,1.0,56.2,11,0.13366336633663367,0.19432194046306506,0.16828793774319067,0.35595260187540256,0.16084484159220147,0.07142857142857142,0.1623931623931624,0.15267175572519084,0.11613670651038645,0.14296158755947547,0.9801980198019802,0.09994498441225014,Jalen Reagor,WR,79.2,79.3
00-0036387,2021,REG,0,0,0.0,0,0.0,0.0,0.0,0,0,0.0,0.0,0.0,0.0,0,0.0,0.0,10,32.0,0,0.0,0.0,3.0,-1.5066254753619432,0,33,57,299.0,2,0.0,0.0,549.0,151.0,13.0,-10.805154635583914,0,19.20792609647557,2.0478166560883144,2.1744616419832528,4.593848133520749,0.0,45.1,17,0.11538461538461539,0.12978723404255318,0.08733371891266628,0.27690671031096564,0.08340306834030684,0.1,0.07784431137724551,0.08021390374331551,0.09170153417015342,0.08672245467224547,0.6052631578947368,0.055217760180995466,Jalen Reagor,WR,79.3,26.900000000000002
00-0036387,2022,REG,0,0,0.0,0,0.0,0.0,0.0,0,0,0.0,0.0,0.0,0.0,0,0.0,0.0,4,25.0,0,0.0,0.0,1.0,2.752128706080839,0,8,13,104.0,1,0.0,0.0,176.0,28.0,5.0,-0.13737014075741172,0,7.318910256410256,0.3432653057653058,0.5313940484293671,0.8868737925485155,0.0,18.900000000000002,10,0.0325,0.058355437665782495,0.02122820318423048,0.095434350132626,0.035206499661475966,0.0625,0.03164556962025317,0.034482758620689655,0.04885324983073798,0.04066519972918077,0.26,0.027139916865087373,Jalen Reagor,WR,26.900000000000002,22.5
00-0036387,2023,REG,0,0,0.0,0,0.0,0.0,0.0,0,0,0.0,0.0,0.0,0.0,0,0.0,0.0,1,17.0,0,0.0,0.0,1.0,1.2200781891588122,0,7,23,138.0,0,0.0,0.0,359.0,18.0,5.0,-11.385845331475139,0,4.7826142783769905,0.7508710447790046,1.3550190321479663,2.0748198896720833,1.0,21.5,9,0.08333333333333333,0.17598039215686276,0.01958650707290533,0.2657843137254902,0.07809847198641766,0.0,0.0625,0.054945054945054944,0.03904923599320883,0.06247877758913413,0.5,0.045203654358583936,Jalen Reagor,WR,22.5,14.700000000000001
00-0036389,2020,REG,77,148,1061.0,6,4.0,13.0,59.0,3,0,1353.0,468.0,45.0,-4.621174206143219,0,7.654834974246946,-0.002501549750672599,63,354.0,3,6.0,2.0,25.0,2.778729626588756,0,1,1,3.0,0,0.0,0.0,-6.0,9.0,0.0,-0.17026706028264016,0,0.0,0.02564102564102564,-0.016483516483516484,0.026923076923076925,0.0,108.14,14,0.001949317738791423,-0.0013169446883230904,0.007154213036565978,0.001870420857528662,0.0009328358208955224,0.0,0.0,0.0,0.0004664179104477612,0.0007462686567164179,0.005847953216374269,0.0919352393146554,Jalen Hurts,QB,119.75,354.40000000000003
00-0036389,2021,REG,265,432,3144.0,16,9.0,26.0,150.0,6,1,3882.0,1463.0,143.0,15.78835973315087,3,12.939742758055335,1.6942579347986886,139,784.0,10,3.0,1.0,56.0,40.5911976853391,0,0,1,0.0,0,0.0,0.0,3.0,0.0,0.0,-2.804270841705147,0,0.0,0.041666666666666664,0.008875739644970414,0.06871301775147928,0.0,312.16,15,0.0022988505747126436,0.0007741935483870968,0.0,0.004067630700778643,0.0,0.0,0.0,0.0,0.0,0.0,0.0,0.25362365940851483,Jalen Hurts,QB,354.40000000000003,494.3
00-0036389,2022,REG,306,460,3701.0,22,6.0,38.0,231.0,4,2,3725.0,1782.0,165.0,72.2170870482575,0,16.17474285539799,2.1203146719184325,165,760.0,13,5.0,0.0,67.0,47.637342914217925,2,0,0,0.0,0,0.0,0.0,0.0,0.0,0.0,0.0,0,0.0,0.0,0.0,0.0,0.0,378.04,15,0.0,0.0,0.0,0.0,0.0,0.0,0.0,0.0,0.0,0.0,0.0,0.26100524716929024,Jalen Hurts,QB,494.3,412.40000000000003
00-0036389,2023,REG,352,538,3858.0,23,15.0,36.0,222.0,5,1,4638.0,1697.0,185.0,63.33172199597199,0,14.378118028863168,2.1915037332027754,157,605.0,15,4.0,4.0,68.0,21.28859406406032,0,0,0,0.0,0,0.0,0.0,0.0,0.0,0.0,0.0,0,0.0,0.0,0.0,0.0,0.0,356.82,17,0.0,0.0,0.0,0.0,0.0,0.0,0.0,0.0,0.0,0.0,0.0,0.24152215408358038,Jalen Hurts,QB,412.40000000000003,447.85
00-0036407,2020,REG,0,0,0.0,0,0.0,0.0,0.0,0,0,0.0,0.0,0.0,0.0,0,0.0,0.0,0,0.0,0,0.0,0.0,0.0,0.0,0,52,113,856.0,3,2.0,0.0,1529.0,284.0,39.0,-0.7820956838539601,1,9.336034635525825,3.2476032215551798,4.937104089327767,8.327377694862205,0.0,105.60000000000001,16,0.20323741007194246,0.30421806605650614,0.17498459642637093,0.5482305679531185,0.23305200108902804,0.14285714285714285,0.2215909090909091,0.2131979695431472,0.18795457197308546,0.21501302944265102,1.539568345323741,0.12478028851482953,Jerry Jeudy,WR,155.6,85.0
00-0036407,2021,REG,0,0,0.0,0,0.0,0.0,0.0,0,0,0.0,0.0,0.0,0.0,0,0.0,0.0,2,3.0,0,0.0,0.0,0.0,-0.8548270971514285,0,38,56,467.0,0,1.0,0.0,595.0,178.0,22.0,15.39769679902086,0,9.939210967001141,2.010292180113152,2.5626300473735757,4.80927930333123,0.0,47.0,10,0.18855218855218855,0.24916247906197656,0.1755424063116371,0.48215826607786405,0.2266990291262136,0.0,0.23157894736842105,0.21153846153846154,0.1133495145631068,0.18135922330097087,1.5723905723905724,0.1096067053513862,Jerry Jeudy,WR,85.0,204.20000000000002
00-0036407,2022,REG,0,0,0.0,0,0.0,0.0,0.0,0,0,0.0,0.0,0.0,0.0,0,0.0,0.0,4,40.0,0,0.0,0.0,4.0,1.5015500135486946,0,67,100,972.0,6,0.0,0.0,1146.0,396.0,41.0,47.38234580733356,0,14.73656074203642,3.191755085323855,4.07933866422625,7.6431696929441575,0.0,137.20000000000002,15,0.19801980198019803,0.2591587516960651,0.2220975883342681,0.5043567043271492,0.26865671641791045,0.35294117647058826,0.2789115646258503,0.2865853658536585,0.3107989464442493,0.28551360842844603,1.9247524752475247,0.17415481185821993,Jerry Jeudy,WR,204.20000000000002,141.8
00-0036407,2023,REG,0,0,0.0,0,0.0,0.0,0.0,0,0,0.0,0.0,0.0,0.0,0,0.0,0.0,0,0.0,0,0.0,0.0,0.0,0.0,0,54,87,758.0,2,1.0,0.0,1109.0,323.0,28.0,16.952773686104997,0,13.37055337010474,3.1809652033789964,5.911019681948512,8.909161582432453,0.0,87.80000000000001,16,0.18162839248434237,0.30660768592756427,0.16223003515821197,0.517728737468565,0.2236647978754795,0.07692307692307693,0.1958041958041958,0.17751479289940827,0.1502939373992782,0.194316453684999,1.582463465553236,0.11416517720561005,Jerry Jeudy,WR,141.8,239.9
00-0036410,2020,REG,0,0,0.0,0,0.0,0.0,0.0,0,0,0.0,0.0,0.0,0.0,0,0.0,0.0,5,28.0,0,0.0,0.0,1.0,1.0116995979333296,0,67,108,908.0,6,1.0,1.0,1241.0,310.0,52.0,52.87847781305133,0,12.622407370992073,3.2649999361083952,4.23419371550156,7.861435505013684,0.0,127.60000000000001,15,0.1981651376146789,0.27975653742110007,0.18139262726740785,0.5210529363588985,0.25222222222222224,0.3157894736842105,0.27807486631016043,0.2815533980582524,0.2840058479532164,0.2649356725146199,1.6660550458715597,0.1577496757457847,Tee Higgins,WR,194.6,278.0
00-0036410,2021,REG,0,0,0.0,0,0.0,0.0,0.0,0,0,0.0,0.0,0.0,0.0,0,0.0,0.0,0,0.0,0,0.0,0.0,0.0,0.0,0,74,110,1091.0,6,1.0,1.0,1323.0,285.0,53.0,57.02517947462154,1,12.78096678668473,3.2933046074760726,4.704345819612764,8.232998984943043,0.0,145.1,14,0.23109243697478993,0.3447107868681605,0.1395690499510284,0.6224072849567133,0.2628915662650602,0.2,0.292817679558011,0.2796208530805687,0.23144578313253011,0.2503132530120482,2.292016806722689,0.15452429649481628,Tee Higgins,WR,278.0,252.7
00-0036410,2022,REG,0,0,0.0,0,0.0,0.0,0.0,0,0,0.0,0.0,0.0,0.0,0,0.0,0.0,0,0.0,0,0.0,0.0,0.0,0.0,0,74,109,1029.0,7,0.0,0.0,1185.0,286.0,46.0,53.515329473877635,1,12.68022631379989,2.996345515448742,4.563035279489966,7.688642968816089,0.0,146.9,14,0.2011070110701107,0.30956112852664575,0.14965986394557823,0.5493094194264826,0.2531988188976378,0.21875,0.23,0.22844827586206898,0.2359744094488189,0.24630905511811024,1.8985239852398523,0.15254892753062718,Tee Higgins,WR,252.7,137.6
00-0036410,2023,REG,0,0,0.0,0,0.0,0.0,0.0,0,0,0.0,0.0,0.0,0.0,0,0.0,0.0,0,0.0,0,0.0,0.0,0.0,0.0,0,42,76,656.0,5,0.0,0.0,973.0,235.0,33.0,26.474022851910785,0,9.297415899552526,2.1094866541325166,4.448408116085806,6.2781156624588395,0.0,95.60000000000001,12,0.17117117117117117,0.35407569141193596,0.13552479815455595,0.5400173098863055,0.21714664018536908,0.3125,0.2214765100671141,0.23030303030303031,0.26482332009268456,0.23621731214829528,1.4774774774774775,0.13341865922004384,Tee Higgins,WR,137.6,222.10000000000002
00-0036412,2020,REG,0,0,0.0,0,0.0,0.0,0.0,0,0,0.0,0.0,0.0,0.0,0,0.0,0.0,9,40.0,0,0.0,0.0,2.0,-1.20754271035337,0,30,56,381.0,3,1.0,0.0,595.0,124.0,17.0,0.16413016054638696,0,7.199460703821758,1.5394249512670566,2.011023129896338,3.716853617828021,0.0,60.1,12,0.13114754098360656,0.15943193997856378,0.10607356715141146,0.32426686345826083,0.1417938221064384,0.1875,0.12878787878787878,0.13513513513513514,0.1646469110532192,0.15093505768515073,0.892271662763466,0.09637600547663873,K.J. Hamler,WR,90.10000000000001,12.4
00-0036412,2021,REG,0,0,0.0,0,0.0,0.0,0.0,0,0,0.0,0.0,0.0,0.0,0,0.0,0.0,0,0.0,0,0.0,0.0,0.0,0.0,0,5,10,74.0,0,0.0,0.0,201.0,16.0,4.0,5.076087392983027,0,1.0283531720817272,0.32752100840336135,0.7472830891854028,1.014379675034824,0.0,7.4,3,0.10526315789473684,0.22308546059933407,0.05063291139240506,0.33636310532157254,0.08948004836759371,0.0,0.10526315789473684,0.09523809523809523,0.044740024183796856,0.07158403869407497,0.7789473684210526,0.04414696667616064,K.J. Hamler,WR,12.4,25.800000000000004
00-0036414,2020,REG,0,0,0.0,0,0.0,0.0,0.0,0,0,0.0,0.0,0.0,0.0,0,0.0,0.0,145,625.0,2,1.0,1.0,26.0,-32.477300183255416,0,11,14,123.0,1,0.0,0.0,59.0,91.0,4.0,3.5956069182827073,0,21.72079772079772,0.4295016894640955,0.2586082742028389,0.8252783261381305,0.0,90.8,11,0.03398058252427184,0.023137254901960783,0.05290697674418605,0.06948067770797639,0.04086378737541528,0.07692307692307693,0.027210884353741496,0.03125,0.058893432149246104,0.048075645284947614,0.29854368932038833,0.09925897035881437,Cam Akers,RB,144.0,33.1
00-0036414,2021,REG,0,0,0.0,0,0.0,0.0,0.0,0,0,0.0,0.0,0.0,0.0,0,0.0,0.0,5,3.0,0,0.0,0.0,0.0,-1.516583125689067,0,3,3,10.0,0,0.0,0.0,6.0,4.0,0.0,-0.5766438449500129,0,1.6666666666666667,0.09375,0.02158273381294964,0.15573291366906475,0.0,1.3,1,0.09375,0.02158273381294964,0.058823529411764705,0.1578911870503597,0.04201680672268908,0.0,0.0,0.0,0.02100840336134454,0.033613445378151266,0.3125,0.04958487084870849,Cam Akers,RB,33.1,141.3
00-0036414,2022,REG,0,0,0.0,0,0.0,0.0,0.0,0,0,0.0,0.0,0.0,0.0,0,0.0,0.0,188,786.0,7,2.0,2.0,39.0,-13.24717545931344,0,13,18,117.0,0,0.0,0.0,34.0,136.0,8.0,4.1208708513224295,0,-31.922222222222224,0.6843356171297348,0.028337486731467777,1.0463396664066296,0.0,128.3,15,0.03870967741935484,0.009918319719953326,0.08819714656290532,0.06599917190499492,0.03816046966731898,0.0,0.05194805194805195,0.047619047619047616,0.01908023483365949,0.030528375733855185,0.25161290322580643,0.13513255039975516,Cam Akers,RB,141.3,46.699999999999996
00-0036414,2023,REG,0,0,0.0,0,0.0,1.0,7.0,0,0,0.0,0.0,0.0,-1.5187924897181801,0,0.0,0.0,60,167.0,2,0.0,0.0,12.0,-4.78788391471329,0,11,12,70.0,0,0.0,0.0,-13.0,78.0,2.0,1.2472380947438069,0,-3.6666666666666665,0.37281619759464285,-0.062496493895216124,0.515476750665313,0.0,35.7,7,0.04780876494023904,-0.007190265486725664,0.09948979591836735,0.06596093502097802,0.03785830178474851,0.0,0.02127659574468085,0.01904761904761905,0.018929150892374257,0.030286641427798813,0.2788844621513944,0.07515771855285182,Cam Akers,RB,46.699999999999996,97.10000000000001
00-0036415,2020,REG,0,0,0.0,0,0.0,0.0,0.0,0,0,0.0,0.0,0.0,0.0,0,0.0,0.0,1,-1.0,0,0.0,0.0,0.0,-0.7733884369954467,0,19,31,220.0,1,0.0,0.0,351.0,46.0,11.0,1.7644151145989286,0,10.05967761532078,0.8930935229395163,1.6056401875011117,2.4635884156600527,0.0,27.900000000000002,13,0.061507936507936505,0.10387688665285587,0.02481121898597627,0.17536341408418946,0.062164453235377226,0.058823529411764705,0.06077348066298342,0.06060606060606061,0.060493991323570966,0.06149626847065472,0.4365079365079365,0.038418689996395694,Van Jefferson,WR,63.5,188.9
00-0036415,2021,REG,0,0,0.0,0,0.0,0.0,0.0,0,0,0.0,0.0,0.0,0.0,0,0.0,0.0,2,20.0,0,0.0,0.0,1.0,1.3550202797632664,0,50,89,802.0,6,0.0,0.0,1195.0,220.0,32.0,33.406992377025105,0,13.154976523365026,2.4482135408004027,3.9422545338816093,6.43189848491773,0.0,118.2,17,0.14662273476112025,0.23276197896377093,0.10294805802526907,0.4061436853126972,0.16390762313509094,0.14634146341463414,0.13733905579399142,0.1386861313868613,0.15512454327486253,0.16039439119099957,1.3212520593080725,0.0988644111630969,Van Jefferson,WR,188.9,78.9
00-0036415,2022,REG,0,0,0.0,0,0.0,0.0,0.0,0,0,0.0,0.0,0.0,0.0,0,0.0,0.0,0,0.0,0,0.0,0.0,0.0,0.0,0,24,44,369.0,3,0.0,0.0,695.0,38.0,20.0,11.800790292327292,0,6.527636442885852,1.7231257793022499,3.436392312913917,4.990163287993116,0.0,54.9,10,0.16236162361623616,0.32876064333017974,0.04702970297029703,0.506550950088498,0.21317157712305027,0.3333333333333333,0.22727272727272727,0.23711340206185566,0.2732524552281918,0.2372039283651069,1.3616236162361623,0.12165787769451385,Van Jefferson,WR,78.9,41.300000000000004
00-0036415,2023,REG,0,0,0.0,0,0.0,0.0,0.0,0,0,0.0,0.0,0.0,0.0,0,0.0,0.0,1,4.0,0,0.0,0.0,0.0,-0.17589182499796152,0,20,43,209.0,0,0.0,0.0,686.0,25.0,10.0,-17.639562277257596,0,4.262861477263741,1.3278030185260297,2.6082788762165174,3.817499741140607,0.0,21.3,14,0.09110169491525423,0.17675856737954135,0.01580278128950695,0.27805939627651444,0.06073815751235106,0.0,0.06060606060606061,0.055865921787709494,0.03036907875617553,0.04859052600988085,0.4427966101694915,0.03665116609279046,Van Jefferson,WR,41.300000000000004,75.3
00-0036422,2020,REG,0,0,0.0,0,0.0,0.0,0.0,0,0,0.0,0.0,0.0,0.0,0,0.0,0.0,0,0.0,0,0.0,0.0,0.0,0.0,0,15,16,171.0,1,0.0,0.0,64.0,117.0,9.0,14.795196371880593,0,14.443452380952381,0.5299028773144656,0.3346144325579221,1.0290844187622439,0.0,23.1,10,0.05,0.032586558044806514,0.09906858594411516,0.10106924643584522,0.06777645659928656,0.058823529411764705,0.0703125,0.06896551724137931,0.06329999300552563,0.0659858711617822,0.534375,0.03709762224688906,Adam Trautman,TE,39.5,63.3
00-0036422,2021,REG,0,0,0.0,0,0.0,0.0,0.0,0,0,0.0,0.0,0.0,0.0,0,0.0,0.0,0,0.0,0,0.0,0.0,0.0,0.0,0,27,43,263.0,2,1.0,1.0,245.0,111.0,13.0,-7.319787527787668,0,15.811439057594216,1.4088644025057069,1.0255522015649965,2.831183144854058,0.0,36.300000000000004,11,0.12573099415204678,0.08857556037599422,0.10364145658263306,0.2594569395288655,0.1111111111111111,0.08,0.10655737704918032,0.10204081632653061,0.09555555555555556,0.10488888888888889,0.7690058479532164,0.06634663759852423,Adam Trautman,TE,63.3,44.7
00-0036422,2022,REG,0,0,0.0,0,0.0,0.0,0.0,0,0,0.0,0.0,0.0,0.0,0,0.0,0.0,0,0.0,0,0.0,0.0,0.0,0.0,0,18,22,207.0,1,0.0,0.0,118.0,123.0,9.0,8.532899791665841,0,29.745238095238093,0.8155962315613898,0.5113242360675764,1.5813213125893881,0.0,26.700000000000003,12,0.0641399416909621,0.038637851997380485,0.11378353376503238,0.12712019413434755,0.07576866764275256,0.06666666666666667,0.07142857142857142,0.07092198581560284,0.07121766715470962,0.07394826744753538,0.6034985422740525,0.04851945119833276,Adam Trautman,TE,44.7,60.400000000000006
00-0036422,2023,REG,0,0,0.0,0,0.0,0.0,0.0,0,0,0.0,0.0,0.0,0.0,0,0.0,0.0,0,0.0,0,0.0,0.0,0.0,0.0,0,22,35,204.0,3,0.0,0.0,226.0,98.0,10.0,-1.0960956305936742,0,13.192445961679708,1.229387733913596,1.4363607185850884,2.849534103879956,0.0,38.4,16,0.0708502024291498,0.0623104494072236,0.049073610415623435,0.15612366316950357,0.05909617612977984,0.12,0.06802721088435375,0.0755813953488372,0.08954808806488992,0.07127694090382387,0.41295546558704455,0.0482435821658493,Adam Trautman,TE,60.400000000000006,45.0
00-0036423,2020,REG,0,0,0.0,0,0.0,0.0,0.0,0,0,0.0,0.0,0.0,0.0,0,0.0,0.0,0,0.0,0,0.0,0.0,0.0,0.0,0,11,15,121.0,1,0.0,0.0,116.0,73.0,6.0,7.51571922980377,0,6.802667578659371,0.48274853801169587,0.32146841559184064,0.9491506979318324,0.0,18.1,4,0.09803921568627451,0.08262108262108261,0.1600877192982456,0.21315568962627784,0.1205179282868526,0.2,0.13043478260869565,0.13725490196078433,0.1602589641434263,0.1364143426294821,0.7908496732026143,0.08664324420889656,Albert Okwuegbunam,TE,29.1,76.0
00-0036423,2021,REG,0,0,0.0,0,0.0,0.0,0.0,0,0,0.0,0.0,0.0,0.0,0,0.0,0.0,0,0.0,0,0.0,0.0,0.0,0.0,0,33,40,330.0,2,1.0,1.0,226.0,245.0,15.0,13.59948683515599,0,33.920833333333334,1.4037014905429228,0.9851897551829862,2.7951850644424745,0.0,43.0,13,0.10101010101010101,0.06894447834045149,0.17779390420899854,0.20667073418751272,0.11502265597769258,0.15384615384615385,0.11811023622047244,0.12142857142857143,0.1344344049119232,0.12278735555138484,0.8333333333333334,0.07508694277584571,Albert Okwuegbunam,TE,76.0,25.5
00-0036423,2022,REG,0,0,0.0,0,0.0,0.0,0.0,0,0,0.0,0.0,0.0,0.0,0,0.0,0.0,0,0.0,0,0.0,0.0,0.0,0.0,0,10,18,95.0,1,0.0,0.0,99.0,59.0,4.0,-2.2868509975230915,0,7.171732522796352,0.5187070364381019,0.48108071441333433,1.1148170547464868,0.0,15.5,6,0.08695652173913043,0.059245960502693,0.07449494949494949,0.17783155101085005,0.06241787122207622,0.16666666666666666,0.06349206349206349,0.07246376811594203,0.11454226894437144,0.08326763031099431,0.45893719806763283,0.05267724343083787,Albert Okwuegbunam,TE,25.5,0.0
00-0036424,2021,REG,0,0,0.0,0,0.0,0.0,0.0,0,0,0.0,0.0,0.0,0.0,0,0.0,0.0,0,0.0,0,0.0,0.0,0.0,0.0,0,1,1,9.0,0,0.0,0.0,3.0,6.0,1.0,1.659181352937594,0,3.0,0.034482758620689655,0.013043478260869565,0.060854572713643175,0.0,0.9,1,0.034482758620689655,0.013043478260869565,0.05660377358490566,0.062158920539730135,0.036885245901639344,0.0,0.09090909090909091,0.07692307692307693,0.018442622950819672,0.029508196721311476,0.3103448275862069,0.02223262344956705,Brycen Hopkins,TE,10.6,17.900000000000002
00-0036424,2022,REG,0,0,0.0,0,0.0,0.0,0.0,0,0,0.0,0.0,0.0,0.0,0,0.0,0.0,0,0.0,0,0.0,0.0,0.0,0.0,0,7,11,109.0,0,0.0,0.0,113.0,33.0,5.0,0.9469367329351872,0,5.451677886576907,0.4096257699198876,0.7851012586106503,1.1640095359072864,0.0,10.9,7,0.05612244897959184,0.07624831309041835,0.05631399317406143,0.14518232394172242,0.08941755537325677,0.0,0.07692307692307693,0.07042253521126761,0.044708777686628384,0.07153404429860542,0.5561224489795918,0.03893335653384375,Brycen Hopkins,TE,17.900000000000002,12.8
00-0036425,2020,REG,0,0,0.0,0,0.0,0.0,0.0,0,0,0.0,0.0,0.0,0.0,0,0.0,0.0,34,108.0,2,0.0,0.0,9.0,-4.10646037505615,0,17,20,111.0,1,0.0,0.0,2.0,110.0,5.0,2.4334823201975104,0,0.7777777777777777,0.5449540409906264,-0.005165184059805997,0.8138154326440753,0.0,39.900000000000006,8,0.06622516556291391,0.0007818608287724785,0.10416666666666667,0.09996323700738885,0.04731457800511509,0.05555555555555555,0.04,0.04195804195804196,0.051435066780335326,0.04896277351520319,0.3675496688741722,0.06731019471455273,DeeJay Dallas,RB,56.900000000000006,60.1
00-0036425,2021,REG,0,0,0.0,0,0.0,0.0,0.0,0,0,0.0,0.0,0.0,0.0,0,0.0,0.0,33,138.0,2,0.0,0.0,10.0,1.8919183991534512,0,21,23,133.0,0,1.0,0.0,39.0,110.0,4.0,-5.36754088419564,0,5.78373015873016,0.8037049837856289,0.15393054089623548,1.3133088543058082,0.0,39.1,11,0.07419354838709677,0.013180128421764109,0.10784313725490197,0.12183442531805644,0.05393349553933496,0.0,0.03636363636363636,0.030303030303030304,0.02696674776966748,0.04314679643146797,0.4290322580645161,0.06172078788999117,DeeJay Dallas,RB,60.1,47.5
00-0036425,2022,REG,0,1,0.0,0,1.0,0.0,0.0,0,0,8.0,0.0,0.0,-4.867112466075923,0,0.0,0.0,35,186.0,0,0.0,0.0,9.0,3.086083561705891,0,17,19,126.0,0,0.0,0.0,10.0,126.0,5.0,0.11279492192708274,0,-2.275362318840579,0.581591535538904,0.03649239595631648,0.8979319804777774,0.0,29.200000000000003,11,0.051630434782608696,0.0036153289949385392,0.10947002606429192,0.08033791536986387,0.04535637149028078,0.0,0.03875968992248062,0.034013605442176874,0.02267818574514039,0.03628509719222463,0.3423913043478261,0.04634738468329287,DeeJay Dallas,RB,47.5,12.200000000000001
00-0036425,2023,REG,0,0,0.0,0,0.0,1.0,0.0,0,0,0.0,0.0,0.0,-0.5178517469903454,0,0.0,0.0,10,36.0,0,0.0,0.0,2.0,0.15626433113357052,0,6,9,26.0,0,0.0,0.0,-15.0,31.0,1.0,-7.687290642526932,0,1.6333333333333329,0.29337773285141705,-0.010426796705713115,0.4327678415831264,0.0,6.2,10,0.026627218934911243,-0.006092607636068237,0.028105167724388033,0.035066742293512275,0.0106951871657754,0.0,0.008547008547008548,0.007692307692307693,0.0053475935828877,0.008556149732620321,0.07692307692307693,0.014886399687629646,DeeJay Dallas,RB,12.200000000000001,15.0
00-0036427,2020,REG,0,0,0.0,0,0.0,0.0,0.0,0,0,0.0,0.0,0.0,0.0,0,0.0,0.0,0,0.0,0,0.0,0.0,0.0,0.0,0,12,17,169.0,2,0.0,0.0,169.0,72.0,9.0,11.56046851416574,0,5.387755102040816,0.4338538959893111,0.48011505969509044,0.9868613857705298,0.0,28.900000000000002,10,0.0425,0.04541789841440473,0.05413533834586466,0.10008431873152379,0.052128315854410856,0.07407407407407407,0.05521472392638037,0.05789473684210526,0.06310119496424246,0.0565174674983435,0.4225,0.03613776529007405,Tyler Johnson,WR,46.0,81.5
00-0036427,2023,REG,0,0,0.0,0,0.0,0.0,0.0,0,0,0.0,0.0,0.0,0.0,0,0.0,0.0,0,0.0,0,0.0,0.0,0.0,0.0,0,2,3,8.0,1,0.0,0.0,16.0,1.0,1.0,1.852269433264155,0,0.5,0.13043478260869565,0.1038961038961039,0.2683794466403162,0.0,6.8,1,0.125,0.10062893081761007,0.015384615384615385,0.26800314465408803,0.049079754601226995,0.5,0.09090909090909091,0.15384615384615385,0.2745398773006135,0.1392638036809816,0.3333333333333333,0.11178861788617887,Tyler Johnson,WR,8.8,61.1
00-0036429,2020,REG,0,0,0.0,0,0.0,0.0,0.0,0,0,0.0,0.0,0.0,0.0,0,0.0,0.0,0,0.0,0,0.0,0.0,0.0,0.0,0,3,4,36.0,0,0.0,0.0,10.0,25.0,2.0,0.6342873300309293,0,5.125,0.10258075258075258,0.037794226365732035,0.1803270873271413,0.0,3.6000000000000005,3,0.03305785123966942,0.012165450121654502,0.06830601092896176,0.05931913695682774,0.04240282685512368,0.0,0.044444444444444446,0.04,0.02120141342756184,0.033922261484098944,0.2975206611570248,0.023838763273856825,Charlie Woerner,TE,6.6000000000000005,10.200000000000001
00-0036429,2021,REG,0,0,0.0,0,0.0,0.0,0.0,0,0,0.0,0.0,0.0,0.0,0,0.0,0.0,0,0.0,0,0.0,0.0,0.0,0.0,0,5,6,52.0,0,0.0,0.0,52.0,9.0,3.0,2.718112677684985,0,4.476190476190476,0.22232397232397233,0.2169705387625855,0.4853653356197683,0.0,5.2,4,0.05454545454545454,0.05344295991778006,0.020930232558139535,0.12457254975240586,0.05621621621621622,0.0,0.07692307692307693,0.07317073170731707,0.02810810810810811,0.04497297297297298,0.4727272727272727,0.032268269534957296,Charlie Woerner,TE,10.200000000000001,0.0
00-0036429,2022,REG,0,0,0.0,0,0.0,0.0,0.0,0,0,0.0,0.0,0.0,0.0,0,0.0,0.0,0,0.0,0,0.0,0.0,0.0,0.0,0,0,2,0.0,0,0.0,0.0,43.0,0.0,0.0,-1.4161579795181751,0,0.0,0.06439024390243903,0.2306836569579288,0.25806392572420866,0.0,0.0,2,0.029411764705882353,0.09347826086956522,0.0,0.1189002557544757,0.0,0.0,0.0,0.0,0.0,0.0,0.0,0.0,Charlie Woerner,TE,0.0,6.2
00-0036429,2023,REG,0,0,0.0,0,0.0,0.0,0.0,0,0,0.0,0.0,0.0,0.0,0,0.0,0.0,0,0.0,0,0.0,0.0,0.0,0.0,0,3,3,32.0,0,0.0,0.0,12.0,20.0,1.0,1.6073824221966788,0,6.318181818181818,0.11037037037037037,0.04743700962972253,0.19876146229636132,0.0,3.2,3,0.03571428571428571,0.014943960149439602,0.05509641873278237,0.06552659669098025,0.04177545691906005,0.0,0.03125,0.027777777777777776,0.020887728459530026,0.03342036553524804,0.38095238095238093,0.021835599070226103,Charlie Woerner,TE,6.2,11.6
00-0036438,2021,REG,0,0,0.0,0,0.0,0.0,0.0,0,0,0.0,0.0,0.0,0.0,0,0.0,0.0,0,0.0,0,0.0,0.0,0.0,0.0,0,0,1,0.0,0,0.0,0.0,-2.0,0.0,0.0,-0.37562500091735274,0,0.0,0.023255813953488372,-0.0055248618784530384,0.031016317615315432,0.0,0.0,1,0.022222222222222223,-0.005154639175257732,0.0,0.029209621993127148,0.0,0.0,0.0,0.0,0.0,0.0,0.0,0.0,Stephen Sullivan,TE,0.0,6.6000000000000005
00-0036438,2022,REG,0,0,0.0,0,0.0,0.0,0.0,0,0,0.0,0.0,0.0,0.0,0,0.0,0.0,0,0.0,0,0.0,0.0,0.0,0.0,0,2,6,46.0,0,0.0,0.0,87.0,21.0,2.0,-2.4585835977923125,0,4.0,0.20710872162485067,0.4918177774900618,0.6549355266803192,0.0,4.6,4,0.047619047619047616,0.08223062381852551,0.04929577464788732,0.13721307048339182,0.04983748645720477,0.0,0.047619047619047616,0.041666666666666664,0.024918743228602384,0.039869989165763814,0.36507936507936506,0.019274575083231122,Stephen Sullivan,TE,6.6000000000000005,24.5
00-0036438,2023,REG,0,0,0.0,0,0.0,0.0,0.0,0,0,0.0,0.0,0.0,0.0,0,0.0,0.0,0,0.0,0,0.0,0.0,0.0,0.0,0,12,24,125.0,0,0.0,0.0,255.0,8.0,5.0,-1.6298732738878616,0,6.181472559698366,0.8247999827154806,1.0225724052038148,1.9530006577158912,0.0,12.5,10,0.0781758957654723,0.10115033716779057,0.010723860589812333,0.1981841133824409,0.07246376811594203,0.0,0.07042253521126761,0.06578947368421052,0.036231884057971016,0.05797101449275363,0.40716612377850164,0.041224970553592456,Stephen Sullivan,TE,24.5,0.0
00-0036439,2020,REG,0,0,0.0,0,0.0,0.0,0.0,0,0,0.0,0.0,0.0,0.0,0,0.0,0.0,0,0.0,0,0.0,0.0,0.0,0.0,0,6,9,63.0,0,0.0,0.0,79.0,18.0,4.0,2.9151737425709143,0,3.2,0.24182504873294347,0.2805590518324631,0.5591289093821394,0.0,6.300000000000001,5,0.04736842105263158,0.0512987012987013,0.02538787023977433,0.11209159261790841,0.04948939512961508,0.0,0.06153846153846154,0.05555555555555555,0.02474469756480754,0.03959151610369207,0.33157894736842103,0.027577238688848038,Tyrie Cleveland,WR,12.3,0.0
00-0036439,2021,REG,0,0,0.0,0,0.0,0.0,0.0,0,0,0.0,0.0,0.0,0.0,0,0.0,0.0,0,0.0,0,0.0,0.0,0.0,0.0,0,0,1,0.0,0,0.0,0.0,5.0,0.0,0.0,-0.6472259720321745,0,0.0,0.03125,0.028735632183908046,0.06698994252873564,0.0,0.0,1,0.030303030303030304,0.028735632183908046,0.0,0.06844305120167189,0.0,0.0,0.0,0.0,0.0,0.0,0.0,0.0,Tyrie Cleveland,WR,0.0,4.800000000000001
00-0036442,2020,REG,264,404,2688.0,13,5.0,32.0,231.0,5,3,3429.0,1142.0,150.0,48.96672468471529,0,7.91044962850991,1.2004034493355558,37,142.0,3,4.0,1.0,14.0,-0.14122071868429664,0,0,0,0.0,0,0.0,0.0,0.0,0.0,0.0,0.0,0,0.0,0.0,0.0,0.0,0.0,173.72,10,0.0,0.0,0.0,0.0,0.0,0.0,0.0,0.0,0.0,0.0,0.0,0.19076274350471087,Joe Burrow,QB,203.6,441.7
00-0036442,2021,REG,366,520,4611.0,34,14.0,51.0,370.0,4,2,4227.0,2251.0,202.0,99.5450136223365,1,17.631081616122344,2.54588159673454,40,118.0,2,1.0,0.0,14.0,3.470520692237187,0,0,0,0.0,0,0.0,0.0,0.0,0.0,0.0,0.0,0,0.0,0.0,0.0,0.0,0.0,314.24,16,0.0,0.0,0.0,0.0,0.0,0.0,0.0,0.0,0.0,0.0,0.0,0.19626506776591096,Joe Burrow,QB,441.7,453.5
00-0036442,2022,REG,414,606,4475.0,35,12.0,41.0,259.0,6,3,4142.0,2135.0,219.0,87.94603731591246,3,17.90357670264949,2.127728124352267,75,257.0,5,0.0,0.0,27.0,2.737210092251189,0,0,0,0.0,0,0.0,0.0,0.0,0.0,0.0,0.0,0,0.0,0.0,0.0,0.0,0.0,350.7,16,0.0,0.0,0.0,0.0,0.0,0.0,0.0,0.0,0.0,0.0,0.0,0.21707105719237432,Joe Burrow,QB,453.5,170.25
00-0036442,2023,REG,244,365,2309.0,15,6.0,24.0,180.0,2,1,2347.0,1239.0,115.0,6.095037059046859,0,10.068844015755406,0.8966607054357085,31,88.0,0,0.0,0.0,9.0,-3.5122415173973422,0,0,0,0.0,0,0.0,0.0,0.0,0.0,0.0,0.0,0,0.0,0.0,0.0,0.0,0.0,147.16,10,0.0,0.0,0.0,0.0,0.0,0.0,0.0,0.0,0.0,0.0,0.0,0.1752572408536585,Joe Burrow,QB,170.25,428.0
00-0036450,2020,REG,0,0,0.0,0,0.0,0.0,0.0,0,0,0.0,0.0,0.0,0.0,0,0.0,0.0,26,109.0,0,0.0,0.0,5.0,-1.8335433844767977,0,5,10,34.0,1,1.0,1.0,24.0,23.0,2.0,-3.4352605184820844,0,6.658730158730159,0.2489107371693872,0.06825967185150263,0.4211478760501326,0.0,18.3,6,0.044444444444444446,0.011472275334608031,0.033093525179856115,0.07584448693435308,0.018230563002680965,0.05555555555555555,0.02247191011235955,0.028037383177570093,0.03689305927911826,0.025695561513255884,0.1511111111111111,0.033920512447226665,Ke'Shawn Vaughn,RB,23.4,50.800000000000004
00-0036450,2021,REG,0,0,0.0,0,0.0,0.0,0.0,0,0,0.0,0.0,0.0,0.0,0,0.0,0.0,36,180.0,2,0.0,0.0,9.0,-3.210181679285597,0,4,8,26.0,0,0.0,0.0,13.0,14.0,1.0,-1.020413538676923,0,13.555555555555555,0.1900054940306431,0.02879140304298541,0.30516222317605446,0.0,32.6,6,0.03137254901960784,0.0061118946873530795,0.019858156028368795,0.05194833927929423,0.015063731170336037,0.0,0.01098901098901099,0.009615384615384616,0.007531865585168019,0.01205098493626883,0.10196078431372549,0.05803628060383103,Ke'Shawn Vaughn,RB,50.800000000000004,10.2
00-0036450,2022,REG,0,0,0.0,0,0.0,0.0,0.0,0,0,0.0,0.0,0.0,0.0,0,0.0,0.0,17,53.0,0,0.0,0.0,3.0,-2.9902719231322408,0,3,4,19.0,0,0.0,0.0,-11.0,29.0,1.0,-0.36591245050295496,0,-11.88888888888889,0.11327063740856844,-0.05559612350687401,0.13098866965804085,0.0,7.2,5,0.018779342723004695,-0.00819672131147541,0.041193181818181816,0.021611637035326713,0.01582014987510408,0.0,0.016129032258064516,0.014285714285714285,0.00791007493755204,0.012656119900083265,0.0892018779342723,0.023392349325749927,Ke'Shawn Vaughn,RB,10.2,6.4
00-0036450,2023,REG,0,0,0.0,0,0.0,0.0,0.0,0,0,0.0,0.0,0.0,0.0,0,0.0,0.0,24,42.0,0,0.0,0.0,0.0,-11.136832802963909,0,2,5,2.0,0,0.0,0.0,-2.0,1.0,0.0,-4.583285461587366,0,2.5,0.14511096462315975,0.00229362735653673,0.21927198608431533,0.0,4.4,5,0.02717391304347826,-0.0013157894736842105,0.0016806722689075631,0.039708237986270024,0.0016273393002441008,0.0,0.0,0.0,0.0008136696501220504,0.0013018714401952809,0.010869565217391304,0.015438054805094558,Ke'Shawn Vaughn,RB,6.4,0.4
00-0036456,2020,REG,0,0,0.0,0,0.0,0.0,0.0,0,0,0.0,0.0,0.0,0.0,0,0.0,0.0,0,0.0,0,0.0,0.0,0.0,0.0,0,2,2,26.0,1,0.0,0.0,16.0,10.0,2.0,3.9589898076374084,0,5.333333333333333,0.08333333333333333,0.09456873712098911,0.19119811598469239,0.0,8.6,2,0.04081632653061224,0.045714285714285714,0.03816793893129771,0.09779591836734694,0.055201698513800426,0.125,0.07407407407407407,0.08571428571428572,0.0901008492569002,0.06916135881104035,0.5306122448979592,0.045446750128622884,Dominique Dafney,TE,10.600000000000001,5.4
00-0036457,2021,REG,0,0,0.0,0,0.0,0.0,0.0,0,0,0.0,0.0,0.0,0.0,0,0.0,0.0,35,185.0,1,1.0,0.0,8.0,-0.7304332898347639,0,9,12,84.0,0,0.0,0.0,30.0,71.0,4.0,1.1681355086000886,0,11.761904761904761,0.3815101872316504,0.06501398173343499,0.6177750680608802,0.0,32.9,7,0.05084745762711865,0.012190166598943519,0.10441176470588236,0.08602331971983279,0.04653739612188366,0.0,0.05194805194805195,0.046511627906976744,0.02326869806094183,0.037229916897506925,0.3559322033898305,0.06649738136803682,Ty'Son Williams,RB,41.9,1.5
00-0036482,2021,REG,0,0,0.0,0,0.0,0.0,0.0,0,0,0.0,0.0,0.0,0.0,0,0.0,0.0,0,0.0,0,0.0,0.0,0.0,0.0,0,2,3,26.0,0,0.0,0.0,54.0,0.0,2.0,4.277141111512052,0,1.0,0.08571428571428572,0.2413672828740844,0.29752852658328766,0.0,2.6,2,0.04054054054054054,0.10756972111553785,0.0,0.1468665877032411,0.0497131931166348,0.0,0.07407407407407407,0.06666666666666667,0.0248565965583174,0.039770554493307846,0.35135135135135137,0.02699213707311348,Mike Strachan,WR,4.6,8.9
00-0036482,2022,REG,0,0,0.0,0,0.0,0.0,0.0,0,0,0.0,0.0,0.0,0.0,0,0.0,0.0,0,0.0,0,0.0,0.0,0.0,0.0,0,3,9,59.0,0,0.0,0.0,129.0,13.0,3.0,-2.6660449231769827,0,1.9455909943714822,0.2447937029217817,0.5290721101849554,0.7375410315121413,0.0,5.9,5,0.04455445544554455,0.10007757951900698,0.01984732824427481,0.1468937467835224,0.041172365666434056,0.0,0.041666666666666664,0.0379746835443038,0.020586182833217028,0.032937892533147245,0.29207920792079206,0.020008093161278717,Mike Strachan,WR,8.9,5.5
00-0036493,2021,REG,0,0,0.0,0,0.0,0.0,0.0,0,0,0.0,0.0,0.0,0.0,0,0.0,0.0,13,31.0,1,0.0,0.0,2.0,-5.002157406241167,0,0,0,0.0,0,0.0,0.0,0.0,0.0,0.0,0.0,0,0.0,0.0,0.0,0.0,0.0,9.100000000000001,3,0.0,0.0,0.0,0.0,0.0,0.0,0.0,0.0,0.0,0.0,0.0,0.03806257319725615,Deon Jackson,RB,9.100000000000001,84.5
00-0036493,2022,REG,0,0,0.0,0,0.0,0.0,0.0,0,0,0.0,0.0,0.0,0.0,0,0.0,0.0,68,236.0,1,1.0,1.0,13.0,-15.613186295582791,0,30,34,209.0,1,0.0,0.0,-17.0,228.0,10.0,-8.54644934029784,0,-15.763636363636364,0.9291241227673865,-0.05235318837661559,1.3570389522874489,0.0,54.5,12,0.08133971291866028,-0.006240822320117474,0.19420783645655879,0.11701691152189644,0.08346645367412141,0.1,0.08130081300813008,0.08270676691729323,0.0917332268370607,0.08677316293929713,0.5,0.10197185818067724,Deon Jackson,RB,84.5,4.000000000000001
00-0036497,2022,REG,0,0,0.0,0,0.0,0.0,0.0,0,0,0.0,0.0,0.0,0.0,0,0.0,0.0,0,0.0,0,0.0,0.0,0.0,0.0,0,3,4,30.0,0,0.0,0.0,7.0,21.0,1.0,1.1887424494489096,0,4.333333333333334,0.14249165058062935,0.0694001918563818,0.2623176101704113,0.0,3.0,4,0.032520325203252036,0.0068560235063663075,0.05343511450381679,0.0542653066099711,0.03597122302158273,0.0,0.024390243902439025,0.022222222222222223,0.017985611510791366,0.02877697841726619,0.24390243902439024,0.01974593562824985,Tim Jones,WR,6.0,19.3
00-0036497,2023,REG,0,0,0.0,0,0.0,0.0,0.0,0,0,0.0,0.0,0.0,0.0,0,0.0,0.0,0,0.0,0,0.0,0.0,0.0,0.0,0,11,18,83.0,0,0.0,0.0,152.0,31.0,4.0,-0.08781309308533114,0,6.169862155388471,0.4980792940111176,0.5006253948154679,1.0975567173875038,0.0,8.3,9,0.056074766355140186,0.060727127447063524,0.030845771144278607,0.13269385149036111,0.036071273359408955,0.0,0.037383177570093455,0.03418803418803419,0.018035636679704477,0.028857018687527165,0.2585669781931464,0.025310147664384816,Tim Jones,WR,19.3,7.1
00-0036510,2023,REG,0,0,0.0,0,0.0,0.0,0.0,0,0,0.0,0.0,0.0,0.0,0,0.0,0.0,0,0.0,0,0.0,0.0,0.0,0.0,0,2,4,28.0,0,0.0,0.0,19.0,20.0,1.0,-2.6562005399609916,0,2.0,0.0904040404040404,0.11357995035631355,0.21511202585548006,0.0,2.8000000000000003,2,0.0425531914893617,0.06375838926174497,0.05698005698005698,0.11483649864343853,0.058577405857740586,0.0,0.045454545454545456,0.041666666666666664,0.029288702928870293,0.04686192468619247,0.2978723404255319,0.02681264663166127,Kenny Yeboah,TE,4.800000000000001,15.7
00-0036534,2021,REG,0,0,0.0,0,0.0,0.0,0.0,0,0,0.0,0.0,0.0,0.0,0,0.0,0.0,0,0.0,0,0.0,0.0,0.0,0.0,0,3,7,34.0,0,0.0,0.0,38.0,6.0,2.0,-5.421786069494921,0,2.121212121212121,0.19635627530364372,0.168796992481203,0.4126923076923077,0.0,3.4000000000000004,2,0.1076923076923077,0.08837209302325581,0.03278688524590164,0.23223613595706621,0.07888631090487239,0.0,0.09090909090909091,0.07692307692307693,0.03944315545243619,0.06310904872389791,0.5230769230769231,0.039086356418712595,Shane Zylstra,TE,6.4,41.0
00-0036550,2021,REG,0,0,0.0,0,0.0,0.0,0.0,0,0,0.0,0.0,0.0,0.0,0,0.0,0.0,0,0.0,0,0.0,0.0,0.0,0.0,0,46,68,515.0,1,0.0,0.0,606.0,163.0,29.0,14.884151672314442,0,9.965466621840179,1.9337460543936573,2.142268488777733,4.400207023734899,0.0,57.5,12,0.15315315315315314,0.1735892294471498,0.14063848144952545,0.3686011132874496,0.1874090247452693,0.07692307692307693,0.20567375886524822,0.19480519480519481,0.1321660508341731,0.16531183518083084,1.15990990990991,0.1028602094969291,Rashod Bateman,WR,103.5,53.5
00-0036550,2022,REG,0,0,0.0,0,0.0,0.0,0.0,0,0,0.0,0.0,0.0,0.0,0,0.0,0.0,0,0.0,0,0.0,0.0,0.0,0.0,0,15,28,285.0,2,1.0,1.0,374.0,133.0,7.0,2.6476170575045193,0,4.232288571994454,1.1181387305880206,1.7068608928218656,2.872010720857337,0.0,38.5,6,0.16374269005847952,0.26964671953857244,0.23170731707317074,0.46133141071857725,0.2278177458033573,0.15384615384615385,0.11864406779661017,0.125,0.1908319498247556,0.21302342741191663,1.6666666666666667,0.09851944608131999,Rashod Bateman,WR,53.5,84.60000000000001
00-0036550,2023,REG,0,0,0.0,0,0.0,0.0,0.0,0,0,0.0,0.0,0.0,0.0,0,0.0,0.0,1,18.0,0,0.0,0.0,1.0,2.5212486889213324,0,32,56,367.0,1,0.0,0.0,811.0,59.0,20.0,3.5081551851469532,0,8.490186828333282,2.035257940767541,3.3021963021386074,5.364424322648336,0.0,44.5,15,0.12527964205816555,0.21347723085022374,0.03493191237418591,0.35870124776742734,0.10340941110171879,0.041666666666666664,0.12269938650306748,0.11229946524064172,0.07253803888419273,0.09106086221470837,0.8210290827740492,0.054593722792344035,Rashod Bateman,WR,84.60000000000001,201.60000000000002
00-0036554,2021,REG,0,0,0.0,0,0.0,0.0,0.0,0,0,0.0,0.0,0.0,0.0,0,0.0,0.0,0,0.0,0,0.0,0.0,0.0,0.0,0,33,60,446.0,1,0.0,0.0,637.0,131.0,22.0,-0.2516440965145508,0,12.606634688684832,1.8126800962530276,2.7718432828192694,4.65931044235303,0.0,50.6,14,0.1282051282051282,0.18952692650996728,0.08809683927370544,0.3439292335156661,0.1456088801828273,0.058823529411764705,0.15942028985507245,0.14838709677419354,0.10221620479729601,0.1282518100286148,0.9529914529914529,0.07899312117318014,Nico Collins,WR,83.60000000000001,97.10000000000001
00-0036554,2022,REG,0,0,0.0,0,0.0,0.0,0.0,0,0,0.0,0.0,0.0,0.0,0,0.0,0.0,0,0.0,0,0.0,0.0,0.0,0.0,0,37,66,481.0,2,0.0,0.0,775.0,143.0,21.0,-1.3270556627888639,0,7.873051314965189,1.919598623301934,3.2195781055179333,5.133102608815454,0.0,60.10000000000001,10,0.18591549295774648,0.3070522979397781,0.11635475996745322,0.5245150777884422,0.21339840283939662,0.2,0.21875,0.2169811320754717,0.20669920141969833,0.2107187222715173,1.3549295774647887,0.1354329390760991,Nico Collins,WR,97.10000000000001,292.2
00-0036554,2023,REG,0,0,0.0,0,0.0,0.0,0.0,0,0,0.0,0.0,0.0,0.0,0,0.0,0.0,1,7.0,0,0.0,0.0,0.0,0.3455071428325027,0,80,109,1297.0,8,1.0,0.0,1186.0,549.0,53.0,71.10388174884807,1,17.283730107586596,3.408650363608477,4.450631713384702,8.228417744782007,0.0,180.4,15,0.21083172147001933,0.2674182638105975,0.3055091819699499,0.530182193253507,0.3248184322564488,0.32,0.28342245989304815,0.28773584905660377,0.3224092161282244,0.32385474580515905,2.508704061895551,0.19860882299103053,Nico Collins,WR,292.2,248.9
00-0036555,2021,REG,0,0,0.0,0,0.0,0.0,0.0,0,0,0.0,0.0,0.0,0.0,0,0.0,0.0,172,612.0,5,1.0,1.0,36.0,-23.95744014318916,0,25,37,174.0,1,0.0,0.0,2.0,172.0,8.0,-10.226984497699739,0,10.236507936507937,1.1260298748156554,-0.04274578691165009,1.659122761385328,0.0,112.6,16,0.06468531468531469,0.00046871338176704945,0.097671777399205,0.09740294273338568,0.051418439716312055,0.08333333333333333,0.04878048780487805,0.05113636363636364,0.0673758865248227,0.05780141843971631,0.3041958041958042,0.11966674203816115,Chuba Hubbard,RB,137.60000000000002,89.7
00-0036555,2022,REG,0,0,0.0,0,0.0,0.0,0.0,0,0,0.0,0.0,0.0,0.0,0,0.0,0.0,95,466.0,2,0.0,0.0,23.0,1.7931845982690935,0,14,17,171.0,0,1.0,0.0,9.0,166.0,6.0,1.7687346039204956,0,133.0,0.7828284053241608,-0.0702048445601271,1.1250992167941523,0.0,75.7,12,0.05985915492957746,0.00466321243523316,0.13730355665839536,0.09351930234255272,0.07960893854748603,0.0,0.06451612903225806,0.057692307692307696,0.039804469273743016,0.06368715083798883,0.602112676056338,0.11220634960346251,Chuba Hubbard,RB,89.7,182.5
00-0036555,2023,REG,0,0,0.0,0,0.0,0.0,0.0,0,0,0.0,0.0,0.0,0.0,0,0.0,0.0,238,902.0,5,0.0,0.0,59.0,-21.51596444684838,0,39,44,233.0,0,1.0,0.0,-34.0,269.0,9.0,-10.740264819702134,0,13.003174603174603,1.4525346316002974,-0.19406459364097814,2.042956731851761,0.0,143.5,17,0.07508532423208192,-0.007585899152164213,0.18693537178596248,0.10655926702639151,0.07180277349768875,0.0,0.06,0.05521472392638037,0.035901386748844376,0.05744221879815101,0.39761092150170646,0.1619056068133428,Chuba Hubbard,RB,182.5,239.6
00-0036556,2021,REG,0,0,0.0,0,0.0,0.0,0.0,0,0,0.0,0.0,0.0,0.0,0,0.0,0.0,0,0.0,0,0.0,0.0,0.0,0.0,0,20,28,178.0,3,0.0,0.0,159.0,99.0,10.0,5.786632570536609,0,14.692902282588191,0.8880914777653909,0.9488215167906295,1.9963122784015268,0.0,35.800000000000004,8,0.1044776119402985,0.0905982905982906,0.11405529953917051,0.22919505038908025,0.10742305371152686,0.375,0.1282051282051282,0.1511627906976744,0.24121152685576341,0.1609384429692215,0.664179104477612,0.09827750184930782,Brevin Jordan,TE,55.800000000000004,26.8
00-0036556,2022,REG,0,0,0.0,0,0.0,0.0,0.0,0,0,0.0,0.0,0.0,0.0,0,0.0,0.0,0,0.0,0,0.0,0.0,0.0,0.0,0,14,28,128.0,0,0.0,0.0,205.0,78.0,7.0,-13.691265246454163,0,11.389664502164502,0.8381346864105484,0.7900761089871706,1.8102553059068422,0.0,12.8,9,0.08974358974358974,0.08336722244814966,0.08893956670467502,0.20130916257390435,0.07174887892376682,0.0,0.08974358974358974,0.07865168539325842,0.03587443946188341,0.05739910313901345,0.41025641025641024,0.04441792627950146,Brevin Jordan,TE,26.8,65.5
00-0036556,2023,REG,0,0,0.0,0,0.0,0.0,0.0,0,0,0.0,0.0,0.0,0.0,0,0.0,0.0,0,0.0,0,0.0,0.0,0.0,0.0,0,17,21,219.0,2,0.0,0.0,115.0,124.0,13.0,17.50110164785292,0,28.26003230056526,0.6654235574050149,0.35209572207697626,1.2446023415614058,0.0,33.9,9,0.0670926517571885,0.04379284082254379,0.12062256809338522,0.13567325029381777,0.09922972360670594,0.15384615384615385,0.13131313131313133,0.13392857142857142,0.1265379387264299,0.11015300965459553,0.6996805111821086,0.06841581762950617,Brevin Jordan,TE,65.5,2.7
00-0036567,2021,REG,0,0,0.0,0,0.0,0.0,0.0,0,0,0.0,0.0,0.0,0.0,0,0.0,0.0,207,963.0,5,0.0,0.0,47.0,-15.493685385186634,0,19,20,137.0,1,0.0,0.0,-12.0,151.0,6.0,4.110073801246472,0,70.47023809523809,0.6840261188087275,-0.08860703990562784,0.9640142502791518,0.0,146.0,11,0.06430868167202572,-0.004771371769383698,0.10816618911174786,0.09264592509253163,0.048427006009190525,0.06666666666666667,0.04878048780487805,0.050724637681159424,0.05754683633792859,0.052074938140685756,0.4405144694533762,0.17294509779259165,Elijah Mitchell,RB,200.60000000000002,59.4
00-0036567,2022,REG,0,0,0.0,0,0.0,0.0,0.0,0,0,0.0,0.0,0.0,0.0,0,0.0,0.0,45,279.0,2,0.0,0.0,15.0,9.759580156276975,0,3,4,7.0,0,0.0,0.0,-7.0,16.0,0.0,-2.0129036577418447,0,-1.6666666666666667,0.12548262548262548,-0.03571428571428571,0.16322393822393821,0.0,40.6,5,0.028169014084507043,-0.00798175598631699,0.028368794326241134,0.03586811633770697,0.006782945736434108,0.0,0.0,0.0,0.003391472868217054,0.005426356589147287,0.04929577464788732,0.10302944373552626,Elijah Mitchell,RB,59.4,55.0
00-0036569,2021,REG,0,0,0.0,0,0.0,0.0,0.0,0,0,0.0,0.0,0.0,0.0,0,0.0,0.0,1,4.0,0,0.0,0.0,0.0,0.1501470827497542,0,1,1,6.0,0,0.0,0.0,1.0,5.0,0.0,-0.13546320830937475,0,6.0,0.027777777777777776,0.0032679738562091504,0.04395424836601307,0.0,1.0,2,0.013888888888888888,0.001838235294117647,0.025252525252525252,0.022303921568627448,0.01125703564727955,0.0,0.0,0.0,0.005628517823639775,0.00900562851782364,0.08333333333333333,0.012769761205465458,Gary Brightwell,RB,2.0,30.0
00-0036569,2022,REG,0,0,0.0,0,0.0,0.0,0.0,0,0,0.0,0.0,0.0,0.0,0,0.0,0.0,31,141.0,1,0.0,0.0,9.0,-4.4235599027417525,0,5,8,39.0,0,0.0,0.0,7.0,35.0,4.0,1.4398451957094949,0,6.75,0.24166288566243194,0.03348193554379121,0.3859316833743017,0.0,24.0,8,0.032,0.004554326610279766,0.04672897196261682,0.051643461288223814,0.024405506883604506,0.0,0.04878048780487805,0.044444444444444446,0.012202753441802253,0.019524405506883606,0.156,0.04439545635467377,Gary Brightwell,RB,30.0,11.6
00-0036572,2021,REG,0,0,0.0,0,0.0,0.0,0.0,0,0,0.0,0.0,0.0,0.0,0,0.0,0.0,1,-3.0,0,0.0,0.0,0.0,-1.4008803889155388,0,6,11,104.0,0,0.0,0.0,74.0,71.0,3.0,-2.5148959513753653,0,1.4333333333333333,0.3035260333301949,0.19240795104982683,0.5899746157301712,0.0,10.1,5,0.0625,0.056018168054504165,0.1488469601677149,0.13856453444360334,0.12037037037037036,0.0,0.07317073170731707,0.07142857142857142,0.06018518518518518,0.0962962962962963,0.5909090909090909,0.05665822072072072,Shi Smith,WR,16.1,61.6
00-0036590,2022,REG,0,0,0.0,0,0.0,0.0,0.0,0,0,0.0,0.0,0.0,0.0,0,0.0,0.0,0,0.0,0,0.0,0.0,0.0,0.0,0,8,11,84.0,1,1.0,1.0,77.0,38.0,6.0,-0.15583897282772474,0,7.877450980392156,0.28098621364875237,0.2012123588505221,0.5623279716684939,0.0,12.400000000000002,6,0.042801556420233464,0.034055727554179564,0.05046480743691899,0.09144691667369384,0.04377279833246483,0.058823529411764705,0.06315789473684211,0.0625,0.05129816387211476,0.0467829445483248,0.32684824902723736,0.02999294283697953,Quintin Morris,TE,24.2,10.6
00-0036590,2023,REG,0,0,0.0,0,0.0,0.0,0.0,0,0,0.0,0.0,0.0,0.0,0,0.0,0.0,0,0.0,0,0.0,0.0,0.0,0.0,0,2,3,26.0,1,0.0,0.0,33.0,5.0,1.0,1.7529108348261326,0,1.6111111111111112,0.10344827586206896,0.167876030008609,0.2726856347991298,0.0,8.6,2,0.04838709677419355,0.06707317073170732,0.01937984496124031,0.12623918174665616,0.05855855855855856,0.2,0.045454545454545456,0.07407407407407407,0.1292792792792793,0.08684684684684685,0.41935483870967744,0.06200280767430979,Quintin Morris,TE,10.6,14.600000000000001
00-0036613,2021,REG,0,0,0.0,0,0.0,0.0,0.0,0,0,0.0,0.0,0.0,0.0,0,0.0,0.0,2,3.0,1,0.0,0.0,1.0,1.0270589049905539,0,104,140,1015.0,6,1.0,0.0,993.0,439.0,59.0,20.223480459799163,0,18.984680104003868,3.98272002762206,4.093631363660491,8.839621995995433,0.0,143.8,16,0.23809523809523808,0.23541963015647227,0.2635054021608643,0.545478561268035,0.2713903743315508,0.3157894736842105,0.3010204081632653,0.3023255813953488,0.29358992400788064,0.28027019420208277,1.7261904761904763,0.19388154291526483,Jaylen Waddle,WR,247.8,267.40000000000003
00-0036613,2022,REG,0,0,0.0,0,0.0,0.0,0.0,0,0,0.0,0.0,0.0,0.0,0,0.0,0.0,3,26.0,0,0.0,0.0,0.0,1.9743942550267093,0,75,117,1356.0,8,1.0,1.0,1415.0,510.0,60.0,76.9045872573306,0,17.828405677517193,3.4982608242132582,4.65766550973822,8.507757093136641,0.0,184.20000000000002,17,0.20034246575342465,0.26597744360902253,0.2850754611514813,0.5132956535173551,0.28457502623294856,0.26666666666666666,0.2727272727272727,0.272,0.2756208464498076,0.2809933543196922,2.3219178082191783,0.16834448269143337,Jaylen Waddle,WR,267.40000000000003,204.60000000000002
00-0036613,2023,REG,0,0,0.0,0,0.0,0.0,0.0,0,0,0.0,0.0,0.0,0.0,0,0.0,0.0,3,12.0,0,0.0,0.0,1.0,-0.6894866111688316,0,72,104,1014.0,4,0.0,0.0,1051.0,421.0,47.0,45.95691770556518,0,14.559147095002235,3.2944057582039328,4.800136367669987,8.30170409467489,0.0,126.60000000000001,14,0.21987315010570824,0.2959729653618699,0.2278138528138528,0.5665880974480583,0.25920245398773006,0.18181818181818182,0.25405405405405407,0.2463768115942029,0.22051031790295594,0.24372559955382045,2.1437632135306552,0.14664618838054172,Jaylen Waddle,WR,204.60000000000002,145.6
00-0036620,2021,REG,0,0,0.0,0,0.0,0.0,0.0,0,0,0.0,0.0,0.0,0.0,0,0.0,0.0,4,59.0,0,0.0,0.0,2.0,7.535544990969356,0,10,20,64.0,1,0.0,0.0,252.0,32.0,4.0,-2.856174919751219,0,3.8900462962962963,0.674931298021281,0.8098115011117791,1.579264997810167,0.0,18.3,8,0.08130081300813008,0.10298324478953821,0.04155844155844156,0.2043378153438257,0.03707995365005794,0.0625,0.05,0.052083333333333336,0.04978997682502897,0.04216396292004635,0.2601626016260163,0.04008839278125619,D'Wayne Eskridge,WR,28.3,13.8
00-0036620,2022,REG,0,0,0.0,0,0.0,0.0,0.0,0,0,0.0,0.0,0.0,0.0,0,0.0,0.0,2,10.0,0,0.0,0.0,0.0,0.44685578206554055,0,7,13,58.0,0,0.0,0.0,54.0,46.0,4.0,-1.964823661281784,0,5.783333333333333,0.4451244317623628,0.26689623540482943,0.8545140124269248,0.0,6.800000000000001,8,0.05416666666666667,0.031231925968768073,0.05251141552511415,0.10623554077501446,0.030949839914621132,0.0,0.044444444444444446,0.038834951456310676,0.015474919957310566,0.024759871931696906,0.24166666666666667,0.019046041735674063,D'Wayne Eskridge,WR,13.8,0.5
00-0036620,2023,REG,0,0,0.0,0,0.0,0.0,0.0,0,0,0.0,0.0,0.0,0.0,0,0.0,0.0,2,5.0,0,0.0,0.0,1.0,-0.8133049951866269,0,0,1,0.0,0,0.0,0.0,17.0,0.0,0.0,-1.2090849367668852,0,0.0,0.02631578947368421,0.05263157894736842,0.0763157894736842,0.0,0.5,3,0.009615384615384616,0.01893095768374165,0.0,0.029567843070070245,0.0,0.0,0.0,0.0,0.0,0.0,0.0,0.0023386342376052385,D'Wayne Eskridge,WR,0.5,7.4
00-0036626,2021,REG,0,0,0.0,0,0.0,0.0,0.0,0,0,0.0,0.0,0.0,0.0,0,0.0,0.0,1,-4.0,0,0.0,0.0,0.0,-1.2277511132415384,0,12,25,165.0,0,0.0,0.0,381.0,34.0,6.0,-1.5833218638767814,0,3.7013276132734263,0.7938639791580968,1.6368521528635434,2.3365924757416257,0.0,16.1,9,0.0847457627118644,0.174931129476584,0.033763654419066536,0.2670635476490638,0.08414074451810301,0.0,0.06451612903225806,0.056074766355140186,0.042070372259051504,0.06731259561448241,0.559322033898305,0.04006615906692902,Dyami Brown,WR,28.1,32.800000000000004
00-0036626,2022,REG,0,0,0.0,0,0.0,0.0,0.0,0,0,0.0,0.0,0.0,0.0,0,0.0,0.0,1,15.0,0,0.0,0.0,1.0,0.9195813105907291,0,5,14,143.0,2,0.0,0.0,361.0,31.0,5.0,4.948256991163362,0,2.8764302059496565,0.4515528115528116,1.2868481823791469,1.5781229449946201,0.0,27.8,7,0.06635071090047394,0.20418552036199095,0.05391304347826087,0.26287448264030366,0.104,0.25,0.08064516129032258,0.1,0.177,0.13319999999999999,0.6777251184834123,0.06677524429967427,Dyami Brown,WR,32.800000000000004,35.0
00-0036626,2023,REG,1,1,4.0,0,0.0,0.0,0.0,0,0,1.0,3.0,0.0,-0.30589396954746917,0,4.0,0.0,1,0.0,0,0.0,0.0,0.0,-0.8552284319885075,0,12,23,168.0,1,0.0,0.0,387.0,76.0,8.0,8.516261250188109,0,4.469770839575555,0.6173104701248717,1.360476383621398,1.8782991737222863,0.0,22.96,13,0.046,0.10203005536514632,0.04441846873173583,0.15062404429211707,0.049440847557386695,0.047619047619047616,0.05063291139240506,0.05027932960893855,0.04852994758821716,0.049076487569718885,0.336,0.03006742809962846,Dyami Brown,WR,35.0,108.3
00-0036628,2021,REG,0,0,0.0,0,0.0,0.0,0.0,0,0,0.0,0.0,0.0,0.0,0,0.0,0.0,0,0.0,0,0.0,0.0,0.0,0.0,0,20,25,249.0,1,1.0,0.0,149.0,139.0,11.0,15.746605691616423,0,20.241972443265546,0.8883966622937212,0.7886037572898114,1.8846176235434495,0.0,30.900000000000002,11,0.07183908045977011,0.05875394321766562,0.1184995737425405,0.15476177526378765,0.11032343819229065,0.08333333333333333,0.09821428571428571,0.0967741935483871,0.096828385762812,0.1049254172204992,0.7155172413793104,0.06236369428312382,John Bates,TE,50.900000000000006,30.8
00-0036628,2022,REG,0,0,0.0,0,0.0,0.0,0.0,0,0,0.0,0.0,0.0,0.0,0,0.0,0.0,0,0.0,0,0.0,0.0,0.0,0.0,0,14,22,108.0,1,1.0,0.0,114.0,54.0,4.0,-2.8533656677464023,0,12.257945845004668,0.6830155199190193,0.5024250127069663,1.3762207887734053,0.0,16.8,9,0.06896551724137931,0.04581993569131833,0.05595854922279793,0.14010422441512363,0.05030274802049371,0.06666666666666667,0.038834951456310676,0.0423728813559322,0.05848470734358019,0.05357553174972831,0.3385579937304075,0.04051139054032725,John Bates,TE,30.8,34.1
00-0036628,2023,REG,0,0,0.0,0,0.0,0.0,0.0,0,0,0.0,0.0,0.0,0.0,0,0.0,0.0,0,0.0,0,0.0,0.0,0.0,0.0,0,19,28,151.0,0,0.0,0.0,175.0,65.0,6.0,-5.566456084954552,0,14.482317682317682,0.8005119528319325,0.7866790348815197,1.7514432536649627,0.0,15.100000000000001,14,0.05204460966542751,0.04409171075837742,0.036292573981016193,0.1133402831048432,0.042885543879579664,0.0,0.038461538461538464,0.03409090909090909,0.021442771939789832,0.034308435103663736,0.28066914498141265,0.028441790248052445,John Bates,TE,34.1,20.5
00-0036630,2021,REG,0,0,0.0,0,0.0,0.0,0.0,0,0,0.0,0.0,0.0,0.0,0,0.0,0.0,0,0.0,0,0.0,0.0,0.0,0.0,0,2,6,23.0,0,0.0,0.0,38.0,14.0,1.0,-2.7527126162312925,0,7.25,0.16783610533610532,0.1376288533920093,0.3480943553785645,0.0,2.3,4,0.041666666666666664,0.03518518518518519,0.0425531914893617,0.09064814814814814,0.027878787878787878,0.0,0.023809523809523808,0.02127659574468085,0.013939393939393939,0.022303030303030304,0.1597222222222222,0.013214505224339273,Tylan Wallace,WR,4.3,7.3
00-0036630,2022,REG,0,0,0.0,0,0.0,0.0,0.0,0,0,0.0,0.0,0.0,0.0,0,0.0,0.0,0,0.0,0,0.0,0.0,0.0,0.0,0,4,7,33.0,0,0.0,0.0,94.0,9.0,1.0,-2.95119739335496,0,5.190476190476191,0.23258187374566686,0.3157805227497254,0.569919176543308,0.0,3.3000000000000003,5,0.041916167664670656,0.05773955773955774,0.018218623481781375,0.10906589768865219,0.027477102414654453,0.0,0.018867924528301886,0.01639344262295082,0.013738551207327226,0.021981681931723562,0.19760479041916168,0.017441582644430638,Tylan Wallace,WR,7.3,2.1
00-0036630,2023,REG,0,0,0.0,0,0.0,0.0,0.0,0,0,0.0,0.0,0.0,0.0,0,0.0,0.0,0,0.0,0,0.0,0.0,0.0,0.0,0,1,2,11.0,0,0.0,0.0,23.0,0.0,1.0,-0.7508965742890723,0,0.4782608695652174,0.07692307692307693,0.1503267973856209,0.22061337355455002,1.0,7.1,2,0.028169014084507043,0.03212290502793296,0.0,0.06795184514910693,0.023809523809523808,0.0,0.038461538461538464,0.03333333333333333,0.011904761904761904,0.01904761904761905,0.15492957746478872,0.04704379138111278,Tylan Wallace,WR,2.1,43.1
00-0036635,2021,REG,0,0,0.0,0,0.0,0.0,0.0,0,0,0.0,0.0,0.0,0.0,0,0.0,0.0,0,0.0,0,0.0,0.0,0.0,0.0,0,5,6,116.0,2,0.0,0.0,128.0,17.0,4.0,11.404099471285008,0,2.8648989898989896,0.26406926406926406,0.4835199113976462,0.7345678340822483,0.0,23.6,3,0.07317073170731707,0.1606022584692597,0.10179640718562874,0.23823790433638337,0.22264875239923224,0.3333333333333333,0.21052631578947367,0.24,0.2779910428662828,0.24478566858605244,1.4146341463414633,0.13387006178618235,Ihmir Smith-Marsette,WR,28.6,0.4
00-0036635,2022,REG,0,0,0.0,0,0.0,0.0,0.0,0,0,0.0,0.0,0.0,0.0,0,0.0,0.0,1,-1.0,0,0.0,0.0,0.0,-0.9030474651954137,0,1,4,15.0,0,1.0,1.0,28.0,5.0,0.0,-8.025093835021835,0,1.3636363636363635,0.1836996336996337,0.14093888749266983,0.37420667179431943,0.0,-0.6,3,0.05714285714285714,0.042042042042042045,0.019230769230769232,0.11934791934791936,0.026223776223776224,0.0,0.0,0.0,0.013111888111888112,0.02097902097902098,0.21428571428571427,0.002168256721595837,Ihmir Smith-Marsette,WR,0.4,26.500000000000004
00-0036635,2023,REG,0,0,0.0,0,0.0,0.0,0.0,0,0,0.0,0.0,0.0,0.0,0,0.0,0.0,8,74.0,1,0.0,0.0,4.0,4.189766711962875,0,8,10,51.0,0,0.0,0.0,9.0,48.0,5.0,1.515756132430397,0,14.25,0.3990084930652953,-0.007222028588676724,0.5934573195858692,1.0,24.500000000000004,7,0.046511627906976744,0.0047872340425531915,0.09411764705882353,0.07359722909450767,0.042464612822647796,0.0,0.1111111111111111,0.10638297872340426,0.021232306411323898,0.03397169025811824,0.2372093023255814,0.08109996506463044,Ihmir Smith-Marsette,WR,26.500000000000004,0.0
00-0036637,2021,REG,0,0,0.0,0,0.0,0.0,0.0,0,0,0.0,0.0,0.0,0.0,0,0.0,0.0,0,0.0,0,0.0,0.0,0.0,0.0,0,7,10,36.0,1,0.0,0.0,23.0,18.0,2.0,-0.03670596570009366,0,6.699999999999999,0.27034697891695864,0.10044588931871778,0.4758325908985404,0.0,9.6,7,0.03597122302158273,0.010752688172043012,0.016901408450704224,0.06255898507000851,0.017777777777777778,0.05555555555555555,0.018018018018018018,0.023255813953488372,0.03666666666666667,0.025333333333333333,0.12949640287769784,0.021671018276762405,Noah Gray,TE,20.0,76.7
00-0036637,2022,REG,0,0,0.0,0,0.0,0.0,0.0,0,0,0.0,0.0,0.0,0.0,0,0.0,0.0,1,1.0,1,0.0,0.0,1.0,1.4546351197932381,0,28,34,299.0,1,0.0,0.0,170.0,182.0,14.0,12.984352169005433,0,37.922771672771674,0.9398099818819453,0.5835243625927611,1.8181820266378506,0.0,42.0,17,0.05222734254992319,0.03607809847198642,0.06431095406360424,0.10720349260247392,0.056952380952380956,0.024390243902439025,0.051470588235294115,0.04792332268370607,0.04067131242740999,0.05043995354239257,0.4592933947772657,0.037654653039268425,Noah Gray,TE,76.7,85.2
00-0036637,2023,REG,0,0,0.0,0,0.0,0.0,0.0,0,0,0.0,0.0,0.0,0.0,0,0.0,0.0,1,1.0,0,0.0,0.0,0.0,-2.7568004212225787,0,28,41,305.0,2,0.0,0.0,270.0,140.0,16.0,5.184102260309757,0,22.952716484295433,1.2127688723830439,1.2506485361786157,2.694607283899597,0.0,42.6,16,0.06925675675675676,0.07086614173228346,0.05551149881046788,0.1605780485209619,0.07417315175097276,0.07407407407407407,0.07920792079207921,0.07860262008733625,0.07412361291252342,0.07415333621559303,0.5152027027027027,0.050004249652945004,Noah Gray,TE,85.2,118.8
00-0036646,2022,REG,0,0,0.0,0,0.0,0.0,0.0,0,0,0.0,0.0,0.0,0.0,0,0.0,0.0,0,0.0,0,0.0,0.0,0.0,0.0,0,3,4,24.0,0,0.0,0.0,51.0,10.0,1.0,-1.1463221836526871,0,1.7790697674418605,0.10650406504065041,0.14995336326760808,0.26472345184830126,0.0,2.4000000000000004,2,0.0547945205479452,0.08388157894736842,0.062111801242236024,0.14929704397981253,0.05811138014527845,0.0,0.05,0.047619047619047616,0.029055690072639227,0.046489104116222764,0.3287671232876712,0.03898354028299163,Simi Fehoko,WR,5.4,7.9
00-0036646,2023,REG,0,0,0.0,0,0.0,0.0,0.0,0,0,0.0,0.0,0.0,0.0,0,0.0,0.0,0,0.0,0,0.0,0.0,0.0,0.0,0,1,2,9.0,1,0.0,0.0,18.0,7.0,1.0,1.0416169919772074,0,0.5,0.05263157894736842,0.1005586592178771,0.1493384298735666,0.0,6.9,1,0.05,0.10344827586206896,0.03349282296650718,0.15775862068965518,0.030201342281879196,0.3333333333333333,0.05555555555555555,0.09523809523809523,0.18176733780760626,0.09082774049217002,0.225,0.07444402563136072,Simi Fehoko,WR,7.9,16.6
00-0036650,2021,REG,0,0,0.0,0,0.0,0.0,0.0,0,0,0.0,0.0,0.0,0.0,0,0.0,0.0,36,87.0,1,0.0,0.0,5.0,-10.204493235127302,0,1,2,-1.0,0,0.0,0.0,-1.0,0.0,0.0,-1.269028112408705,0,1.0,0.053571428571428575,-0.003861003861003861,0.07765444015444016,0.0,14.600000000000001,8,0.006389776357827476,-0.00047393364928909954,0.0,0.009205517617309934,-0.0004284490145672665,0.0,0.0,0.0,-0.00021422450728363326,-0.0003427592116538132,-0.003194888178913738,0.018570102135561747,Larry Rountree,RB,15.600000000000001,5.3
00-0036652,2021,REG,0,0,0.0,0,0.0,0.0,0.0,0,0,0.0,0.0,0.0,0.0,0,0.0,0.0,0,0.0,0,0.0,0.0,0.0,0.0,0,2,6,8.0,0,1.0,1.0,67.0,9.0,0.0,-6.968731027736794,0,0.16666666666666669,0.20096153846153847,0.3438870210894398,0.5421632224549155,0.0,-1.2000000000000002,5,0.039473684210526314,0.05939716312056738,0.01882845188284519,0.10672825681224338,0.007714561234329798,0.0,0.0,0.0,0.003857280617164899,0.006171648987463838,0.05263157894736842,0.0019376089905057156,Racey McMath,WR,0.7999999999999998,6.4
00-0036654,2021,REG,0,0,0.0,0,0.0,0.0,0.0,0,0,0.0,0.0,0.0,0.0,0,0.0,0.0,7,24.0,0,0.0,0.0,0.0,-2.543919825460762,0,18,21,181.0,2,0.0,0.0,9.0,201.0,10.0,9.55242118309252,0,-25.35378787878788,0.7570344051501521,-0.02946257100657733,1.114927808020624,0.0,32.5,11,0.06542056074766354,0.00340393343419062,0.1930835734870317,0.1008539878688478,0.08073148974130241,0.16666666666666666,0.09433962264150944,0.1016949152542373,0.12369907820398454,0.09791852512637528,0.5638629283489096,0.06000617885406022,Demetric Felton,RB,50.5,2.4
00-0036669,2021,REG,0,0,0.0,0,0.0,0.0,0.0,0,0,0.0,0.0,0.0,0.0,0,0.0,0.0,10,24.0,0,0.0,0.0,1.0,-3.664956227527,0,1,2,5.0,0,0.0,0.0,-3.0,7.0,0.0,-0.4143501596408896,0,-2.5,0.05798319327731093,-0.0108308518713143,0.07939319360604638,0.0,2.9000000000000004,4,0.014705882352941176,-0.002631578947368421,0.013972055888223553,0.019953560371517028,0.004655493482309125,0.0,0.0,0.0,0.0023277467411545625,0.0037243947858473002,0.03676470588235294,0.010677325740568363,Kylin Hill,RB,3.9000000000000004,0.7000000000000001
00-0036671,2021,REG,0,0,0.0,0,0.0,0.0,0.0,0,0,0.0,0.0,0.0,0.0,0,0.0,0.0,1,1.0,0,0.0,0.0,0.0,-0.6940288813202642,0,9,14,83.0,0,1.0,1.0,102.0,39.0,4.0,-5.622943584632594,0,8.360867446393762,0.42377486608117887,0.4083846890983094,0.9215315814905849,0.0,6.4,9,0.045307443365695796,0.04419410745233969,0.038011695906432746,0.10331645101041545,0.04031083050024284,0.0,0.0392156862745098,0.036036036036036036,0.02015541525012142,0.03224866440019427,0.2686084142394822,0.022092789716810602,Dax Milne,WR,15.4,15.7
00-0036727,2021,REG,0,0,0.0,0,0.0,0.0,0.0,0,0,0.0,0.0,0.0,0.0,0,0.0,0.0,3,5.0,0,0.0,0.0,2.0,-0.5032342816703022,0,3,3,16.0,0,0.0,0.0,1.0,15.0,1.0,-0.19503525120671839,0,10.0,0.12267080745341614,0.0056179775280898875,0.18793879544978714,0.0,2.1,4,0.029411764705882353,0.001589825119236884,0.03968253968253968,0.045389507154213034,0.022922636103151862,0.0,0.03225806451612903,0.027777777777777776,0.011461318051575931,0.01833810888252149,0.1568627450980392,0.020968670339610227,Adam Prentice,RB,5.1,4.8
00-0036727,2022,REG,0,0,0.0,0,0.0,0.0,0.0,0,0,0.0,0.0,0.0,0.0,0,0.0,0.0,4,9.0,0,0.0,0.0,3.0,1.4556626389967278,0,3,3,9.0,0,1.0,0.0,-9.0,18.0,1.0,-0.3270686522591859,0,-0.5619047619047619,0.12110983981693363,-0.0612935523345738,0.1387592730911988,0.0,1.8000000000000003,5,0.023622047244094488,-0.007431874483897605,0.04017857142857143,0.02948757127902365,0.008670520231213872,0.0,0.02127659574468085,0.019230769230769232,0.004335260115606936,0.006936416184971098,0.07086614173228346,0.014017872787804453,Adam Prentice,RB,4.8,2.4000000000000004
00-0036727,2023,REG,0,0,0.0,0,0.0,0.0,0.0,0,0,0.0,0.0,0.0,0.0,0,0.0,0.0,2,12.0,0,1.0,1.0,1.0,-4.062858141202014,0,2,3,12.0,0,0.0,0.0,11.0,8.0,0.0,-2.0274838632903993,0,2.2333333333333334,0.08204334365325078,0.04966218839791877,0.15782854735841928,0.0,0.40000000000000013,2,0.0410958904109589,0.02263374485596708,0.034482758620689655,0.07975083150121201,0.034482758620689655,0.0,0.0,0.0,0.017241379310344827,0.027586206896551724,0.1643835616438356,0.01852995676343422,Adam Prentice,RB,2.4000000000000004,0.0
00-0036741,2021,REG,0,0,0.0,0,0.0,0.0,0.0,0,0,0.0,0.0,0.0,0.0,0,0.0,0.0,0,0.0,0,0.0,0.0,0.0,0.0,0,4,5,22.0,0,0.0,0.0,14.0,20.0,0.0,-0.5115182680388384,0,2.125,0.23732517482517482,0.043718454322670686,0.3865906802636317,0.0,2.2,3,0.07692307692307693,0.022913256955810146,0.0796812749003984,0.1337152209492635,0.03741496598639456,0.0,0.0,0.0,0.01870748299319728,0.02993197278911565,0.3384615384615385,0.02400123877361412,Jack Stoll,TE,6.2,24.8
00-0036741,2022,REG,0,0,0.0,0,0.0,0.0,0.0,0,0,0.0,0.0,0.0,0.0,0,0.0,0.0,0,0.0,0,0.0,0.0,0.0,0.0,0,11,14,123.0,0,0.0,0.0,90.0,49.0,5.0,7.91232904131175,0,17.486015325670497,0.47158019354954644,0.35060252766459404,0.9527920596895355,0.0,12.3,9,0.05054151624548736,0.03439052350019106,0.04725168756027001,0.10332469316838389,0.05269922879177378,0.0,0.047619047619047616,0.04032258064516129,0.02634961439588689,0.042159383033419026,0.44404332129963897,0.026189780365532902,Jack Stoll,TE,24.8,8.8
00-0036741,2023,REG,0,0,0.0,0,0.0,0.0,0.0,0,0,0.0,0.0,0.0,0.0,0,0.0,0.0,0,0.0,0,0.0,0.0,0.0,0.0,0,5,8,38.0,0,0.0,0.0,25.0,25.0,2.0,-2.195436682261061,0,10.833333333333332,0.2835243188184364,0.09660682080282042,0.492911252789629,0.0,3.8000000000000003,5,0.04878048780487805,0.018037518037518036,0.050505050505050504,0.08760074613733151,0.03353927625772286,0.0,0.038461538461538464,0.034482758620689655,0.01676963812886143,0.026831421006178288,0.23170731707317074,0.020961364394264208,Jack Stoll,TE,8.8,3.0
00-0036754,2021,REG,0,0,0.0,0,0.0,0.0,0.0,0,0,0.0,0.0,0.0,0.0,0,0.0,0.0,0,0.0,0,0.0,0.0,0.0,0.0,0,12,17,117.0,2,0.0,0.0,70.0,64.0,6.0,-0.7720769078587182,0,12.817391304347826,0.5304792514095757,0.2791436744475153,0.9911194492276243,0.0,23.700000000000003,7,0.07692307692307693,0.04697986577181208,0.09288824383164006,0.15296850800206507,0.08130646282140375,0.18181818181818182,0.08571428571428572,0.09876543209876543,0.13156232231979278,0.10140880662075938,0.5294117647058824,0.0634711801728123,Brock Wright,TE,35.7,63.6
00-0036754,2022,REG,0,0,0.0,0,0.0,0.0,0.0,0,0,0.0,0.0,0.0,0.0,0,0.0,0.0,0,0.0,0,0.0,0.0,0.0,0.0,0,18,24,216.0,4,0.0,0.0,72.0,165.0,13.0,16.81010570997023,0,38.63194444444444,0.7910594374174743,0.3360827017485377,1.4218470473501879,0.0,45.6,13,0.05517241379310345,0.025741866285305684,0.09423186750428326,0.10335211371789972,0.0646900269541779,0.18181818181818182,0.07471264367816093,0.08673469387755102,0.12325410438617987,0.0881156579269787,0.496551724137931,0.051717408274785326,Brock Wright,TE,63.6,32.0
00-0036754,2023,REG,0,0,0.0,0,0.0,0.0,0.0,0,0,0.0,0.0,0.0,0.0,0,0.0,0.0,0,0.0,0,0.0,0.0,0.0,0.0,0,13,14,91.0,1,0.0,0.0,40.0,49.0,2.0,5.006717906566337,0,12.757575757575758,0.443796172940721,0.18267693833162418,0.7935681162432184,0.0,15.100000000000001,8,0.0498220640569395,0.022002200220022004,0.045078196872125116,0.09233485626142685,0.04226660473757548,0.07142857142857142,0.019801980198019802,0.02608695652173913,0.056847588083073455,0.04809899807577467,0.3238434163701068,0.03505838906078451,Brock Wright,TE,32.0,35.0
00-0036755,2021,REG,0,0,0.0,0,0.0,0.0,0.0,0,0,0.0,0.0,0.0,0.0,0,0.0,0.0,68,266.0,2,1.0,0.0,15.0,-4.762397206824971,0,10,11,73.0,0,0.0,0.0,-3.0,75.0,5.0,2.968122595938527,0,-9.366666666666667,0.3779799956270544,-0.0011827713523568303,0.5661420534939319,0.0,45.900000000000006,14,0.024830699774266364,-0.0008957897879964168,0.05105513955071477,0.036529417831002414,0.024914675767918087,0.0,0.034482758620689655,0.031055900621118012,0.012457337883959044,0.019931740614334472,0.16478555304740405,0.05257218094611117,Jaret Patterson,RB,55.900000000000006,7.800000000000001
00-0036825,2021,REG,0,1,0.0,0,1.0,0.0,0.0,0,0,2.0,0.0,0.0,-3.8404934149584733,0,0.0,0.0,3,6.0,0,0.0,0.0,0.0,-1.5626982741523534,0,0,0,0.0,0,0.0,0.0,0.0,0.0,0.0,0.0,0,0.0,0.0,0.0,0.0,0.0,-1.4,3,0.0,0.0,0.0,0.0,0.0,0.0,0.0,0.0,0.0,0.0,0.0,-0.005532284833636291,Feleipe Franks,QB,-1.4,0.0
00-0036841,2022,REG,0,0,0.0,0,0.0,0.0,0.0,0,0,0.0,0.0,0.0,0.0,0,0.0,0.0,0,0.0,0,0.0,0.0,0.0,0.0,0,2,4,13.0,0,0.0,0.0,30.0,0.0,1.0,0.3555282881716266,0,0.8839285714285714,0.1388235294117647,0.11022383709106685,0.2853919800813939,0.0,1.3,2,0.06557377049180328,0.05514705882352941,0.0,0.14247830279652846,0.031862745098039214,0.0,0.05263157894736842,0.05,0.015931372549019607,0.025490196078431372,0.21311475409836064,0.023686477174849268,Austin Trammell,WR,3.3,6.9
00-0036841,2023,REG,0,0,0.0,0,0.0,0.0,0.0,0,0,0.0,0.0,0.0,0.0,0,0.0,0.0,0,0.0,0,0.0,0.0,0.0,0.0,0,4,7,29.0,0,0.0,0.0,25.0,35.0,2.0,-3.0054264192585833,0,2.3499999999999996,0.24393358876117496,0.1516592686535616,0.4720618711992556,0.0,2.9000000000000004,2,0.11864406779661017,0.05952380952380952,0.20348837209302326,0.22558514931396287,0.090625,0.0,0.13333333333333333,0.125,0.0453125,0.0725,0.4915254237288136,0.06777996070726915,Austin Trammell,WR,6.9,6.0
00-0036842,2021,REG,0,0,0.0,0,0.0,0.0,0.0,0,0,0.0,0.0,0.0,0.0,0,0.0,0.0,13,61.0,0,0.0,0.0,3.0,0.3025211238418706,0,4,5,9.0,0,0.0,0.0,-6.0,19.0,0.0,-2.96122648997698,0,3.2857142857142856,0.13031358885017422,-0.020923425932490053,0.1808239851225183,2.0,19.0,6,0.026881720430107527,-0.0034883720930232558,0.03247863247863248,0.03753188297074268,0.006245662734212352,0.0,0.0,0.0,0.003122831367106176,0.0049965301873698825,0.04838709677419355,0.04349964065514241,Kene Nwangwu,RB,11.0,5.5
00-0036842,2022,REG,0,0,0.0,0,0.0,0.0,0.0,0,0,0.0,0.0,0.0,0.0,0,0.0,0.0,9,14.0,0,0.0,0.0,1.0,-4.240552635789836,0,2,2,21.0,0,0.0,0.0,0.0,21.0,1.0,1.0926053479779512,0,-3.666666666666666,0.06696428571428571,0.0025901025019287992,0.10225950032277872,1.0,9.5,3,0.019801980198019802,0.0,0.05865921787709497,0.0297029702970297,0.025925925925925925,0.0,0.024390243902439025,0.022222222222222223,0.012962962962962963,0.02074074074074074,0.2079207920792079,0.043151969981238276,Kene Nwangwu,RB,5.5,1.3
00-0036842,2023,REG,0,0,0.0,0,0.0,0.0,0.0,0,0,0.0,0.0,0.0,0.0,0,0.0,0.0,5,13.0,0,0.0,0.0,0.0,-0.8229514649137855,0,0,0,0.0,0,0.0,0.0,0.0,0.0,0.0,0.0,0,0.0,0.0,0.0,0.0,0.0,1.3,3,0.0,0.0,0.0,0.0,0.0,0.0,0.0,0.0,0.0,0.0,0.0,0.005150962833822014,Kene Nwangwu,RB,1.3,0.0
00-0036849,2022,REG,0,0,0.0,0,0.0,0.0,0.0,0,0,0.0,0.0,0.0,0.0,0,0.0,0.0,9,34.0,1,0.0,0.0,2.0,-0.29374637437285855,0,18,35,298.0,1,0.0,0.0,622.0,60.0,11.0,4.0469003132936034,0,5.859822708669085,1.3712918934511475,2.80833858272362,4.022774848083255,0.0,45.2,12,0.1,0.24052590873936583,0.04854368932038835,0.34242072699149273,0.12319140140553948,0.1,0.09166666666666666,0.09230769230769231,0.11159570070276975,0.1185531211244316,0.8514285714285714,0.07509862636056847,Tutu Atwell,WR,63.2,119.2
00-0036849,2023,REG,0,0,0.0,0,0.0,0.0,0.0,0,0,0.0,0.0,0.0,0.0,1,0.0,0.0,5,31.0,0,0.0,0.0,2.0,1.9713729490176775,0,39,67,483.0,3,0.0,0.0,767.0,104.0,26.0,8.281208720669696,1,8.462973074843726,2.0129236424856702,2.812497565062265,4.98813375927209,0.0,73.4,14,0.13900414937759337,0.1987561544441565,0.06775244299674267,0.3675111476217153,0.142184280247277,0.14285714285714285,0.15853658536585366,0.15675675675675677,0.1425207115522099,0.1423188527692502,1.0020746887966805,0.09345794392523364,Tutu Atwell,WR,119.2,101.7
00-0036857,2021,REG,0,0,0.0,0,0.0,0.0,0.0,0,0,0.0,0.0,0.0,0.0,0,0.0,0.0,17,77.0,0,0.0,0.0,3.0,0.6834132571821101,0,15,17,151.0,2,0.0,0.0,50.0,113.0,6.0,12.032586584727328,0,32.32271062271062,0.599020319469546,0.17351204997726194,1.0199889141884024,0.0,34.8,9,0.059233449477351915,0.022341376228775692,0.1008028545941124,0.10672327519904842,0.06786516853932584,0.1111111111111111,0.05714285714285714,0.06504065040650407,0.08948813982521847,0.0765143570536829,0.5261324041811847,0.060414897488778346,Chris Evans,RB,52.4,12.8
00-0036857,2022,REG,0,0,0.0,0,0.0,0.0,0.0,0,0,0.0,0.0,0.0,0.0,0,0.0,0.0,0,0.0,0,0.0,0.0,0.0,0.0,0,3,4,38.0,1,0.0,0.0,55.0,8.0,2.0,2.309825017233379,0,4.797101449275362,0.12149125779343996,0.22074586598787643,0.33675899288167344,0.0,9.8,4,0.029850746268656716,0.05314009661835749,0.014814814814814815,0.08728819669767107,0.03445149592021759,0.1111111111111111,0.0425531914893617,0.05357142857142857,0.07278130351566435,0.049783418958396296,0.2835820895522388,0.03396847301098668,Chris Evans,RB,12.8,2.1
00-0036862,2021,REG,0,0,0.0,0,0.0,0.0,0.0,0,0,0.0,0.0,0.0,0.0,0,0.0,0.0,0,0.0,0,0.0,0.0,0.0,0.0,0,11,20,133.0,0,0.0,0.0,210.0,53.0,7.0,1.4085599618961386,0,6.378475292268396,0.586726950798959,0.7370501959559189,1.3960255633675815,0.0,13.3,7,0.08333333333333333,0.1097752221641401,0.06777493606138107,0.21282017773131207,0.06898340248962656,0.0,0.07692307692307693,0.06481481481481481,0.03449170124481328,0.05518672199170125,0.5541666666666667,0.03556166949599017,Ben Skowronek,WR,27.5,84.30000000000001
00-0036862,2022,REG,0,0,0.0,0,0.0,0.0,0.0,0,0,0.0,0.0,0.0,0.0,0,0.0,0.0,1,17.0,1,0.0,0.0,1.0,1.973948456463404,0,39,61,376.0,0,0.0,0.0,475.0,142.0,16.0,-5.488619681622367,0,12.235685921293133,1.9237934607598952,2.107736985396307,4.361106080917257,0.0,45.300000000000004,14,0.1331877729257642,0.15098537825810554,0.09323703217334209,0.3205699619951307,0.1254587921254588,0.0,0.1038961038961039,0.09523809523809523,0.0627293960627294,0.10036703370036704,0.8209606986899564,0.08466575606620602,Ben Skowronek,WR,84.30000000000001,23.0
00-0036862,2023,REG,0,0,0.0,0,0.0,0.0,0.0,0,0,0.0,0.0,0.0,0.0,0,0.0,0.0,2,9.0,0,0.0,0.0,1.0,-1.7192358581814915,0,8,12,66.0,1,0.0,0.0,88.0,30.0,3.0,1.4252855206141248,0,8.439434129089301,0.37264646836361215,0.3433938406200761,0.7993453909794714,0.0,13.5,9,0.03785488958990536,0.034307992202729044,0.031315240083507306,0.08422872814704128,0.03088441740758072,0.07142857142857142,0.02727272727272727,0.03225806451612903,0.05115649441807607,0.03899324821177886,0.2082018927444795,0.028160528108136428,Ben Skowronek,WR,23.0,11.9
00-0036875,2021,REG,0,0,0.0,0,0.0,0.0,0.0,0,0,0.0,0.0,0.0,0.0,0,0.0,0.0,133,606.0,5,1.0,0.0,33.0,2.2325630819269877,0,14,18,123.0,0,1.0,1.0,-5.0,145.0,3.0,-3.037402135145385,0,-21.26666666666667,0.6982130507091807,-0.03502035994509338,1.0228053241022057,0.0,100.9,12,0.05309734513274336,-0.0018910741301059002,0.11544585987261147,0.07813315839503032,0.044468546637744036,0.0,0.0234375,0.02054794520547945,0.022234273318872018,0.03557483731019523,0.36283185840707965,0.10997951643471103,Rhamondre Stevenson,RB,124.9,249.10000000000002
00-0036875,2022,REG,0,0,0.0,0,0.0,0.0,0.0,0,0,0.0,0.0,0.0,0.0,0,0.0,0.0,210,1040.0,5,2.0,1.0,49.0,-9.571355603227143,0,69,88,421.0,1,2.0,0.0,-14.0,488.0,13.0,-9.879535558235244,0,3.6444444444444444,2.9083884028757416,-0.07723025301118618,4.308521427205783,0.0,180.10000000000002,17,0.16296296296296298,-0.0034054974458769156,0.26565051714752314,0.24172004648774292,0.11035386631716906,0.05263157894736842,0.0783132530120482,0.07567567567567568,0.08149272263226874,0.09880940884320895,0.7796296296296297,0.19113020793370677,Rhamondre Stevenson,RB,249.10000000000002,145.70000000000002
00-0036875,2023,REG,0,0,0.0,0,0.0,0.0,0.0,0,0,0.0,0.0,0.0,0.0,0,0.0,0.0,156,619.0,4,1.0,1.0,36.0,-12.854978864108363,0,38,51,238.0,0,0.0,0.0,13.0,261.0,8.0,-18.016630836844765,0,-0.6666666666666665,1.5514241510885067,-0.032074661160262766,2.304683963820576,0.0,107.7,12,0.12469437652811736,0.004310344827586207,0.1912087912087912,0.190489840654245,0.09838776353865233,0.0,0.07207207207207207,0.06611570247933884,0.04919388176932617,0.07871021083092188,0.5819070904645477,0.17882566645392511,Rhamondre Stevenson,RB,145.70000000000002,171.9
00-0036876,2021,REG,0,0,0.0,0,0.0,0.0,0.0,0,0,0.0,0.0,0.0,0.0,0,0.0,0.0,0,0.0,0,0.0,0.0,0.0,0.0,0,11,15,106.0,0,0.0,0.0,59.0,76.0,4.0,4.283214020502577,0,33.08931623931624,0.5185391946607099,0.31531476498038896,0.998529127477337,0.0,10.600000000000001,10,0.046583850931677016,0.02372336147969441,0.07176581680830972,0.08885446558127105,0.046944198405668734,0.0,0.037383177570093455,0.031746031746031744,0.023472099202834367,0.03755535872453499,0.32919254658385094,0.022392237357715995,Kylen Granson,TE,21.6,61.2
00-0036876,2022,REG,0,0,0.0,0,0.0,0.0,0.0,0,0,0.0,0.0,0.0,0.0,0,0.0,0.0,1,0.0,0,0.0,0.0,0.0,-1.7525788634084165,0,31,40,302.0,0,1.0,0.0,259.0,127.0,17.0,-0.7239114496076873,0,15.134274608583054,1.1401414568776207,1.1349764621253569,2.5046957088041806,0.0,30.200000000000003,13,0.08350730688935282,0.08806528391703503,0.08500669344042838,0.19571318746765726,0.09550917141049968,0.0,0.10897435897435898,0.10059171597633136,0.04775458570524984,0.07640733712839975,0.6304801670146137,0.059883755063699876,Kylen Granson,TE,61.2,73.0
00-0036876,2023,REG,0,0,0.0,0,0.0,0.0,0.0,0,0,0.0,0.0,0.0,0.0,0,0.0,0.0,1,2.0,0,0.0,0.0,1.0,2.8402708591893315,0,30,50,368.0,1,0.0,0.0,402.0,128.0,19.0,11.460441077534359,0,17.179936373103107,1.5825785151702418,1.6387140693131876,3.520967621274594,0.0,43.0,15,0.09803921568627451,0.10803547433485622,0.07925696594427245,0.23348720299729675,0.10939357907253269,0.07142857142857142,0.12101910828025478,0.11695906432748537,0.09041107525055206,0.10180057754374044,0.7215686274509804,0.06151719953482884,Kylen Granson,TE,73.0,32.2
00-0036877,2021,REG,0,0,0.0,0,0.0,0.0,0.0,0,0,0.0,0.0,0.0,0.0,0,0.0,0.0,1,11.0,0,0.0,0.0,1.0,0.6617195811122656,0,6,12,43.0,0,0.0,0.0,156.0,24.0,1.0,-9.377901166287083,0,1.0357142857142858,0.2880287216912869,0.5001028035534637,0.7821150450243549,0.0,5.4,7,0.039473684210526314,0.06881340979267754,0.02346041055718475,0.1142612541499315,0.02036949313121743,0.0,0.009708737864077669,0.008403361344537815,0.010184746565608716,0.016295594504973945,0.14144736842105263,0.01544004117344313,Jaelon Darden,WR,11.4,4.800000000000001
00-0036879,2021,REG,0,0,0.0,0,0.0,0.0,0.0,0,0,0.0,0.0,0.0,0.0,0,0.0,0.0,3,9.0,0,0.0,0.0,1.0,0.04191851176437922,0,0,0,0.0,0,0.0,0.0,0.0,0.0,0.0,0.0,0,0.0,0.0,0.0,0.0,0.0,0.9,3,0.0,0.0,0.0,0.0,0.0,0.0,0.0,0.0,0.0,0.0,0.0,0.0029198027511030365,Sam Ehlinger,QB,0.9,41.35000000000001
00-0036887,2021,REG,0,0,0.0,0,0.0,0.0,0.0,0,0,0.0,0.0,0.0,0.0,0,0.0,0.0,0,0.0,0,0.0,0.0,0.0,0.0,0,7,11,56.0,0,1.0,0.0,73.0,28.0,3.0,-3.6240672460990027,0,8.532051282051283,0.3450352887852888,0.2763306292840302,0.7109843736767543,0.0,5.6000000000000005,8,0.040145985401459854,0.03430451127819549,0.036458333333333336,0.08766258712474617,0.0326530612244898,0.0,0.036585365853658534,0.03409090909090909,0.0163265306122449,0.02612244897959184,0.20437956204379562,0.021623476917796463,Luke Farrell,TE,12.6,8.0
00-0036887,2022,REG,0,0,0.0,0,0.0,0.0,0.0,0,0,0.0,0.0,0.0,0.0,0,0.0,0.0,0,0.0,0,0.0,0.0,0.0,0.0,0,4,4,40.0,0,0.0,0.0,4.0,36.0,3.0,-0.6893497072742321,0,19.5,0.14472309299895508,0.0036110856726897025,0.21961239946931538,0.0,4.0,4,0.03361344537815126,0.005031446540880503,0.1005586592178771,0.05444532529993129,0.050188205771643665,0.0,0.07692307692307693,0.06976744186046512,0.025094102885821833,0.040150564617314935,0.33613445378151263,0.025471217524197655,Luke Farrell,TE,8.0,28.5
00-0036887,2023,REG,0,0,0.0,0,0.0,0.0,0.0,0,0,0.0,0.0,0.0,0.0,0,0.0,0.0,0,0.0,0,0.0,0.0,0.0,0.0,0,13,15,155.0,0,0.0,0.0,71.0,96.0,5.0,8.012351745390333,0,29.792391304347827,0.4425237681812016,0.2468296032801115,0.8365663745678804,0.0,15.5,9,0.0473186119873817,0.02693474962063733,0.09221902017291066,0.09252571767758243,0.06222400642312324,0.0,0.046296296296296294,0.0423728813559322,0.03111200321156162,0.049779205138498595,0.4889589905362776,0.03471207249342297,Luke Farrell,TE,28.5,18.7
00-0036893,2021,REG,0,0,0.0,0,0.0,0.0,0.0,0,0,0.0,0.0,0.0,0.0,0,0.0,0.0,307,1200.0,7,0.0,0.0,62.0,-19.3829167587877,0,74,94,467.0,3,0.0,0.0,-13.0,499.0,22.0,-4.772277814893046,0,132.25254884004883,2.4147202727961457,-0.08711667881181882,3.5610987340259452,0.0,226.70000000000002,17,0.14156626506024098,-0.002928587519711647,0.24294060370009737,0.21000652757459215,0.11625591237241722,0.13043478260869565,0.10784313725490197,0.11013215859030837,0.12334534749055644,0.11909168641967292,0.7033132530120482,0.2130086138501643,Najee Harris,RB,303.5,223.5
00-0036893,2022,REG,1,1,4.0,0,0.0,0.0,0.0,0,0,-4.0,8.0,0.0,-0.06479255756130442,0,0.0,0.0,272,1034.0,7,2.0,1.0,45.0,-28.651573496008865,0,41,53,229.0,3,1.0,1.0,95.0,207.0,16.0,2.451341061009292,0,3.632915360501568,1.5327918213810303,0.3763242750455812,2.5626147246034523,0.0,182.46,17,0.09281961471103327,0.02017841971112999,0.14495798319327732,0.15537215783545388,0.06255121551488664,0.25,0.08465608465608465,0.0945273631840796,0.1562756077574433,0.10004097241190932,0.4010507880910683,0.17487322356476556,Najee Harris,RB,223.5,202.70000000000002
00-0036893,2023,REG,0,0,0.0,0,0.0,0.0,0.0,0,0,0.0,0.0,0.0,0.0,0,0.0,0.0,255,1035.0,8,2.0,1.0,51.0,-24.945111917782064,0,29,38,170.0,0,0.0,0.0,9.0,175.0,9.0,-1.4201432877162006,0,-3.241233766233766,1.3932712916687864,-0.09584521600990917,2.022815286296243,0.0,166.5,17,0.07509881422924901,0.0023778071334214002,0.1002290950744559,0.11455046705061063,0.049693072201110786,0.0,0.058823529411764705,0.05421686746987952,0.024846536100555393,0.03975445776088863,0.3359683794466403,0.16251849635060767,Najee Harris,RB,202.70000000000002,213.4
00-0036894,2021,REG,0,0,0.0,0,0.0,0.0,0.0,0,0,0.0,0.0,0.0,0.0,0,0.0,0.0,0,0.0,0,0.0,0.0,0.0,0.0,0,60,79,497.0,7,1.0,1.0,432.0,247.0,34.0,24.69793384163108,1,20.23187575043678,2.0753724523554786,1.724935586685744,4.320513589213239,0.0,91.7,16,0.12721417069243157,0.10239393221142451,0.1264720942140297,0.27273640180778697,0.1300026157467957,0.3181818181818182,0.17801047120418848,0.19248826291079812,0.22409221696430692,0.1676384562338002,0.8003220611916264,0.11324952221691352,Pat Freiermuth,TE,156.2,148.2
00-0036894,2022,REG,0,0,0.0,0,0.0,0.0,0.0,0,0,0.0,0.0,0.0,0.0,0,0.0,0.0,0,0.0,0,0.0,0.0,0.0,0.0,0,63,98,732.0,2,0.0,0.0,821.0,281.0,37.0,8.890447876504298,0,13.623848108151423,3.025005644757592,3.041848504436281,6.666802420241785,0.0,85.2,15,0.18882466281310212,0.1880009159606137,0.2190179267342167,0.4336377269881442,0.22378477529807397,0.2,0.21893491124260356,0.21787709497206703,0.211892387649037,0.2190278202384592,1.4104046242774566,0.13174035948583923,Pat Freiermuth,TE,148.2,87.4
00-0036894,2023,REG,0,0,0.0,0,0.0,0.0,0.0,0,0,0.0,0.0,0.0,0.0,0,0.0,0.0,0,0.0,0,0.0,0.0,0.0,0.0,0,32,47,308.0,2,0.0,0.0,311.0,145.0,17.0,8.49155986729572,1,11.065526662169884,1.6329254733134044,1.3428103477782423,3.389355453414876,0.0,44.800000000000004,11,0.1441717791411043,0.13150105708245244,0.13157894736842105,0.3214585143776184,0.14128440366972478,0.25,0.1717171717171717,0.17757009345794392,0.1956422018348624,0.16302752293577982,0.9447852760736196,0.10205980066445182,Pat Freiermuth,TE,87.4,172.8
00-0036898,2021,REG,263,394,2664.0,16,10.0,31.0,206.0,5,1,2869.0,1232.0,118.0,-45.73431005825807,1,11.724158029487462,0.8994800811200332,18,44.0,0,0.0,0.0,5.0,-8.340931496624698,1,0,0,0.0,0,0.0,0.0,0.0,0.0,0.0,0.0,0,0.0,0.0,0.0,0.0,0.0,156.95999999999998,13,0.0,0.0,0.0,0.0,0.0,0.0,0.0,0.0,0.0,0.0,0.0,0.16526280323450132,Davis Mills,QB,179.60000000000002,210.70000000000002
00-0036898,2022,REG,292,479,3118.0,17,15.0,31.0,244.0,5,2,3734.0,1524.0,135.0,-74.33538193844655,1,12.951780145008643,0.6581363686996168,32,108.0,2,3.0,1.0,8.0,2.1491521729541274,0,0,0,0.0,0,0.0,0.0,0.0,0.0,0.0,0.0,0,0.0,0.0,0.0,0.0,0.0,181.52,15,0.0,0.0,0.0,0.0,0.0,0.0,0.0,0.0,0.0,0.0,0.0,0.16941685955349808,Davis Mills,QB,210.70000000000002,17.449999999999996
00-0036898,2023,REG,18,39,173.0,2,0.0,2.0,13.0,0,0,313.0,74.0,12.0,-5.029577498353319,1,3.66142210817746,-0.14320225316573276,2,9.0,0,0.0,0.0,0.0,0.5758841405040585,0,0,0,0.0,0,0.0,0.0,0.0,0.0,0.0,0.0,0,0.0,0.0,0.0,0.0,0.0,17.82,5,0.0,0.0,0.0,0.0,0.0,0.0,0.0,0.0,0.0,0.0,0.0,0.04520547945205479,Davis Mills,QB,17.449999999999996,11.7
00-0036900,2021,REG,0,0,0.0,0,0.0,0.0,0.0,0,0,0.0,0.0,0.0,0.0,0,0.0,0.0,7,21.0,0,0.0,0.0,2.0,-2.2270732577890158,0,81,128,1455.0,13,2.0,1.0,1617.0,651.0,56.0,65.33957198970779,0,19.847627380807666,3.9496073850613724,6.280380219975319,10.320677231574782,0.0,223.6,17,0.23063063063063063,0.36775073914032297,0.26889714993804215,0.6401465372582044,0.30274656679151063,0.3611111111111111,0.2692307692307692,0.2827868852459016,0.33192883895131087,0.31441947565543077,2.6216216216216215,0.18426656342254272,Ja'Marr Chase,WR,381.6,296.7
00-0036900,2022,REG,0,0,0.0,0,0.0,1.0,9.0,0,0,0.0,0.0,0.0,-1.6040139043470845,0,0.0,0.0,5,8.0,0,0.0,0.0,0.0,-6.022194173652679,0,87,134,1046.0,9,2.0,2.0,1220.0,421.0,58.0,30.303484140081736,0,10.760394094505905,3.5432772266683954,4.695163852828204,8.601530536982334,0.0,155.4,12,0.2863247863247863,0.37596302003081666,0.2511933174224344,0.7302575955118329,0.30451237263464337,0.3333333333333333,0.3352601156069364,0.335,0.31892285298398837,0.31027656477438137,2.235042735042735,0.19950617283950617,Ja'Marr Chase,WR,296.7,262.65000000000003
00-0036900,2023,REG,1,1,-7.0,0,0.0,0.0,0.0,0,0,-7.0,0.0,0.0,-2.102857018588111,0,0.0,0.0,3,-6.0,0,0.0,0.0,0.0,-2.737977857934311,0,100,145,1216.0,7,1.0,0.0,1254.0,541.0,63.0,60.54723269477342,0,18.468550387118533,4.167663115033381,5.674971518125198,10.22397473523771,0.0,162.72,16,0.2530541012216405,0.34535940512255575,0.24885004599816007,0.6558686759305055,0.3100458949515553,0.2692307692307692,0.3230769230769231,0.3167420814479638,0.2896383320911623,0.3018828698073981,2.1221640488656197,0.18767322913392576,Ja'Marr Chase,WR,262.65000000000003,406.0
00-0036906,2021,REG,0,0,0.0,0,0.0,0.0,0.0,0,0,0.0,0.0,0.0,0.0,0,0.0,0.0,103,433.0,2,0.0,0.0,24.0,-2.985199351911433,0,14,16,96.0,0,0.0,0.0,-5.0,101.0,6.0,-0.7655202172282789,0,-3.046969696969697,0.5200469363372588,-0.034022164860674185,0.7562548891034164,0.0,64.9,14,0.034934497816593885,-0.0012385434728758979,0.07058001397624039,0.05141091194659011,0.029675425038639878,0.0,0.0379746835443038,0.03468208092485549,0.014837712519319939,0.023740340030911904,0.2096069868995633,0.07144150670047085,Khalil Herbert,RB,78.9,117.80000000000001
00-0036906,2022,REG,0,0,0.0,0,0.0,0.0,0.0,0,0,0.0,0.0,0.0,0.0,0,0.0,0.0,129,731.0,4,0.0,0.0,26.0,1.1719680123734584,0,9,12,57.0,1,0.0,0.0,-29.0,81.0,2.0,-0.86384978224863,0,-19.45357142857143,0.6140447896330249,-0.1638435519206539,0.8063766981050796,0.0,108.80000000000001,13,0.04225352112676056,-0.01096822995461422,0.09518213866039953,0.054605697726449465,0.03064516129032258,0.06666666666666667,0.02531645569620253,0.031914893617021274,0.04865591397849462,0.0378494623655914,0.2007042253521127,0.13683354628876757,Khalil Herbert,RB,117.80000000000001,110.5
00-0036906,2023,REG,0,0,0.0,0,0.0,0.0,0.0,0,0,0.0,0.0,0.0,0.0,0,0.0,0.0,132,611.0,2,0.0,0.0,25.0,-2.622446540255126,1,20,31,134.0,1,1.0,1.0,17.0,138.0,9.0,-16.816771678331577,0,-67.51347402597402,1.1616733327059414,0.11197318686960704,1.820891229867637,0.0,92.5,12,0.08611111111111111,0.0058219178082191785,0.11596638655462185,0.133824200913242,0.05351437699680511,0.0625,0.07627118644067797,0.07462686567164178,0.05800718849840256,0.05531150159744409,0.37222222222222223,0.12022313413695819,Khalil Herbert,RB,110.5,31.5
00-0036912,2021,REG,0,0,0.0,0,0.0,0.0,0.0,0,0,0.0,0.0,0.0,0.0,0,0.0,0.0,0,0.0,0,0.0,0.0,0.0,0.0,0,64,104,916.0,5,1.0,1.0,1476.0,208.0,43.0,28.621990696259093,1,10.934628608910964,3.8643300658230944,6.458821643892697,10.317670249459528,0.0,121.60000000000001,17,0.21052631578947367,0.34893617021276596,0.12030075187969924,0.5949384098544233,0.2555090655509066,0.25,0.25748502994011974,0.25668449197860965,0.2527545327754533,0.25440725244072526,1.854251012145749,0.13122171945701355,DeVonta Smith,WR,193.6,295.3
00-0036912,2022,REG,0,0,0.0,0,0.0,0.0,0.0,0,0,0.0,0.0,0.0,0.0,0,0.0,0.0,0,0.0,0,0.0,0.0,0.0,0.0,0,95,136,1196.0,7,1.0,1.0,1315.0,476.0,57.0,60.64236659034412,0,18.10026107140489,4.554181223497446,5.009696851647712,10.338059631399569,0.0,159.60000000000002,17,0.2537313432835821,0.2960378208014408,0.2341367437284801,0.6174272715665258,0.27406049495875345,0.28,0.2923076923076923,0.2909090909090909,0.27703024747937677,0.2752483959670028,2.2313432835820897,0.1571740767720667,DeVonta Smith,WR,295.3,250.4
00-0036912,2023,REG,0,0,0.0,0,0.0,0.0,0.0,0,0,0.0,0.0,0.0,0.0,0,0.0,0.0,0,0.0,0,0.0,0.0,0.0,0.0,0,81,112,1066.0,7,1.0,1.0,1350.0,294.0,47.0,34.968787702106,0,14.188595950399975,3.6892268179754053,5.453551542695017,9.35132630684962,0.0,146.6,16,0.2125237191650854,0.3010033444816054,0.17152858809801633,0.5595882543329124,0.275879917184265,0.30434782608695654,0.25,0.2559241706161137,0.29011387163561075,0.2815734989648033,2.0227703984819736,0.16100052346391636,DeVonta Smith,WR,250.4,240.4
00-0036913,2021,REG,1,3,19.0,0,0.0,1.0,6.0,0,0,53.0,6.0,1.0,-0.828378256643191,0,1.4615384615384615,0.0,3,6.0,0,0.0,0.0,0.0,-3.3227411037660204,0,39,57,420.0,0,0.0,0.0,367.0,228.0,21.0,14.437597982451354,0,11.562663150064246,1.5560284191381752,1.316276959521981,3.2554365003726495,0.0,43.36,9,0.16863905325443787,0.1523453715234537,0.23123732251521298,0.3748348771004198,0.19933554817275748,0.0,0.20192307692307693,0.18584070796460178,0.09966777408637874,0.159468438538206,1.242603550295858,0.12225388908680677,Kadarius Toney,WR,82.55,78.7
00-0036913,2022,REG,0,0,0.0,0,0.0,0.0,0.0,0,0,0.0,0.0,0.0,0.0,0,0.0,0.0,7,82.0,1,0.0,0.0,5.0,6.397704373754095,0,16,20,171.0,2,0.0,0.0,75.0,108.0,8.0,7.4545686305277465,0,27.107738095238098,0.5804818988090035,0.24647691186849383,1.0432566865214508,0.0,43.3,9,0.060790273556231005,0.031658927817644573,0.08314087759815242,0.11651255258846216,0.066796875,0.10526315789473684,0.06349206349206349,0.06896551724137931,0.08603001644736842,0.07449013157894738,0.5197568389057751,0.06288441145281018,Kadarius Toney,WR,78.7,53.0
00-0036913,2023,REG,0,1,0.0,0,0.0,0.0,0.0,0,0,16.0,0.0,0.0,-0.4460934295784682,0,0.0,0.0,11,31.0,0,0.0,0.0,2.0,-4.55490440671565,0,27,38,169.0,1,1.0,0.0,112.0,128.0,12.0,-8.356740063003516,0,21.297875092387287,1.01969316796903,0.4252391851429746,1.8272071815536273,0.0,26.0,13,0.07645875251509054,0.032520325203252036,0.06409614421632448,0.14070438893523746,0.049127906976744184,0.041666666666666664,0.06976744186046512,0.0663265306122449,0.04539728682170542,0.04763565891472868,0.34004024144869216,0.0448734230801795,Kadarius Toney,WR,53.0,-0.4
00-0036919,2021,REG,0,0,0.0,0,0.0,0.0,0.0,0,0,0.0,0.0,0.0,0.0,0,0.0,0.0,68,291.0,5,1.0,1.0,19.0,1.6975692723678488,1,33,50,253.0,1,0.0,0.0,93.0,226.0,14.0,4.413996038998437,0,45.15299787931367,1.6261809676199632,0.34078253994833224,2.6778192293937773,0.0,90.4,16,0.10638297872340426,0.023088381330685203,0.13814180929095354,0.17804517314965457,0.07358929610238511,0.05,0.0875,0.08333333333333333,0.06179464805119256,0.0688714368819081,0.5382978723404256,0.09204696334531784,Kenneth Gainwell,RB,137.9,124.5
00-0036919,2022,REG,0,0,0.0,0,0.0,0.0,0.0,0,0,0.0,0.0,0.0,0.0,0,0.0,0.0,53,240.0,4,0.0,0.0,17.0,7.87665731620579,0,23,29,169.0,0,0.0,0.0,35.0,146.0,7.0,-5.372129849546853,0,43.31666666666666,0.9630942299862617,0.12788098412544344,1.534158033867203,0.0,64.9,17,0.054104477611940295,0.007879333633498424,0.07181505164781112,0.08746018332470919,0.038725939505041246,0.0,0.035897435897435895,0.031818181818181815,0.019362969752520623,0.030980751604032998,0.31529850746268656,0.05426394873631055,Kenneth Gainwell,RB,124.5,98.85
00-0036919,2023,REG,1,1,17.0,0,0.0,0.0,0.0,0,0,17.0,0.0,1.0,1.2345058486098424,0,1.0,0.0,84,364.0,2,3.0,1.0,19.0,-12.699117783726265,1,30,37,183.0,0,0.0,0.0,71.0,175.0,11.0,2.570538667777347,0,-39.45272435897436,1.1636128557498926,0.23964864546671646,1.9131733354515403,0.0,67.38000000000001,16,0.06851851851851852,0.015314926660914581,0.10198135198135198,0.11502971910650944,0.04723799690242643,0.0,0.05699481865284974,0.05092592592592592,0.023618998451213215,0.037790397521941146,0.3388888888888889,0.07054170349014097,Kenneth Gainwell,RB,98.85,72.4
00-0036924,2021,REG,0,0,0.0,0,0.0,0.0,0.0,0,0,0.0,0.0,0.0,0.0,0,0.0,0.0,147,639.0,4,0.0,0.0,29.0,-5.439141896524234,0,36,55,325.0,0,1.0,1.0,33.0,341.0,17.0,-5.2961035922257205,0,69.11666666666667,1.5500717594593434,0.13244697023968965,2.417820518356798,0.0,118.4,14,0.11022044088176353,0.00908590308370044,0.20297619047619048,0.17259938378960565,0.09598346131128174,0.0,0.10303030303030303,0.09289617486338798,0.04799173065564087,0.0767867690490254,0.6513026052104208,0.13745949218332681,Michael Carter,RB,154.4,126.0
00-0036924,2022,REG,0,0,0.0,0,0.0,0.0,0.0,0,0,0.0,0.0,0.0,0.0,0,0.0,0.0,114,402.0,3,1.0,1.0,14.0,-21.690917342174952,0,41,54,288.0,0,0.0,0.0,31.0,274.0,12.0,-4.484687012154609,0,-20.333026287438056,1.5596040360135617,0.091382168303007,2.4033735718324474,0.0,85.0,16,0.09490333919156414,0.006583138670630707,0.1692402717726992,0.1476215197238508,0.0784527376736584,0.0,0.06818181818181818,0.06282722513089005,0.0392263688368292,0.06276219013892673,0.5061511423550088,0.10652328294612964,Michael Carter,RB,126.0,58.800000000000004
00-0036924,2023,REG,0,0,0.0,0,0.0,0.0,0.0,0,0,0.0,0.0,0.0,0.0,0,0.0,0.0,30,187.0,0,0.0,0.0,9.0,3.0564268973000885,0,24,31,101.0,1,0.0,0.0,34.0,87.0,5.0,-14.75494195598475,0,-14.075757575757578,0.9289819792837077,0.16917478457389798,1.51189531812729,0.0,34.8,15,0.06031128404669261,0.009236620483564249,0.052158273381294966,0.09785622245689031,0.0315723663644889,0.07142857142857142,0.034013605442176874,0.037267080745341616,0.05150046889653016,0.03954360737730541,0.19649805447470817,0.05135102090720137,Michael Carter,RB,58.800000000000004,35.8
00-0036928,2022,REG,3,9,23.0,0,0.0,0.0,0.0,0,0,99.0,20.0,1.0,-5.332559636328369,0,0.23232323232323232,-0.07878999862541408,0,0.0,0,0.0,0.0,0.0,0.0,0,0,0,0.0,0,0.0,0.0,0.0,0.0,0.0,0.0,0,0.0,0.0,0.0,0.0,0.0,0.92,1,0.0,0.0,0.0,0.0,0.0,0.0,0.0,0.0,0.0,0.0,0.0,0.013601419278533413,Kyle Trask,QB,1.1500000000000001,-0.1
00-0036928,2023,REG,0,1,0.0,0,0.0,0.0,0.0,0,0,3.0,0.0,0.0,-1.8803028730234743,0,0.0,0.0,1,-1.0,0,0.0,0.0,0.0,-1.7196962072630413,0,0,0,0.0,0,0.0,0.0,0.0,0.0,0.0,0.0,0,0.0,0.0,0.0,0.0,0.0,-0.1,2,0.0,0.0,0.0,0.0,0.0,0.0,0.0,0.0,0.0,0.0,0.0,-0.000629009938357026,Kyle Trask,QB,-0.1,-0.15000000000000002
00-0036936,2021,REG,0,0,0.0,0,0.0,0.0,0.0,0,0,0.0,0.0,0.0,0.0,0,0.0,0.0,18,76.0,0,0.0,0.0,2.0,-0.16007382501265965,0,54,64,435.0,1,1.0,0.0,92.0,438.0,18.0,1.4988294399605677,0,9.225539977264114,2.0048386084561316,0.24234230839340026,3.1768975285595777,0.0,57.1,14,0.13617021276595745,0.025966694891335025,0.23460096411355116,0.22502867506200422,0.11304573804573805,0.043478260869565216,0.1,0.09359605911330049,0.07826199945765164,0.09913224261050349,0.925531914893617,0.08100501633224451,Rondale Moore,WR,119.3,87.9
00-0036936,2022,REG,0,0,0.0,0,0.0,0.0,0.0,0,0,0.0,0.0,0.0,0.0,0,0.0,0.0,6,-5.0,0,0.0,0.0,1.0,-7.555139935691841,0,41,56,414.0,1,0.0,0.0,309.0,281.0,16.0,11.375221044392879,0,17.93257362347178,1.5790653194760573,1.3890754613785914,3.3409508021791003,0.0,46.9,8,0.18666666666666668,0.15566750629722922,0.2979851537645811,0.4045340050377834,0.21800947867298578,0.1,0.17204301075268819,0.1650485436893204,0.1590047393364929,0.19440758293838867,1.38,0.12738022780627772,Rondale Moore,WR,87.9,105.0
00-0036945,2021,REG,159,270,1870.0,7,10.0,36.0,264.0,8,4,2645.0,683.0,83.0,-64.92877211484534,0,9.226958490732894,0.4655677773289113,72,420.0,2,4.0,1.0,22.0,6.727855220108761,0,0,0,0.0,0,0.0,0.0,0.0,0.0,0.0,0.0,0,0.0,0.0,0.0,0.0,0.0,126.80000000000001,12,0.0,0.0,0.0,0.0,0.0,0.0,0.0,0.0,0.0,0.0,0.0,0.15425040144031923,Justin Fields,QB,145.5,316.40000000000003
00-0036945,2022,REG,192,318,2242.0,17,11.0,55.0,359.0,7,2,2889.0,958.0,91.0,-65.7712491202688,1,11.6766654850006,1.044525741513821,160,1143.0,8,8.0,0.0,65.0,65.18292775351816,0,0,0,0.0,0,0.0,0.0,0.0,0.0,0.0,0.0,0,0.0,0.0,0.0,0.0,0.0,295.98,15,0.0,0.0,0.0,0.0,0.0,0.0,0.0,0.0,0.0,0.0,0.0,0.28820424935247035,Justin Fields,QB,316.40000000000003,255.8
00-0036945,2023,REG,227,370,2562.0,16,9.0,44.0,285.0,7,3,2961.0,1224.0,121.0,-36.29647671384594,0,13.680831323878596,1.0188534603179098,124,657.0,4,3.0,1.0,43.0,25.81475209187589,0,0,0,0.0,0,0.0,0.0,0.0,0.0,0.0,0.0,0,0.0,0.0,0.0,0.0,0.0,230.18,13,0.0,0.0,0.0,0.0,0.0,0.0,0.0,0.0,0.0,0.0,0.0,0.23304647160068848,Justin Fields,QB,255.8,130.2
00-0036951,2021,REG,0,0,0.0,0,0.0,0.0,0.0,0,0,0.0,0.0,0.0,0.0,0,0.0,0.0,0,0.0,0,0.0,0.0,0.0,0.0,0,1,4,14.0,0,0.0,0.0,83.0,11.0,1.0,-3.1446534376009367,0,0.28,0.1611111111111111,0.3880678708264915,0.5133141762452107,0.0,1.4000000000000001,2,0.08,0.18322295805739514,0.05759162303664921,0.26657836644591615,0.042682926829268296,0.0,0.058823529411764705,0.058823529411764705,0.0,0.0,0.28,0.027643400138217006,Frank Darby,WR,2.4000000000000004,2.5
00-0036955,2021,REG,0,0,0.0,0,0.0,0.0,0.0,0,0,0.0,0.0,0.0,0.0,0,0.0,0.0,0,0.0,0,0.0,0.0,0.0,0.0,0,17,30,138.0,0,0.0,0.0,211.0,63.0,7.0,-9.052667747649856,1,6.410147695441813,0.9014938097117682,1.0226774602036142,2.068114936710182,0.0,15.8,12,0.07042253521126761,0.06810845706907682,0.04601899196493791,0.16012056847216288,0.05211480362537765,0.0,0.05343511450381679,0.04929577464788732,0.026057401812688823,0.04169184290030212,0.323943661971831,0.03540128653455943,Terrace Marshall,WR,30.8,83.0
00-0036955,2022,REG,0,0,0.0,0,0.0,0.0,0.0,0,0,0.0,0.0,0.0,0.0,0,0.0,0.0,0,0.0,0,0.0,0.0,0.0,0.0,0,28,47,490.0,1,1.0,0.0,586.0,132.0,23.0,21.400174034797754,0,11.45926852031477,1.9557485117831668,3.3936107321739675,5.309150280196527,0.0,55.0,13,0.13823529411764707,0.22917481423543215,0.10344827586206896,0.39069279256481637,0.19607843137254902,0.08333333333333333,0.2072072072072072,0.1951219512195122,0.13970588235294118,0.17352941176470588,1.4411764705882353,0.09067470721901766,Terrace Marshall,WR,83.0,32.900000000000006
00-0036955,2023,REG,0,0,0.0,0,0.0,0.0,0.0,0,0,0.0,0.0,0.0,0.0,0,0.0,0.0,0,0.0,0,0.0,0.0,0.0,0.0,0,19,33,139.0,0,1.0,0.0,238.0,48.0,8.0,-7.208909526750292,0,6.1311403508771924,0.9452701363816913,1.0120540311099044,2.12634302634947,0.0,13.9,8,0.11262798634812286,0.12337998963193364,0.06,0.2676459712277312,0.08569667077681874,0.0,0.10526315789473684,0.0975609756097561,0.04284833538840937,0.068557336621455,0.47440273037542663,0.06063621954366177,Terrace Marshall,WR,32.900000000000006,7.1000000000000005
00-0036963,2021,REG,0,0,0.0,0,0.0,0.0,0.0,0,0,0.0,0.0,0.0,0.0,0,0.0,0.0,7,61.0,1,0.0,0.0,2.0,5.091692552311541,0,90,119,912.0,5,0.0,0.0,831.0,424.0,48.0,51.13064180432879,2,23.621086423375747,3.6549974235459413,3.605180746603814,8.006122657941582,0.0,137.3,16,0.21402877697841727,0.22817133443163098,0.22362869198312235,0.5035802330129306,0.2534037232564601,0.22727272727272727,0.26373626373626374,0.25980392156862747,0.2403382252645937,0.24817752405971355,1.6402877697841727,0.17196767945769278,Amon-Ra St. Brown,WR,223.3,267.6
00-0036963,2022,REG,0,0,0.0,0,0.0,0.0,0.0,0,0,0.0,0.0,0.0,0.0,0,0.0,0.0,9,95.0,0,0.0,0.0,3.0,4.856911282578949,0,106,146,1161.0,6,0.0,0.0,933.0,531.0,68.0,57.19009879805758,0,18.63968127978862,4.4427260091519996,4.610114786454569,9.891169364246197,0.0,161.6,16,0.2664233576642336,0.2493319080705505,0.2507082152974504,0.5991005629527908,0.2859605911330049,0.24,0.3253588516746411,0.3162393162393162,0.2629802955665025,0.27676847290640394,2.1186131386861313,0.1796214256947241,Amon-Ra St. Brown,WR,267.6,386.5
00-0036963,2023,REG,0,0,0.0,0,0.0,1.0,8.0,0,0,0.0,0.0,0.0,-1.9745741735678166,0,0.0,0.0,4,24.0,0,0.0,0.0,2.0,1.235034344252199,0,119,164,1515.0,10,1.0,1.0,1271.0,668.0,75.0,72.29093314206709,0,19.45570939117618,4.726806913011797,5.3426558782781,10.830069484312364,0.0,211.9,16,0.2837370242214533,0.3236567354214413,0.32825552825552823,0.684530924669333,0.34668192219679633,0.37037037037037035,0.3456221198156682,0.3483606557377049,0.35852614628358337,0.35141961183151116,2.621107266435986,0.20746081504702196,Amon-Ra St. Brown,WR,386.5,337.95
00-0036970,2021,REG,0,0,0.0,0,0.0,0.0,0.0,0,0,0.0,0.0,0.0,0.0,0,0.0,0.0,0,0.0,0,0.0,0.0,0.0,0.0,0,68,110,1026.0,1,0.0,0.0,1193.0,313.0,43.0,26.331114934679142,0,14.78224965036739,3.458072005652651,5.175286847238026,8.809808801545595,0.0,108.6,17,0.19197207678883071,0.28795558773835384,0.18071593533487298,0.5183225853739292,0.25733634311512416,0.05,0.2193877551020408,0.2037037037037037,0.15366817155756207,0.21586907449209936,1.7905759162303665,0.1362359983954084,Kyle Pitts,TE,176.6,75.6
00-0036970,2022,REG,0,0,0.0,0,0.0,0.0,0.0,0,0,0.0,0.0,0.0,0.0,0,0.0,0.0,0,0.0,0,0.0,0.0,0.0,0.0,0,28,59,356.0,2,0.0,0.0,812.0,130.0,20.0,3.3775945608854245,0,6.4915285701021475,2.7923934790123734,3.1592489502510124,6.400064483694269,0.0,47.6,10,0.2610619469026549,0.34612105711849955,0.18005540166204986,0.668489766048782,0.20566146735990756,0.16666666666666666,0.2247191011235955,0.21782178217821782,0.1861640670132871,0.1978625072212594,1.575221238938053,0.10492130901823632,Kyle Pitts,TE,75.6,137.3
00-0036970,2023,REG,0,0,0.0,0,0.0,0.0,0.0,0,0,0.0,0.0,0.0,0.0,0,0.0,0.0,1,-4.0,0,0.0,0.0,0.0,-1.651203763205558,0,53,90,667.0,3,0.0,0.0,1029.0,134.0,35.0,17.37755679426676,0,12.149033804832504,3.062327030386493,4.58859416134348,7.805506458520176,0.0,84.30000000000001,17,0.16981132075471697,0.23682393555811276,0.07574901074053138,0.44417612957856567,0.1766887417218543,0.17647058823529413,0.19337016574585636,0.1919191919191919,0.17657966497857422,0.17664511102454228,1.258490566037736,0.1071484314031528,Kyle Pitts,TE,137.3,131.2
00-0036971,2021,REG,359,602,3641.0,12,17.0,32.0,238.0,7,5,4738.0,1634.0,177.0,-60.01285959799543,2,13.984290305161933,0.6277611417505866,73,334.0,2,2.0,0.0,22.0,11.314141616867087,0,0,0,0.0,0,0.0,0.0,0.0,0.0,0.0,0.0,0,0.0,0.0,0.0,0.0,0.0,199.04,17,0.0,0.0,0.0,0.0,0.0,0.0,0.0,0.0,0.0,0.0,0.0,0.16410797618851308,Trevor Lawrence,QB,231.45000000000002,369.40000000000003
00-0036971,2022,REG,387,584,4113.0,25,8.0,27.0,184.0,7,5,4294.0,2017.0,206.0,83.5256579103014,3,18.15635670571772,1.9842876084487884,62,291.0,5,5.0,4.0,27.0,-5.21947004223272,0,0,0,0.0,0,0.0,0.0,0.0,0.0,0.0,0.0,0,0.0,0.0,0.0,0.0,0.0,295.62,17,0.0,0.0,0.0,0.0,0.0,0.0,0.0,0.0,0.0,0.0,0.0,0.1967756536556792,Trevor Lawrence,QB,369.40000000000003,300.70000000000005
00-0036971,2023,REG,370,564,4016.0,21,14.0,35.0,224.0,8,5,4613.0,1778.0,179.0,0.777313856267682,1,14.73686098997866,1.7021387573419275,70,339.0,4,3.0,2.0,23.0,1.3892420482323233,0,0,0,0.0,0,0.0,0.0,0.0,0.0,0.0,0.0,0,0.0,0.0,0.0,0.0,0.0,262.54,16,0.0,0.0,0.0,0.0,0.0,0.0,0.0,0.0,0.0,0.0,0.0,0.18834112887026888,Trevor Lawrence,QB,300.70000000000005,160.15
00-0036972,2021,REG,352,521,3801.0,22,13.0,28.0,241.0,4,2,4158.0,1760.0,177.0,50.77013657480971,2,18.102397340434464,1.989121565555278,44,129.0,0,3.0,1.0,22.0,-0.20518635401246677,0,0,0,0.0,0,0.0,0.0,0.0,0.0,0.0,0.0,0,0.0,0.0,0.0,0.0,0.0,224.94,17,0.0,0.0,0.0,0.0,0.0,0.0,0.0,0.0,0.0,0.0,0.0,0.14967860422405876,Mac Jones,QB,276.35,198.05
00-0036972,2022,REG,288,442,2997.0,14,11.0,34.0,231.0,3,1,3459.0,1431.0,127.0,-28.40619021346796,1,12.661845122396556,0.5680403189528621,47,102.0,1,2.0,0.0,12.0,-4.27054190375431,0,0,0,0.0,0,0.0,0.0,0.0,0.0,0.0,0.0,0,0.0,0.0,0.0,0.0,0.0,170.08,14,0.0,0.0,0.0,0.0,0.0,0.0,0.0,0.0,0.0,0.0,0.0,0.16097219330292076,Mac Jones,QB,198.05,127.60000000000001
00-0036972,2023,REG,224,345,2120.0,10,12.0,22.0,127.0,2,1,2410.0,1211.0,100.0,-53.75460128159115,0,12.405606913872731,0.3868206905394136,26,96.0,0,1.0,1.0,11.0,-4.423463597837637,0,0,0,0.0,0,0.0,0.0,0.0,0.0,0.0,0.0,0,0.0,0.0,0.0,0.0,0.0,106.4,11,0.0,0.0,0.0,0.0,0.0,0.0,0.0,0.0,0.0,0.0,0.0,0.1383219365071111,Mac Jones,QB,127.60000000000001,110.80000000000001
00-0036973,2022,REG,0,0,0.0,0,0.0,0.0,0.0,0,0,0.0,0.0,0.0,0.0,0,0.0,0.0,220,1125.0,5,3.0,3.0,52.0,-9.746548405039434,1,35,45,316.0,0,2.0,1.0,4.0,354.0,16.0,4.731911048451366,0,4.07044622044622,1.3417329598062089,-0.05774645128671755,1.972176923808611,0.0,168.1,17,0.07550335570469799,0.0009191176470588235,0.17378497790868924,0.11399032767469404,0.07618129218900675,0.0,0.07692307692307693,0.06866952789699571,0.038090646094503376,0.060945033751205406,0.5302013422818792,0.13519090473401138,Travis Etienne,RB,231.20000000000002,278.4
00-0036973,2023,REG,0,0,0.0,0,0.0,0.0,0.0,0,0,0.0,0.0,0.0,0.0,0,0.0,0.0,267,1008.0,11,0.0,0.0,53.0,-34.79458885267169,2,58,73,476.0,1,0.0,0.0,-67.0,523.0,23.0,9.622610764199116,0,-85.47863408521303,2.067367706245094,-0.26371374906471606,2.91645193502234,0.0,224.4,17,0.11774193548387096,-0.01345111423408954,0.27000516262261226,0.16585201183853482,0.10875028558373315,0.045454545454545456,0.11557788944723618,0.1085972850678733,0.0771024155191393,0.09609113755789561,0.7677419354838709,0.19297790047697794,Travis Etienne,RB,278.4,130.2
00-0036980,2021,REG,0,0,0.0,0,0.0,0.0,0.0,0,0,0.0,0.0,0.0,0.0,0,0.0,0.0,5,54.0,1,0.0,0.0,3.0,5.487859735818347,0,43,77,538.0,5,0.0,0.0,899.0,207.0,24.0,-0.3437747868831327,0,7.50884552428569,2.148386178422683,3.332995735487211,5.555676282475073,0.0,95.2,11,0.17990654205607476,0.2885109114249037,0.1436502428868841,0.5006685422240351,0.18765259853505406,0.3333333333333333,0.16783216783216784,0.18354430379746836,0.2604929659341937,0.21678874549470994,1.2570093457943925,0.14982978815672496,Elijah Moore,WR,138.20000000000002,88.1
00-0036980,2022,REG,0,0,0.0,0,0.0,0.0,0.0,0,0,0.0,0.0,0.0,0.0,0,0.0,0.0,5,5.0,0,0.0,0.0,2.0,-1.0769412407535128,0,37,65,446.0,1,1.0,0.0,785.0,93.0,22.0,1.4694274856722442,0,9.280340178152457,1.7570551688833242,2.453104353742199,4.352755800944525,0.0,51.1,14,0.11648745519713262,0.16426030550324336,0.058125,0.3061394271982936,0.12202462380300957,0.07142857142857142,0.12716763005780346,0.12299465240641712,0.0967265976157905,0.11190541332812196,0.7992831541218638,0.08061859443631039,Elijah Moore,WR,88.1,135.3
00-0036980,2023,REG,0,0,0.0,0,0.0,0.0,0.0,0,0,0.0,0.0,0.0,0.0,0,0.0,0.0,9,11.0,0,1.0,1.0,2.0,-10.262956053542439,0,59,104,640.0,2,1.0,1.0,1155.0,191.0,29.0,-1.7487402335777844,0,15.044545198928915,2.9451357743863804,3.669876565378195,6.986617257344307,0.0,73.10000000000001,16,0.17391304347826086,0.22794552989934871,0.10736368746486791,0.4432259891368703,0.16644993498049415,0.09090909090909091,0.17575757575757575,0.1657754010695187,0.12867951294479252,0.1513417661662135,1.0702341137123745,0.09935318892900123,Elijah Moore,WR,135.3,120.9
00-0036984,2021,REG,0,0,0.0,0,0.0,0.0,0.0,0,0,0.0,0.0,0.0,0.0,0,0.0,0.0,41,167.0,1,0.0,0.0,9.0,-1.676432998123346,0,3,4,26.0,0,0.0,0.0,10.0,18.0,1.0,1.588194692041725,0,5.555555555555555,0.12894736842105264,0.07054263565891472,0.24280089759281925,0.0,25.3,5,0.024691358024691357,0.008818342151675485,0.031746031746031744,0.04409171075837742,0.022887323943661973,0.0,0.017857142857142856,0.015625,0.011443661971830986,0.018309859154929577,0.16049382716049382,0.06596121573746037,Trey Sermon,RB,28.3,1.9000000000000001
00-0036984,2022,REG,0,0,0.0,0,0.0,0.0,0.0,0,0,0.0,0.0,0.0,0.0,0,0.0,0.0,2,19.0,0,0.0,0.0,2.0,2.3006395286065526,0,0,0,0.0,0,0.0,0.0,0.0,0.0,0.0,0.0,0,0.0,0.0,0.0,0.0,0.0,1.9000000000000001,1,0.0,0.0,0.0,0.0,0.0,0.0,0.0,0.0,0.0,0.0,0.0,0.021699406121516676,Trey Sermon,RB,1.9000000000000001,20.3
00-0036984,2023,REG,0,0,0.0,0,0.0,0.0,0.0,0,0,0.0,0.0,0.0,0.0,0,0.0,0.0,35,160.0,0,0.0,0.0,7.0,-1.1124951226762185,0,3,6,13.0,0,0.0,0.0,11.0,6.0,0.0,-3.0399064863951426,0,-2.5,0.19124006075225589,0.05267277689558178,0.3237310349552911,0.0,17.3,8,0.020477815699658702,0.004708904109589041,0.00684931506849315,0.034483846837159285,0.006673511293634497,0.0,0.0,0.0,0.0033367556468172485,0.0053388090349075976,0.04436860068259386,0.030479565178222878,Trey Sermon,RB,20.3,53.800000000000004
00-0036988,2021,REG,0,0,0.0,0,0.0,0.0,0.0,0,0,0.0,0.0,0.0,0.0,0,0.0,0.0,1,6.0,0,0.0,0.0,0.0,0.21983389207161963,0,33,49,353.0,4,0.0,0.0,489.0,100.0,18.0,12.51690165518087,0,16.021569093913925,1.2929485775902485,1.596669133466011,3.0570912598115805,0.0,59.900000000000006,15,0.08207705192629816,0.10775672102247687,0.046511627906976744,0.20932095470742873,0.0782531589448016,0.12903225806451613,0.07929515418502203,0.08527131782945736,0.10364270850465887,0.08840897876874451,0.5912897822445561,0.058706807209120096,Josh Palmer,WR,92.9,172.4
00-0036988,2022,REG,0,0,0.0,0,0.0,0.0,0.0,0,0,0.0,0.0,0.0,0.0,0,0.0,0.0,1,4.0,0,0.0,0.0,1.0,0.7268566800048575,0,72,107,769.0,3,1.0,0.0,929.0,252.0,39.0,22.575483592745215,1,13.040831796382228,2.662637741669374,3.878303885726926,6.708769332512909,0.0,97.30000000000001,16,0.1621212121212121,0.2211904761904762,0.10682492581602374,0.42013419913419914,0.170964873277012,0.125,0.1813953488372093,0.17573221757322174,0.14798243663850602,0.16177189862160962,1.165151515151515,0.11073900132128048,Josh Palmer,WR,172.4,106.7
00-0036988,2023,REG,0,0,0.0,0,0.0,0.0,0.0,0,0,0.0,0.0,0.0,0.0,0,0.0,0.0,1,6.0,0,0.0,0.0,0.0,0.22556858509778976,0,38,61,581.0,2,1.0,1.0,693.0,196.0,22.0,8.454436657690362,0,9.94138453381482,1.7686700200919216,2.5568114062910845,4.4427730145416415,0.0,68.7,10,0.16712328767123288,0.2502708559046587,0.13861386138613863,0.45090161623057634,0.21768452603971525,0.11764705882352941,0.171875,0.16551724137931034,0.16766579243162233,0.1976770325964781,1.5917808219178082,0.11610951510403064,Josh Palmer,WR,106.7,103.4
00-0036991,2021,REG,0,0,0.0,0,0.0,0.0,0.0,0,0,0.0,0.0,0.0,0.0,0,0.0,0.0,1,11.0,0,0.0,0.0,1.0,0.9566852189600468,0,4,8,45.0,0,0.0,0.0,40.0,24.0,2.0,-3.6028147013671123,0,17.345238095238095,0.24935064935064935,0.18110585038033963,0.5008000692922117,0.0,5.6000000000000005,4,0.06153846153846154,0.04419889502762431,0.045283018867924525,0.12766680832979177,0.0528169014084507,0.0,0.045454545454545456,0.0392156862745098,0.02640845070422535,0.04225352112676056,0.34615384615384615,0.029332681495966764,Amari Rodgers,WR,9.600000000000001,43.1
00-0036991,2022,REG,0,0,0.0,0,0.0,0.0,0.0,0,0,0.0,0.0,0.0,0.0,0,0.0,0.0,2,7.0,0,0.0,0.0,0.0,-0.45017598872072995,0,16,25,204.0,1,2.0,0.0,240.0,63.0,13.0,4.702423111128155,0,9.450817706501827,0.8204138437350779,1.0753593380421198,1.9833723022321006,0.0,27.1,9,0.07692307692307693,0.09015777610818933,0.07062780269058296,0.18751083627116685,0.1007905138339921,0.07692307692307693,0.14772727272727273,0.13861386138613863,0.08885679537853451,0.09601702645180907,0.6276923076923077,0.06313538218146662,Amari Rodgers,WR,43.1,0.0
00-0036997,2021,REG,0,0,0.0,0,0.0,0.0,0.0,0,0,0.0,0.0,0.0,0.0,0,0.0,0.0,203,903.0,4,2.0,1.0,52.0,-17.26229516272562,0,43,53,316.0,3,0.0,0.0,-12.0,343.0,12.0,7.522278620084774,0,23.914285714285715,1.7611230256147137,-0.07270105362498275,2.5907938008845823,0.0,161.9,17,0.09796672828096119,-0.0026362038664323375,0.1966743119266055,0.1448411293282959,0.08195020746887967,0.15,0.0670391061452514,0.07537688442211055,0.11597510373443984,0.09556016597510374,0.5841035120147874,0.15018250582699327,Javonte Williams,RB,204.9,42.0
00-0036997,2022,REG,0,0,0.0,0,0.0,0.0,0.0,0,0,0.0,0.0,0.0,0.0,0,0.0,0.0,47,204.0,0,1.0,1.0,9.0,-6.311366795620415,0,16,22,76.0,0,0.0,0.0,-24.0,118.0,4.0,-5.4627511438229375,0,-15.653846153846155,0.6317900696864112,-0.09646184285792561,0.8801618145290687,0.0,26.0,4,0.16793893129770993,-0.022201665124884366,0.2576419213973799,0.23414706484665737,0.07755102040816327,0.0,0.10256410256410256,0.09302325581395349,0.03877551020408163,0.062040816326530614,0.5801526717557252,0.1377049180327869,Javonte Williams,RB,42.0,175.2
00-0036997,2023,REG,0,0,0.0,0,0.0,0.0,0.0,0,0,0.0,0.0,0.0,0.0,0,0.0,0.0,217,774.0,3,0.0,0.0,41.0,-37.90410386897829,1,47,58,228.0,2,1.0,1.0,-99.0,301.0,10.0,-5.755793264572276,1,-8.831676003734827,2.1046053324070564,-0.6456800237534179,2.7049319819831923,0.0,132.20000000000002,16,0.12033195020746888,-0.02767682415431926,0.1566892243623113,0.1583564659877479,0.06765578635014836,0.07692307692307693,0.06944444444444445,0.07058823529411765,0.07228943163661264,0.06950924446473408,0.4730290456431535,0.14406302757456385,Javonte Williams,RB,175.2,164.20000000000002
00-0036999,2021,REG,0,0,0.0,0,0.0,0.0,0.0,0,0,0.0,0.0,0.0,0.0,0,0.0,0.0,6,39.0,0,0.0,0.0,4.0,1.1481342581100762,0,10,23,135.0,1,0.0,0.0,396.0,10.0,6.0,-7.83959086597315,0,4.095702606572171,0.817774984906959,1.7493148588991914,2.4511828785898726,0.0,23.400000000000002,12,0.06371191135734072,0.1312127236580517,0.007473841554559043,0.20053804596245245,0.05125284738041002,0.0625,0.046153846153846156,0.04794520547945205,0.056876423690205014,0.053502277904328016,0.3739612188365651,0.03246311451509437,Anthony Schwartz,WR,33.4,18.8
00-0037005,2021,REG,0,0,0.0,0,0.0,0.0,0.0,0,0,0.0,0.0,0.0,0.0,0,0.0,0.0,3,11.0,1,0.0,0.0,1.0,0.6620446531451307,0,20,35,180.0,1,0.0,0.0,287.0,70.0,10.0,5.304708284151275,1,14.268877124000463,1.049048411736076,1.1947701234597927,2.409911704025969,0.0,33.1,14,0.07,0.07596611964002117,0.04871259568545581,0.16577289571201695,0.06300315015750788,0.09090909090909091,0.07462686567164178,0.07586206896551724,0.0769561205332994,0.06858433830782448,0.36,0.05318616158176246,Tommy Tremble,TE,51.1,54.400000000000006
00-0037005,2022,REG,0,0,0.0,0,0.0,0.0,0.0,0,0,0.0,0.0,0.0,0.0,0,0.0,0.0,0,0.0,0,0.0,0.0,0.0,0.0,0,19,32,174.0,3,0.0,0.0,245.0,62.0,9.0,-1.6748925543036481,0,11.999000244775571,1.2848215392195717,1.1316804563760359,2.7194086282925825,0.0,35.4,14,0.0855614973262032,0.08416351769151495,0.04249485949280329,0.19567306014251676,0.0624551328068916,0.2,0.07563025210084033,0.08955223880597014,0.1312275664034458,0.08996410624551329,0.46524064171123,0.053096999629101846,Tommy Tremble,TE,54.400000000000006,60.4
00-0037005,2023,REG,0,0,0.0,0,0.0,0.0,0.0,0,0,0.0,0.0,0.0,0.0,0,0.0,0.0,0,0.0,0,0.0,0.0,0.0,0.0,0,23,32,194.0,3,0.0,0.0,204.0,95.0,10.0,2.1053344268875662,0,23.74507575757576,1.0754647955334073,0.7670414121478397,2.150126181803599,0.0,37.4,13,0.07079646017699115,0.05808656036446469,0.08788159111933395,0.15266393855705848,0.07566302652106084,0.2727272727272727,0.08695652173913043,0.10317460317460317,0.17419514962416677,0.11507587576230321,0.42920353982300885,0.06888214766325297,Tommy Tremble,TE,60.4,56.4
00-0037011,2021,REG,0,0,0.0,0,0.0,0.0,0.0,0,0,0.0,0.0,0.0,0.0,0,0.0,0.0,0,0.0,0,0.0,0.0,0.0,0.0,0,6,8,45.0,0,0.0,0.0,18.0,34.0,3.0,1.4067195650422946,0,10.142857142857142,0.21918130836262115,0.07070660807373011,0.3782665881955428,0.0,4.5,6,0.031496062992125984,0.009384775808133473,0.03683640303358613,0.05475191513469575,0.02397442727757059,0.0,0.030303030303030304,0.026785714285714284,0.011987213638785296,0.019179541822056473,0.17716535433070865,0.01567444915507255,Tre' McKitty,TE,10.5,20.8
00-0037012,2021,REG,41,71,603.0,5,2.0,4.0,15.0,0,0,658.0,288.0,27.0,10.68492744550112,0,4.571103592678579,0.19786317835100353,38,168.0,1,0.0,0.0,8.0,-2.80903184085921,1,0,0,0.0,0,0.0,0.0,0.0,0.0,0.0,0.0,0,0.0,0.0,0.0,0.0,0.0,64.92,6,0.0,0.0,0.0,0.0,0.0,0.0,0.0,0.0,0.0,0.0,0.0,0.11955801104972376,Trey Lance,QB,68.95,14.400000000000002
00-0037013,2021,REG,213,383,2334.0,9,11.0,44.0,370.0,5,1,2885.0,1099.0,112.0,-94.732186357066,1,11.654507753348161,0.1851684132056421,29,185.0,4,0.0,0.0,10.0,6.559972202916221,1,0,1,0.0,0,0.0,0.0,8.0,0.0,0.0,-0.7408587794052437,0,0.0,0.045454545454545456,0.07207207207207207,0.11863226863226863,0.0,151.86,13,0.002403846153846154,0.002570694087403599,0.0,0.00566232450069211,0.0,0.0,0.0,0.0,0.0,0.0,0.0,0.1739439200952992,Zach Wilson,QB,171.20000000000002,115.8
00-0037013,2022,REG,132,242,1688.0,6,7.0,23.0,175.0,1,1,2189.0,810.0,73.0,-36.21105495186014,0,7.201039908955547,0.18102810761548557,28,102.0,1,0.0,0.0,7.0,-0.10348644226128911,0,1,1,2.0,1,0.0,0.0,2.0,0.0,1.0,1.1844526951317675,0,1.0,0.030303030303030304,0.006756756756756757,0.050184275184275186,0.0,97.92,9,0.003875968992248062,0.0008613264427217916,0.0,0.006503014642549526,0.0011235955056179776,0.14285714285714285,0.012658227848101266,0.023255813953488372,0.07199036918138041,0.029470304975922953,0.007751937984496124,0.16299225572581974,Zach Wilson,QB,115.8,138.65
00-0037077,2022,REG,11,19,169.0,1,1.0,3.0,11.0,0,0,160.0,75.0,6.0,-7.461784537902072,0,1.05625,0.040489636839130594,5,35.0,1,0.0,0.0,4.0,5.526881414349191,0,0,0,0.0,0,0.0,0.0,0.0,0.0,0.0,0.0,0,0.0,0.0,0.0,0.0,0.0,18.259999999999998,1,0.0,0.0,0.0,0.0,0.0,0.0,0.0,0.0,0.0,0.0,0.0,0.28638644918444167,Sam Howell,QB,19.950000000000003,293.0
00-0037077,2023,REG,388,612,3946.0,21,21.0,65.0,449.0,3,1,4588.0,2019.0,180.0,-103.66117762751851,1,14.574135232313122,0.8406159141069229,48,263.0,5,1.0,1.0,19.0,23.631257094320972,1,1,1,4.0,0,0.0,0.0,1.0,3.0,0.0,-0.30589396954746917,0,4.0,0.03571428571428571,0.006493506493506494,0.058116883116883115,0.0,256.54,17,0.0015723270440251573,0.00020977554017201594,0.0014340344168260039,0.002526310998175349,0.0009583133684714902,0.0,0.0,0.0,0.0004791566842357451,0.0007666506947771922,0.006289308176100629,0.18103981554380838,Sam Howell,QB,293.0,-0.5999999999999999
00-0037078,2022,REG,0,0,0.0,0,0.0,0.0,0.0,0,0,0.0,0.0,0.0,0.0,0,0.0,0.0,0,0.0,0,0.0,0.0,0.0,0.0,0,2,9,23.0,0,0.0,0.0,68.0,7.0,1.0,-6.749382402018107,0,1.4375,0.3234229783142827,0.35136988370499295,0.7310933860649191,0.0,2.3000000000000003,5,0.06293706293706294,0.06367041198501873,0.01545253863134658,0.1453419239936094,0.02327935222672065,0.0,0.022222222222222223,0.0196078431372549,0.011639676113360324,0.01862348178137652,0.16083916083916083,0.012047517651014234,Cole Turner,TE,4.300000000000001,23.0
00-0037086,2022,REG,0,0,0.0,0,0.0,0.0,0.0,0,0,0.0,0.0,0.0,0.0,0,0.0,0.0,0,0.0,0,0.0,0.0,0.0,0.0,0,5,9,81.0,0,0.0,0.0,81.0,41.0,3.0,2.07799670603474,0,4.159722222222222,0.27881386629813676,0.19868396100318433,0.5572995721494342,0.0,8.100000000000001,5,0.05232558139534884,0.04639175257731959,0.06570512820512821,0.11560177415487893,0.057203389830508475,0.0,0.05084745762711865,0.043478260869565216,0.028601694915254237,0.04576271186440678,0.47093023255813954,0.023312097376944164,Grant Calcaterra,TE,13.100000000000001,7.8999999999999995
00-0037086,2023,REG,0,0,0.0,0,0.0,0.0,0.0,0,0,0.0,0.0,0.0,0.0,0,0.0,0.0,0,0.0,0,0.0,0.0,0.0,0.0,0,4,4,39.0,0,0.0,0.0,7.0,32.0,3.0,3.082500660791993,0,14.1,0.11616161616161616,0.02534985265301714,0.19198732109953626,0.0,3.9000000000000004,2,0.05405405405405406,0.01232394366197183,0.12749003984063745,0.09094023601065855,0.07738095238095238,0.0,0.12,0.1111111111111111,0.03869047619047619,0.06190476190476191,0.527027027027027,0.04734507970753925,Grant Calcaterra,TE,7.8999999999999995,61.2
00-0037091,2023,REG,0,0,0.0,0,0.0,0.0,0.0,0,0,0.0,0.0,0.0,0.0,0,0.0,0.0,3,21.0,0,0.0,0.0,2.0,1.3748903480591252,0,16,24,218.0,1,0.0,0.0,267.0,37.0,13.0,8.540199223249303,0,2.8899665019836815,0.7697806686777275,1.027106227106227,1.87364536199095,0.0,29.900000000000002,4,0.18045112781954886,0.24032403240324032,0.07341269841269842,0.46293591765191555,0.1960431654676259,0.1111111111111111,0.23214285714285715,0.2153846153846154,0.1535771382893685,0.17905675459632295,1.6390977443609023,0.11195668081369824,Bo Melton,WR,56.5,25.1
00-0037098,2022,REG,0,0,0.0,0,0.0,0.0,0.0,0,0,0.0,0.0,0.0,0.0,0,0.0,0.0,0,0.0,0,0.0,0.0,0.0,0.0,0,5,10,82.0,1,1.0,0.0,174.0,11.0,2.0,3.206173419358109,0,3.636747347975497,0.30156739811912225,0.5655685221085429,0.8482490626546635,0.0,14.2,4,0.07194244604316546,0.14770797962648557,0.02619047619047619,0.22608005276593668,0.09425287356321839,0.16666666666666666,0.05,0.06521739130434782,0.13045977011494253,0.10873563218390805,0.5899280575539568,0.05898617511520737,Samori Toure,WR,19.2,15.8
00-0037120,2023,REG,0,0,0.0,0,0.0,0.0,0.0,0,0,0.0,0.0,0.0,0.0,0,0.0,0.0,13,87.0,0,0.0,0.0,4.0,-2.6857279091742456,0,6,9,34.0,0,0.0,0.0,-4.0,51.0,1.0,-4.947708221821813,0,3.958333333333334,0.2932697302346239,-0.004037970456914133,0.43707801603209595,0.0,12.100000000000001,6,0.046632124352331605,-0.002622950819672131,0.08374384236453201,0.0678498258727597,0.025506376594148537,0.0,0.01694915254237288,0.015151515151515152,0.012753188297074268,0.020405101275318832,0.17616580310880828,0.03826476681747072,Tyler Goodson,RB,18.1,44.4
00-0037132,2023,REG,0,0,0.0,0,0.0,0.0,0.0,0,0,0.0,0.0,0.0,0.0,0,0.0,0.0,0,0.0,0,0.0,0.0,0.0,0.0,0,4,6,42.0,0,0.0,0.0,52.0,26.0,2.0,0.5605941915431587,0,0.6363636363636364,0.17929292929292928,0.15194482588369618,0.3753007720579813,0.0,4.2,2,0.08108108108108109,0.09154929577464789,0.10358565737051793,0.19486105824133992,0.08333333333333333,0.0,0.08,0.07407407407407407,0.041666666666666664,0.06666666666666667,0.5675675675675675,0.04914299412681289,Britain Covey,WR,8.2,10.4
00-0037156,2023,REG,0,0,0.0,0,0.0,0.0,0.0,0,0,0.0,0.0,0.0,0.0,0,0.0,0.0,0,0.0,0,0.0,0.0,0.0,0.0,0,0,1,0.0,0,0.0,0.0,4.0,0.0,0.0,-1.5179237490519881,0,0.0,0.05555555555555555,0.026845637583892617,0.10212527964205816,0.0,0.0,1,0.05,0.025157232704402517,0.0,0.09512578616352202,0.0,0.0,0.0,0.0,0.0,0.0,0.0,0.0,Irvin Charles,WR,0.0,0.0
00-0037157,2022,REG,0,0,0.0,0,0.0,0.0,0.0,0,0,0.0,0.0,0.0,0.0,0,0.0,0.0,85,300.0,1,1.0,0.0,14.0,-13.8350112856757,0,13,14,100.0,0,1.0,0.0,-30.0,132.0,5.0,4.006584078888409,0,-31.166666666666668,0.34350649350649354,-0.07299124032494692,0.4641658720322774,0.0,46.0,7,0.0498220640569395,-0.012401818933443571,0.1732283464566929,0.0648116409386544,0.054318305268875614,0.0,0.05747126436781609,0.05434782608695652,0.027159152634437807,0.043454644215100494,0.35587188612099646,0.11273741735774066,Zonovan Knight,RB,59.0,3.1
00-0037197,2022,REG,0,0,0.0,0,0.0,0.0,0.0,0,0,0.0,0.0,0.0,0.0,0,0.0,0.0,170,830.0,5,3.0,2.0,37.0,-3.838218867450715,0,13,14,130.0,0,0.0,0.0,-9.0,157.0,7.0,5.313610231271014,0,2.9726190476190473,0.4059288153770417,-0.016346467590253575,0.5974506957523851,0.0,122.0,17,0.021505376344086023,-0.0019100169779286927,0.055477031802120144,0.030730050933786078,0.024761904761904763,0.0,0.025735294117647058,0.022364217252396165,0.012380952380952381,0.01980952380952381,0.19969278033794163,0.07261968800430339,Isiah Pacheco,RB,173.20000000000002,279.2
00-0037197,2023,REG,0,0,0.0,0,0.0,0.0,0.0,0,0,0.0,0.0,0.0,0.0,0,0.0,0.0,205,935.0,7,1.0,1.0,53.0,-3.767482465831563,0,44,49,244.0,2,0.0,0.0,-113.0,359.0,12.0,1.8219697501959664,0,-9.34163083293518,1.4287323729449466,-0.5575709105483448,1.7527989220335787,0.0,169.9,14,0.09351145038167939,-0.03292540792540793,0.16325602546612097,0.11392684923219273,0.06686763496848451,0.08333333333333333,0.06629834254143646,0.06829268292682927,0.07510048415090892,0.07016077464145427,0.46564885496183206,0.16929700979848986,Isiah Pacheco,RB,279.2,65.3
00-0037216,2023,REG,0,0,0.0,0,0.0,0.0,0.0,0,0,0.0,0.0,0.0,0.0,0,0.0,0.0,0,0.0,0,0.0,0.0,0.0,0.0,0,6,11,53.0,0,0.0,0.0,117.0,15.0,2.0,1.1094381852308288,0,1.986842105263158,0.31893943500335425,0.5928896847865577,0.8934319318556216,0.0,5.300000000000001,5,0.05699481865284974,0.09865092748735245,0.021367521367521368,0.16441296996915658,0.043801652892561986,0.0,0.034482758620689655,0.030303030303030304,0.021900826446280993,0.03504132231404959,0.27461139896373055,0.025965073529411766,Justyn Ross,WR,11.3,0.0
00-0037228,2022,REG,0,0,0.0,0,0.0,0.0,0.0,0,0,0.0,0.0,0.0,0.0,0,0.0,0.0,77,379.0,1,1.0,0.0,20.0,8.390191187240063,0,28,33,214.0,0,0.0,0.0,-16.0,225.0,14.0,10.611172143913953,0,8.766666666666667,1.0198768199559671,-0.07379650781985556,1.4781576744600518,0.0,65.3,16,0.06077348066298342,-0.0035203520352035203,0.16703786191536749,0.08834393936631231,0.06137080585030112,0.0,0.0782122905027933,0.07329842931937172,0.03068540292515056,0.0490966446802409,0.39410681399631675,0.0777318625654014,Jaylen Warren,RB,93.3,203.8
00-0037228,2023,REG,0,0,0.0,0,0.0,0.0,0.0,0,0,0.0,0.0,0.0,0.0,0,0.0,0.0,149,784.0,4,3.0,1.0,36.0,-4.028853708770196,0,61,74,370.0,0,1.0,1.0,-115.0,482.0,19.0,-13.432633325170398,0,-35.49141414141414,2.6835611036092852,-0.6023816870362585,3.6036744744885465,0.0,135.4,17,0.14624505928853754,-0.03038309114927345,0.27605956471935855,0.19506111601338755,0.10815551008477053,0.0,0.12418300653594772,0.1144578313253012,0.05407775504238527,0.08652440806781643,0.7312252964426877,0.16326666334148005,Jaylen Warren,RB,203.8,130.6
00-0037238,2022,REG,0,0,0.0,0,0.0,0.0,0.0,0,0,0.0,0.0,0.0,0.0,0,0.0,0.0,0,0.0,0,0.0,0.0,0.0,0.0,0,72,117,866.0,4,3.0,3.0,1219.0,224.0,48.0,11.74235431805301,1,14.37266208936698,4.906405577439611,5.089179300886779,10.922033876780162,0.0,106.6,17,0.2819277108433735,0.3022563848251922,0.18064516129032257,0.6646966741252139,0.2958660744789887,0.23529411764705882,0.32432432432432434,0.3151515151515151,0.2655800960630238,0.28375168311260274,2.0867469879518072,0.14950861390614276,Drake London,WR,176.6,172.6
00-0037238,2023,REG,1,1,22.0,0,0.0,0.0,0.0,0,0,12.0,10.0,1.0,1.8440146018983796,0,1.8333333333333333,0.0,0,0.0,0,0.0,0.0,0.0,0.0,0,69,110,905.0,2,0.0,0.0,1264.0,188.0,45.0,11.76387583838163,1,11.294962890149092,3.642166925632062,4.99045964340161,8.95657213882922,0.0,105.38,16,0.22357723577235772,0.31967627718765806,0.11772072636192861,0.591106875408663,0.25805531793555747,0.125,0.26627218934911245,0.25405405405405407,0.19152765896777874,0.23144425434844598,1.839430894308943,0.14533119978664533,Drake London,WR,172.6,280.8
00-0037239,2022,REG,0,0,0.0,0,0.0,0.0,0.0,0,0,0.0,0.0,0.0,0.0,0,0.0,0.0,0,0.0,0,0.0,0.0,0.0,0.0,0,72,119,1042.0,4,2.0,2.0,1686.0,210.0,48.0,23.8033499112709,1,11.052116219426052,3.9241900493988595,5.9931605279814795,10.081497443685326,0.0,126.2,15,0.25813449023861174,0.4064609450337512,0.1417004048582996,0.7123704913849185,0.2816977561503109,0.17391304347826086,0.2926829268292683,0.27807486631016043,0.22780539981428588,0.2601408136159009,2.2603036876355747,0.16021858276882286,Chris Olave,WR,196.20000000000002,229.3
00-0037239,2023,REG,0,0,0.0,0,0.0,0.0,0.0,0,0,0.0,0.0,0.0,0.0,0,0.0,0.0,0,0.0,0,0.0,0.0,0.0,0.0,0,87,138,1123.0,5,0.0,0.0,1834.0,347.0,57.0,42.34549279471939,1,10.31124450235205,3.961587490977163,6.376684593726837,10.40606045207453,0.0,144.3,16,0.2391681109185442,0.37971014492753624,0.20351906158357772,0.6625202823198453,0.280259545794859,0.2,0.30319148936170215,0.29107981220657275,0.2401297728974295,0.2642076366358872,1.9462738301559792,0.16248911119228931,Chris Olave,WR,229.3,76.7
00-0037240,2022,REG,0,0,0.0,0,0.0,0.0,0.0,0,0,0.0,0.0,0.0,0.0,0,0.0,0.0,1,40.0,0,0.0,0.0,1.0,2.3644334082491696,0,1,9,41.0,1,0.0,0.0,148.0,5.0,1.0,-1.3496521239867434,0,1.3666666666666667,0.26711590904189725,0.6861804724382395,0.8810001942696135,0.0,14.100000000000001,6,0.04035874439461883,0.10578984989278056,0.006024096385542169,0.1451699965061527,0.02334851936218679,0.08333333333333333,0.010638297872340425,0.018867924528301886,0.05334092634776006,0.0353454821564161,0.18385650224215247,0.023692220792669534,Jameson Williams,WR,15.100000000000001,110.4
00-0037240,2023,REG,0,0,0.0,0,0.0,0.0,0.0,0,0,0.0,0.0,0.0,0.0,0,0.0,0.0,3,29.0,1,0.0,0.0,1.0,2.504309055279009,0,24,42,354.0,2,1.0,0.0,665.0,105.0,14.0,13.631020210159477,0,8.851282070835788,1.187814371214402,2.6020165308554315,3.6031331284204047,0.0,56.300000000000004,12,0.09480812641083522,0.23325149070501577,0.06554307116104868,0.32881338218026546,0.10868897758673626,0.09090909090909091,0.08484848484848485,0.0855614973262032,0.09979903424791359,0.1051330002512072,0.7990970654627539,0.0652060934810147,Jameson Williams,WR,110.4,225.20000000000002
00-0037247,2022,REG,0,0,0.0,0,0.0,0.0,0.0,0,0,0.0,0.0,0.0,0.0,0,0.0,0.0,3,24.0,1,0.0,0.0,2.0,2.0836539629963227,0,52,84,801.0,4,0.0,0.0,1240.0,104.0,38.0,44.29610952230421,1,10.792464768819034,2.715566053272909,4.754702823559481,7.401641056401,0.0,114.5,17,0.14711033274956217,0.26338147833474934,0.07282913165266107,0.4313706817921427,0.21879267959573886,0.3333333333333333,0.20105820105820105,0.208955223880597,0.2760630064645361,0.24170081034325774,1.4028021015761822,0.13029800287985976,George Pickens,WR,164.5,218.3
00-0037247,2023,REG,0,0,0.0,0,0.0,0.0,0.0,0,0,0.0,0.0,0.0,0.0,0,0.0,0.0,3,18.0,0,0.0,0.0,2.0,0.7274276368552819,0,63,106,1140.0,5,3.0,0.0,1428.0,388.0,41.0,28.604735998749263,0,12.272927255793057,3.82216928469933,6.522204207333923,10.298796872182741,0.0,145.8,17,0.20948616600790515,0.37727873183619554,0.2222222222222222,0.6160522344808141,0.3332358959368606,0.38461538461538464,0.2679738562091503,0.27710843373493976,0.3589256402761226,0.3435117936725654,2.2529644268774702,0.17357474188238814,George Pickens,WR,218.3,184.1
00-0037248,2022,REG,0,0,0.0,0,0.0,0.0,0.0,0,0,0.0,0.0,0.0,0.0,0,0.0,0.0,89,507.0,2,1.0,1.0,24.0,6.5008755439776,0,21,32,180.0,1,0.0,0.0,82.0,132.0,5.0,3.8727364157707544,0,32.45462184873949,0.9161747209849677,0.23901346849877836,1.5415715094265963,0.0,84.7,16,0.05574912891986063,0.015512674990541053,0.08286252354048965,0.09603383337222379,0.04194826380797017,0.02857142857142857,0.02358490566037736,0.024291497975708502,0.03525984618969937,0.03927289676066185,0.313588850174216,0.06643870919079287,James Cook,RB,116.9,257.3
00-0037248,2023,REG,0,0,0.0,0,0.0,0.0,0.0,0,0,0.0,0.0,0.0,0.0,0,0.0,0.0,237,1122.0,2,3.0,1.0,53.0,-7.3022381060924015,0,44,54,445.0,4,1.0,1.0,137.0,398.0,16.0,16.36920554709684,0,45.431074851074854,1.683079740881465,0.5426330712965696,2.904462761229796,0.0,188.70000000000002,17,0.09326424870466321,0.027279968140183193,0.2017232640648758,0.1617203475691414,0.10334417092429168,0.13793103448275862,0.08040201005025126,0.08771929824561403,0.12063760270352515,0.11026154363598507,0.768566493955095,0.14570705805740622,James Cook,RB,257.3,324.3
00-0037252,2022,REG,0,0,0.0,0,0.0,0.0,0.0,0,0,0.0,0.0,0.0,0.0,0,0.0,0.0,0,0.0,0,0.0,0.0,0.0,0.0,0,33,55,411.0,2,0.0,0.0,624.0,155.0,18.0,0.46830821826852365,0,9.516945770286284,1.7664093105936471,2.2568375612642164,4.2294002587754225,0.0,53.1,10,0.16224188790560473,0.2050607952678278,0.13777777777777778,0.40741146807266937,0.18282918149466193,0.2,0.1875,0.18867924528301888,0.19141459074733097,0.18626334519572957,1.2123893805309736,0.11655295646523717,Greg Dulcich,TE,86.10000000000001,5.5
00-0037252,2023,REG,0,0,0.0,0,0.0,0.0,0.0,0,0,0.0,0.0,0.0,0.0,0,0.0,0.0,0,0.0,0,0.0,0.0,0.0,0.0,0,3,4,25.0,0,0.0,0.0,23.0,5.0,2.0,-4.157561154861469,0,1.9078947368421053,0.1534090909090909,0.17812742812742816,0.354802836052836,0.0,2.5,2,0.07142857142857142,0.09055118110236221,0.03676470588235294,0.1795838020247469,0.09191176470588236,0.0,0.13333333333333333,0.1111111111111111,0.04595588235294118,0.07352941176470588,0.44642857142857145,0.04400704112658026,Greg Dulcich,TE,5.5,7.8
00-0037256,2022,REG,0,0,0.0,0,0.0,0.0,0.0,0,0,0.0,0.0,0.0,0.0,0,0.0,0.0,129,481.0,1,1.0,1.0,27.0,-17.010170644760365,0,50,58,290.0,2,1.0,1.0,-18.0,319.0,14.0,6.972407211520476,0,-34.68888888888889,1.2998511077811854,-0.07195941503271999,1.8994050711488741,0.0,91.10000000000001,16,0.08180535966149506,-0.0036540803897685747,0.14337078651685392,0.11978477518042774,0.06480446927374302,0.08,0.06222222222222222,0.064,0.07240223463687151,0.06784357541899441,0.4090267983074753,0.09573241061130333,Rachaad White,RB,152.8,295.5
00-0037256,2023,REG,0,0,0.0,0,0.0,0.0,0.0,0,0,0.0,0.0,0.0,0.0,0,0.0,0.0,272,990.0,6,2.0,1.0,46.0,-44.98654554305422,0,64,70,549.0,3,1.0,1.0,-33.0,611.0,23.0,23.218096512634304,0,24.283294483294487,2.117394880323685,-0.14912295899467445,3.0717062491892557,0.0,203.9,17,0.12323943661971831,-0.0067831449126413155,0.3170731707317073,0.1794326389994644,0.1357566765578635,0.10714285714285714,0.12234042553191489,0.12037037037037036,0.12144976685036032,0.13003391267486222,0.9665492957746479,0.19393930619100014,Rachaad White,RB,295.5,203.1
00-0037257,2022,REG,0,0,0.0,0,0.0,0.0,0.0,0,0,0.0,0.0,0.0,0.0,0,0.0,0.0,0,0.0,0,0.0,0.0,0.0,0.0,0,24,35,214.0,0,0.0,0.0,256.0,69.0,7.0,-11.099134047195548,0,15.221333637123111,1.0884993259779787,0.9761011096493613,2.3160197657215207,0.0,21.400000000000002,14,0.07608695652173914,0.0646138313982837,0.05103550295857988,0.16582149990123565,0.06619239096814104,0.0,0.04430379746835443,0.040697674418604654,0.03309619548407052,0.052953912774512835,0.4652173913043478,0.03923873398904081,David Bell,WR,45.4,62.1
00-0037257,2023,REG,0,0,0.0,0,0.0,0.0,0.0,0,0,0.0,0.0,0.0,0.0,0,0.0,0.0,0,0.0,0,0.0,0.0,0.0,0.0,0,14,23,167.0,3,0.0,0.0,142.0,73.0,9.0,8.862044934998266,0,8.51029526029526,0.6801817342462207,0.5334068936100869,1.3936574268963917,0.0,34.7,9,0.06906906906906907,0.04697320542507443,0.077577045696068,0.14118216794366314,0.07643020594965676,0.1875,0.09574468085106383,0.10909090909090909,0.13196510297482839,0.09864416475972541,0.5015015015015015,0.06280629352592211,David Bell,WR,62.1,5.7
00-0037258,2022,REG,0,0,0.0,0,0.0,0.0,0.0,0,0,0.0,0.0,0.0,0.0,0,0.0,0.0,220,939.0,4,4.0,2.0,54.0,-27.940390278073693,0,30,39,165.0,1,0.0,0.0,-11.0,197.0,7.0,-8.824130490393145,0,37.71704374057315,1.1795564042699018,-0.02415442537609212,1.752426508641588,0.0,136.4,13,0.08986175115207373,-0.003527902501603592,0.13502398903358465,0.13197030472682772,0.059502344031734586,0.07142857142857142,0.058823529411764705,0.06015037593984962,0.065465457730153,0.06188758951110195,0.38018433179723504,0.1832356957230322,Dameon Pierce,RB,166.4,76.7
00-0037258,2023,REG,0,0,0.0,0,0.0,0.0,0.0,0,0,0.0,0.0,0.0,0.0,0,0.0,0.0,145,416.0,2,0.0,0.0,14.0,-40.757559880495464,0,13,17,101.0,0,0.0,0.0,14.0,95.0,3.0,0.5504580808919854,0,19.635714285714286,0.4870467796546838,0.05064686935706664,0.7660229780319723,1.0,69.7,13,0.03803131991051454,0.003870611003594139,0.06371562709590879,0.06014346866864712,0.032063492063492065,0.0,0.020134228187919462,0.018072289156626505,0.016031746031746032,0.025650793650793653,0.22595078299776286,0.07925251557259225,Dameon Pierce,RB,76.7,46.0
00-0037261,2022,REG,0,0,0.0,0,0.0,0.0,0.0,0,0,0.0,0.0,0.0,0.0,0,0.0,0.0,0,0.0,0,0.0,0.0,0.0,0.0,0,10,20,161.0,1,0.0,0.0,204.0,74.0,7.0,6.693274182645771,1,16.370001012453173,0.6022627327072767,0.564979892869403,1.2988800240694973,0.0,24.1,10,0.05934718100890208,0.0637101811367895,0.0752797558494405,0.13998891642278471,0.06110056925996205,0.043478260869565216,0.056,0.05405405405405406,0.05228941506476363,0.05757610758188269,0.47774480712166173,0.034563146158524224,Khalil Shakir,WR,46.2,142.6
00-0037261,2023,REG,0,0,0.0,0,0.0,0.0,0.0,0,0,0.0,0.0,0.0,0.0,0,0.0,0.0,1,10.0,0,0.0,0.0,1.0,0.5383229217259213,0,39,45,611.0,2,0.0,0.0,402.0,282.0,26.0,44.15098259095672,0,33.265663661849416,1.4152477239730934,1.650930711113599,3.2785230837391595,0.0,74.1,16,0.08364312267657993,0.08582408198121264,0.15317762085822922,0.19412394959984003,0.15012285012285012,0.07142857142857142,0.13829787234042554,0.12962962962962962,0.11077571077571077,0.1343839943839944,1.1356877323420074,0.07434431078682706,Khalil Shakir,WR,142.6,217.9
00-0037263,2022,REG,0,0,0.0,0,0.0,0.0,0.0,0,0,0.0,0.0,0.0,0.0,0,0.0,0.0,210,1035.0,3,0.0,0.0,53.0,10.289579630698205,1,16,17,139.0,1,0.0,0.0,-32.0,168.0,8.0,7.1253192272852175,0,-25.298412698412697,0.6575639449751545,-0.07863923852494815,0.9312984504952679,0.0,143.4,16,0.04450261780104712,-0.008531058384430818,0.14457831325301204,0.059929079994026024,0.05125368731563422,0.058823529411764705,0.05714285714285714,0.05732484076433121,0.05503860836369946,0.05276765573486032,0.36387434554973824,0.14278292337734463,Tyler Allgeier,RB,157.4,135.6
00-0037263,2023,REG,0,0,0.0,0,0.0,0.0,0.0,0,0,0.0,0.0,0.0,0.0,0,0.0,0.0,186,683.0,4,0.0,0.0,39.0,-21.90430986501589,0,18,23,193.0,1,0.0,0.0,-23.0,217.0,6.0,3.220435934723355,1,-13.664285714285716,0.8359922926940695,-0.04445114666563023,1.2228726363751632,0.0,119.60000000000001,17,0.04339622641509434,-0.005293440736478711,0.12266817410966648,0.06085958703345854,0.051125827814569536,0.058823529411764705,0.03314917127071823,0.03535353535353535,0.05497467861316712,0.05266536813400857,0.3641509433962264,0.10738255033557045,Tyler Allgeier,RB,135.6,104.2
00-0037267,2022,REG,0,0,0.0,0,0.0,0.0,0.0,0,0,0.0,0.0,0.0,0.0,0,0.0,0.0,8,12.0,0,0.0,0.0,1.0,-3.429098109911287,0,0,0,0.0,0,0.0,0.0,0.0,0.0,0.0,0.0,0,0.0,0.0,0.0,0.0,0.0,1.2000000000000002,2,0.0,0.0,0.0,0.0,0.0,0.0,0.0,0.0,0.0,0.0,0.0,0.009448818897637797,Jerome Ford,RB,1.2000000000000002,218.4
00-0037267,2023,REG,0,0,0.0,0,0.0,0.0,0.0,0,0,0.0,0.0,0.0,0.0,0,0.0,0.0,204,813.0,4,0.0,0.0,33.0,-36.39553655072814,1,44,63,319.0,5,0.0,0.0,30.0,304.0,16.0,-6.178224922747871,0,62.61198165869219,1.7937935051751541,0.1149929731803312,2.7711853389889627,0.0,169.20000000000002,17,0.10096153846153846,0.005661445555765239,0.1640582838640043,0.1559714641369199,0.07953128895537273,0.20833333333333334,0.09248554913294797,0.1065989847715736,0.14393231114435304,0.10529169783096486,0.5112179487179487,0.15313451703729244,Jerome Ford,RB,218.4,134.0
00-0037273,2022,REG,0,0,0.0,0,0.0,0.0,0.0,0,0,0.0,0.0,0.0,0.0,0,0.0,0.0,0,0.0,0,0.0,0.0,0.0,0.0,0,8,13,78.0,0,0.0,0.0,100.0,21.0,3.0,-1.9355736239813268,0,1.38,0.4683764108729046,0.4689478188147889,1.030828089479709,0.0,7.800000000000001,4,0.1262135922330097,0.12239902080783353,0.06752411575562701,0.2872396049957814,0.11032531824611033,0.0,0.08823529411764706,0.07692307692307693,0.055162659123055166,0.08826025459688827,0.7572815533980582,0.058199499042286724,Kyle Philips,WR,15.8,33.1
00-0037276,2022,REG,0,0,0.0,0,0.0,0.0,0.0,0,0,0.0,0.0,0.0,0.0,0,0.0,0.0,6,20.0,0,0.0,0.0,1.0,-1.2740839016623795,0,0,0,0.0,0,0.0,0.0,0.0,0.0,0.0,0.0,0,0.0,0.0,0.0,0.0,0.0,2.0,1,0.0,0.0,0.0,0.0,0.0,0.0,0.0,0.0,0.0,0.0,0.0,0.018545994065281898,Ty Chandler,RB,2.0,101.0
00-0037276,2023,REG,0,0,0.0,0,0.0,0.0,0.0,0,0,0.0,0.0,0.0,0.0,0,0.0,0.0,102,461.0,3,0.0,0.0,20.0,0.6934660814883671,0,21,25,159.0,0,0.0,0.0,-47.0,206.0,7.0,3.944338552537374,0,-7.981349206349207,0.7212098087217729,-0.1709485881105473,0.9621507014052763,0.0,80.0,13,0.049019607843137254,-0.011366384522370012,0.13205128205128205,0.06443630414680987,0.041330907200415906,0.0,0.03977272727272727,0.035175879396984924,0.020665453600207953,0.033064725760332724,0.31176470588235294,0.08395817054315118,Ty Chandler,RB,101.0,28.400000000000002
00-0037277,2022,REG,0,0,0.0,0,0.0,0.0,0.0,0,0,0.0,0.0,0.0,0.0,0,0.0,0.0,0,0.0,0,0.0,0.0,0.0,0.0,0,7,14,113.0,2,0.0,0.0,175.0,53.0,5.0,2.1962939216173254,0,6.005952380952381,0.4264016982369977,0.6175342016399312,1.0718764885034484,0.0,23.3,7,0.05982905982905983,0.09313464608834486,0.0748587570621469,0.16425130661426562,0.08088761632068718,0.2,0.078125,0.0945945945945946,0.1404438081603436,0.10471009305654976,0.4829059829059829,0.06357799320156113,Teagan Quitoriano,TE,30.3,5.300000000000001
00-0037282,2022,REG,0,0,0.0,0,0.0,0.0,0.0,0,0,0.0,0.0,0.0,0.0,0,0.0,0.0,0,0.0,0,0.0,0.0,0.0,0.0,0,11,11,113.0,1,0.0,0.0,51.0,62.0,7.0,10.009731887665112,0,16.363636363636363,0.3480536212159425,0.2681403583452756,0.7097786826656066,0.0,17.3,8,0.040892193308550186,0.030141843971631204,0.05600722673893405,0.08545176514013025,0.05594059405940594,0.07692307692307693,0.06796116504854369,0.06896551724137931,0.06643183549124143,0.06013709063214014,0.4200743494423792,0.03840412539014791,James Mitchell,TE,28.3,4.800000000000001
00-0037286,2022,REG,0,0,0.0,0,0.0,0.0,0.0,0,0,0.0,0.0,0.0,0.0,0,0.0,0.0,18,52.0,1,0.0,0.0,3.0,-1.9409460977767594,0,0,0,0.0,0,0.0,0.0,0.0,0.0,0.0,0.0,0,0.0,0.0,0.0,0.0,0.0,11.2,5,0.0,0.0,0.0,0.0,0.0,0.0,0.0,0.0,0.0,0.0,0.0,0.02831572028113465,Kevin Harris,RB,11.2,21.3
00-0037291,2022,REG,0,0,0.0,0,0.0,0.0,0.0,0,0,0.0,0.0,0.0,0.0,0,0.0,0.0,0,0.0,0,0.0,0.0,0.0,0.0,0,9,13,179.0,1,0.0,0.0,151.0,67.0,7.0,7.696757680212613,0,4.493767763585933,0.3961970899470899,0.5553321182623989,0.9830281177043141,0.0,23.900000000000002,5,0.06770833333333333,0.09869281045751634,0.0937062937062937,0.18051674836601306,0.11870026525198939,0.125,0.09333333333333334,0.0963855421686747,0.1218501326259947,0.1199602122015915,0.9322916666666666,0.06955308443617605,Jalen Nailor,WR,32.9,5.9
00-0037291,2023,REG,0,0,0.0,0,0.0,0.0,0.0,0,0,0.0,0.0,0.0,0.0,0,0.0,0.0,0,0.0,0,0.0,0.0,0.0,0.0,0,3,6,29.0,0,0.0,0.0,54.0,21.0,1.0,-2.0255367812351324,0,5.588235294117647,0.18276515151515152,0.21518725099601596,0.4247788029699385,0.0,2.9000000000000004,2,0.08571428571428572,0.10266159695817491,0.13291139240506328,0.21070070613796849,0.07004830917874397,0.0,0.047619047619047616,0.045454545454545456,0.035024154589371984,0.05603864734299518,0.4142857142857143,0.03995665718542598,Jalen Nailor,WR,5.9,111.30000000000001
00-0037292,2023,REG,0,0,0.0,0,0.0,0.0,0.0,0,0,0.0,0.0,0.0,0.0,0,0.0,0.0,0,0.0,0,0.0,0.0,0.0,0.0,0,9,21,147.0,2,0.0,0.0,209.0,30.0,8.0,9.111151941033313,0,6.0884283884283885,0.6861380964397652,0.8474810853496113,1.6224439044043757,0.0,26.7,10,0.057534246575342465,0.07880844645550528,0.02710027100271003,0.14934812702741793,0.06284737067122702,0.14285714285714285,0.07547169811320754,0.08333333333333333,0.10285225676418494,0.07884932510841018,0.40273972602739727,0.04284891257381535,Andrew Ogletree,TE,35.7,25.9
00-0037299,2022,REG,0,0,0.0,0,0.0,0.0,0.0,0,0,0.0,0.0,0.0,0.0,0,0.0,0.0,27,60.0,1,0.0,0.0,4.0,-9.23134566671797,0,4,5,21.0,0,0.0,0.0,-11.0,32.0,1.0,-3.2195507013238966,0,-5.464285714285714,0.18007662835249041,-0.05740740740740741,0.22992975734355042,0.0,14.099999999999998,10,0.013850415512465374,-0.004232397075798384,0.028495102404274265,0.01738970560805935,0.009699769053117783,0.0,0.010752688172043012,0.01,0.004849884526558892,0.007759815242494227,0.05817174515235457,0.02426924108340037,Keaontay Ingram,RB,18.1,14.0
00-0037304,2022,REG,0,0,0.0,0,0.0,0.0,0.0,0,0,0.0,0.0,0.0,0.0,0,0.0,0.0,2,27.0,0,0.0,0.0,2.0,0.7536367559223436,0,12,17,151.0,1,0.0,0.0,92.0,62.0,6.0,4.051125594036421,0,11.571155160628845,0.5465449758618639,0.35185427202055825,1.0661154542071865,0.0,23.8,8,0.06007067137809187,0.042105263157894736,0.08031088082901554,0.1237902175934536,0.07922350472193075,0.14285714285714285,0.058823529411764705,0.06422018348623854,0.1110403237895368,0.09195023234897318,0.5335689045936396,0.057276334314603876,Connor Heyward,TE,35.8,41.2
00-0037304,2023,REG,0,1,0.0,0,0.0,0.0,0.0,0,0,-4.0,0.0,0.0,-0.25261004906496964,0,0.0,0.0,1,0.0,0,0.0,0.0,0.0,-1.8671140377409756,0,23,34,167.0,0,0.0,0.0,175.0,94.0,8.0,-4.1593338871937515,0,14.086666666666666,1.1514133925333567,0.681092664847582,2.2038849541933425,0.0,16.700000000000003,11,0.09912536443148688,0.06788207913110939,0.08576642335766424,0.20299370995211782,0.0750561797752809,0.0,0.07142857142857142,0.06611570247933884,0.03752808988764045,0.06004494382022472,0.4868804664723032,0.05015792798483892,Connor Heyward,TE,41.2,16.0
00-0037306,2023,REG,0,0,0.0,0,0.0,0.0,0.0,0,0,0.0,0.0,0.0,0.0,0,0.0,0.0,0,0.0,0,0.0,0.0,0.0,0.0,0,1,1,12.0,0,0.0,0.0,2.0,10.0,1.0,0.7121124425902963,0,6.0,0.029411764705882353,0.00975609756097561,0.05094691535150645,0.0,1.2000000000000002,1,0.029411764705882353,0.00975609756097561,0.04291845493562232,0.05192252510760401,0.03773584905660377,0.0,0.09090909090909091,0.07692307692307693,0.018867924528301886,0.03018867924528302,0.35294117647058826,0.024091108190976786,John FitzPatrick,TE,2.2,1.2
00-0037311,2022,REG,0,0,0.0,0,0.0,0.0,0.0,0,0,0.0,0.0,0.0,0.0,0,0.0,0.0,0,0.0,0,0.0,0.0,0.0,0.0,0,7,10,80.0,1,0.0,0.0,57.0,31.0,5.0,4.617778497631662,0,11.3875,0.20520000255016901,0.17728651448469285,0.4319005639645385,0.0,14.0,8,0.025,0.021517553793884484,0.025060630557801132,0.054714043035107594,0.03210272873194221,0.07692307692307693,0.04032258064516129,0.043795620437956206,0.05451290282750957,0.04106679837016916,0.2,0.026313151563753006,Ko Kieft,TE,21.0,7.2
00-0037382,2022,REG,0,0,0.0,0,0.0,0.0,0.0,0,0,0.0,0.0,0.0,0.0,0,0.0,0.0,0,0.0,0,0.0,0.0,0.0,0.0,0,6,14,42.0,1,0.0,0.0,180.0,13.0,2.0,-12.879826729331398,0,0.8481805138907004,0.4432979810886788,1.0180625071489406,1.3775907266372767,0.0,10.2,4,0.10294117647058823,0.19501625135427952,0.02490421455938697,0.310424765789306,0.04946996466431095,0.16666666666666666,0.05128205128205128,0.06666666666666667,0.1080683156654888,0.0729093050647821,0.3088235294117647,0.04957767168564084,Brandon Johnson,WR,16.2,71.4
00-0037382,2023,REG,0,0,0.0,0,0.0,0.0,0.0,0,0,0.0,0.0,0.0,0.0,0,0.0,0.0,0,0.0,0,0.0,0.0,0.0,0.0,0,19,30,284.0,4,0.0,0.0,328.0,89.0,12.0,20.30865455165671,1,6.188984817998902,0.9849592537092537,1.4564378278520596,2.496945360060322,0.0,54.400000000000006,10,0.09375,0.13426115431846092,0.0696945967110415,0.24803392345476874,0.125552608311229,0.23529411764705882,0.125,0.1415929203539823,0.1804233629791439,0.14750091017839495,0.8875,0.09143227285183987,Brandon Johnson,WR,71.4,1.9
00-0037429,2022,REG,0,0,0.0,0,0.0,0.0,0.0,0,0,0.0,0.0,0.0,0.0,0,0.0,0.0,23,77.0,3,0.0,0.0,7.0,1.269818546163151,0,10,12,93.0,0,0.0,0.0,-22.0,105.0,3.0,0.9206660046766046,0,-50.51190476190476,0.4776316978404265,-0.17065418210726724,0.5969896192855527,0.0,35.0,10,0.047244094488188976,-0.011150532184490624,0.11326860841423948,0.061945715984690966,0.04946808510638298,0.0,0.03488372093023256,0.030927835051546393,0.02473404255319149,0.03957446808510639,0.3661417322834646,0.06024902932119427,Raheem Blackshear,RB,45.0,15.1
00-0037429,2023,REG,0,0,0.0,0,0.0,0.0,0.0,0,0,0.0,0.0,0.0,0.0,0,0.0,0.0,14,46.0,0,0.0,0.0,1.0,-4.492898128384578,1,6,7,45.0,0,0.0,0.0,13.0,38.0,1.0,-2.0544214530382305,0,1.5714285714285714,0.212026349336596,0.042444821731748725,0.3477508992171181,0.0,11.100000000000001,8,0.026119402985074626,0.0058348294434470375,0.059006211180124224,0.04384696803236957,0.029258777633289986,0.0,0.015625,0.014492753623188406,0.014629388816644993,0.02340702210663199,0.16791044776119404,0.03214164881019511,Raheem Blackshear,RB,15.1,8.0
00-0037475,2022,REG,0,0,0.0,0,0.0,0.0,0.0,0,0,0.0,0.0,0.0,0.0,0,0.0,0.0,0,0.0,0,0.0,0.0,0.0,0.0,0,4,5,17.0,0,0.0,0.0,23.0,7.0,1.0,-0.40083158342167735,0,3.7,0.12198275862068965,0.07456313931925584,0.2351683354545136,0.0,1.7000000000000002,3,0.0390625,0.025727069351230425,0.01383399209486166,0.07917540548098434,0.017311608961303463,0.0,0.022727272727272728,0.020833333333333332,0.008655804480651732,0.013849287169042771,0.1328125,0.018975963779212998,Stone Smartt,TE,5.7,32.5
00-0037475,2023,REG,0,0,0.0,0,0.0,0.0,0.0,0,0,0.0,0.0,0.0,0.0,0,0.0,0.0,0,0.0,0,0.0,0.0,0.0,0.0,0,11,21,155.0,1,0.0,0.0,180.0,56.0,6.0,3.3231554576306586,0,9.630996020108922,0.5956015806379693,0.6393151684391398,1.3409229888643517,0.0,21.500000000000004,12,0.04861111111111111,0.05309734513274336,0.04057971014492753,0.11539454277286136,0.05478967833156592,0.07142857142857142,0.046511627906976744,0.04895104895104895,0.06310912488006867,0.058117456950967025,0.3587962962962963,0.03429500031656923,Stone Smartt,TE,32.5,34.8
00-0037487,2022,REG,0,0,0.0,0,0.0,0.0,0.0,0,0,0.0,0.0,0.0,0.0,0,0.0,0.0,2,26.0,0,0.0,0.0,1.0,1.9975950008956715,0,5,10,32.0,0,0.0,0.0,79.0,32.0,1.0,-5.980001142423134,0,2.0833333333333335,0.29653679653679654,0.4139727445230291,0.7345861159713151,0.0,5.800000000000001,2,0.1282051282051282,0.15705765407554673,0.1350210970464135,0.3179538155681297,0.07142857142857142,0.0,0.038461538461538464,0.03225806451612903,0.03571428571428571,0.05714285714285714,0.41025641025641024,0.06260143751449106,Deven Thompkins,WR,10.799999999999999,37.3
00-0037487,2023,REG,0,0,0.0,0,0.0,0.0,0.0,0,0,0.0,0.0,0.0,0.0,0,0.0,0.0,8,56.0,0,0.0,0.0,4.0,3.925564410194056,0,17,25,83.0,1,1.0,1.0,163.0,74.0,5.0,-8.702345053430081,0,3.7579258782266303,0.7904846665028529,0.5687774825363905,1.5838712375297526,0.0,17.900000000000002,12,0.06234413965087282,0.04556891249650545,0.05304659498207885,0.12997133947351358,0.028463648834019206,0.05555555555555555,0.03731343283582089,0.039473684210526314,0.04200960219478738,0.03388203017832648,0.20698254364089774,0.03693356191927529,Deven Thompkins,WR,37.3,6.7
00-0037525,2022,REG,0,0,0.0,0,0.0,0.0,0.0,0,0,0.0,0.0,0.0,0.0,0,0.0,0.0,43,258.0,1,0.0,0.0,10.0,2.957644493551925,0,0,0,0.0,0,0.0,0.0,0.0,0.0,0.0,0.0,0,0.0,0.0,0.0,0.0,0.0,31.8,8,0.0,0.0,0.0,0.0,0.0,0.0,0.0,0.0,0.0,0.0,0.0,0.04272241180105865,Jordan Mason,RB,33.0,44.7
00-0037525,2023,REG,0,0,0.0,0,0.0,0.0,0.0,0,0,0.0,0.0,0.0,0.0,0,0.0,0.0,40,206.0,3,0.0,0.0,13.0,5.648756881215377,0,3,4,31.0,0,0.0,0.0,12.0,23.0,1.0,0.7659366576117463,0,2.1666666666666665,0.16465608465608467,0.060626591938827495,0.2894227413413062,0.0,41.7,9,0.016260162601626018,0.005791505791505791,0.019776440240756664,0.029023448535643658,0.013281919451585262,0.0,0.009345794392523364,0.0078125,0.006640959725792631,0.010625535561268211,0.12601626016260162,0.0484153976128068,Jordan Mason,RB,44.7,115.0
00-0037539,2023,REG,0,0,0.0,0,0.0,0.0,0.0,0,0,0.0,0.0,0.0,0.0,0,0.0,0.0,0,0.0,0,0.0,0.0,0.0,0.0,0,8,14,95.0,1,0.0,0.0,133.0,50.0,5.0,1.9564658849324568,0,3.1246376811594203,0.4440065681444992,0.5584647460020613,1.0569351744181916,0.0,15.500000000000002,7,0.06278026905829596,0.0771909460243761,0.04945598417408507,0.15592316040694482,0.060897435897435896,0.1,0.07462686567164178,0.07792207792207792,0.08044871794871795,0.06871794871794873,0.4260089686098655,0.042766151046405826,Lucas Krull,TE,23.5,35.4
00-0037545,2022,REG,0,0,0.0,0,0.0,0.0,0.0,0,0,0.0,0.0,0.0,0.0,0,0.0,0.0,4,57.0,1,0.0,0.0,2.0,4.583332723355852,0,28,34,488.0,2,1.0,0.0,397.0,175.0,18.0,31.05510401758989,0,13.838033420264658,1.4951814357461364,1.963400316071863,3.6171523748695087,0.0,72.5,11,0.10828025477707007,0.1579785117389574,0.1512532411408816,0.28880319155677103,0.19975440032746622,0.125,0.15517241379310345,0.15151515151515152,0.1623772001637331,0.18480352026197297,1.5541401273885351,0.11917184461414411,Rashid Shaheed,WR,100.5,151.6
00-0037545,2023,REG,0,0,0.0,0,0.0,0.0,0.0,0,0,0.0,0.0,0.0,0.0,0,0.0,0.0,7,37.0,0,0.0,0.0,1.0,-1.1300117239588872,0,46,75,719.0,5,0.0,0.0,1094.0,151.0,27.0,12.090541416417992,0,13.278278249325135,2.0773033231763702,3.466311472055989,5.542373015203748,1.0,111.60000000000001,15,0.13611615245009073,0.23511712873415,0.0928659286592866,0.3922679316624561,0.1872883563427976,0.2,0.15083798882681565,0.1568627450980392,0.1936441781713988,0.18983068507423811,1.3049001814882033,0.1162533378575749,Rashid Shaheed,WR,151.6,75.80000000000001
00-0037557,2022,REG,0,0,0.0,0,0.0,0.0,0.0,0,0,0.0,0.0,0.0,0.0,0,0.0,0.0,9,21.0,0,0.0,0.0,1.0,-3.6930807810276747,0,5,5,29.0,0,0.0,0.0,-26.0,55.0,1.0,-0.3186214500456117,0,-4.181818181818182,0.15725806451612903,-0.18681755012904505,0.10511481168386203,0.0,5.0,2,0.07575757575757576,-0.09154929577464789,0.21825396825396826,0.04039692701664534,0.0659090909090909,0.0,0.037037037037037035,0.034482758620689655,0.03295454545454545,0.05272727272727273,0.4393939393939394,0.061614294516327786,Ronnie Rivers,RB,10.0,27.5
00-0037557,2023,REG,0,0,0.0,0,0.0,0.0,0.0,0,0,0.0,0.0,0.0,0.0,0,0.0,0.0,32,129.0,0,0.0,0.0,4.0,-4.549811472872729,0,5,5,22.0,0,0.0,0.0,-19.0,41.0,0.0,-0.6381978864083067,0,-7.3,0.1475436328377505,-0.08731799775044867,0.16019285083131166,0.0,15.100000000000001,7,0.020161290322580645,-0.010259179265658747,0.047674418604651166,0.02203459207134397,0.011689691817215728,0.0,0.0,0.0,0.005844845908607864,0.009351753453772583,0.08870967741935484,0.030791384539967527,Ronnie Rivers,RB,27.5,19.1
00-0037569,2022,REG,0,0,0.0,0,0.0,0.0,0.0,0,0,0.0,0.0,0.0,0.0,0,0.0,0.0,1,2.0,1,0.0,0.0,1.0,1.1325951688922942,0,11,16,103.0,2,0.0,0.0,109.0,47.0,8.0,-3.1800049560843036,0,3.9607843137254903,0.5058423953545905,0.37293400768915685,1.0198173984142955,0.0,28.5,9,0.053691275167785234,0.045134575569358175,0.04855371900826446,0.1166445732071644,0.046312949640287766,0.11764705882352941,0.06896551724137931,0.07518796992481203,0.08198000423190858,0.0605797714769361,0.34563758389261745,0.04461965976097418,Peyton Hendershot,TE,39.5,7.800000000000001
00-0037569,2023,REG,0,0,0.0,0,0.0,0.0,0.0,0,0,0.0,0.0,0.0,0.0,0,0.0,0.0,1,0.0,0,0.0,0.0,0.0,-0.20438591268612072,0,4,7,38.0,0,0.0,0.0,27.0,28.0,1.0,-1.4083490907796659,0,5.25,0.21280405405405406,0.12788020579931908,0.4087222251406044,0.0,3.8000000000000007,7,0.02834008097165992,0.01694915254237288,0.0319634703196347,0.056069443491388184,0.022511848341232227,0.0,0.011764705882352941,0.010416666666666666,0.011255924170616114,0.018009478672985784,0.15384615384615385,0.012455686499952094,Peyton Hendershot,TE,7.800000000000001,10.1
00-0037614,2023,REG,0,0,0.0,0,0.0,0.0,0.0,0,0,0.0,0.0,0.0,0.0,0,0.0,0.0,1,4.0,0,0.0,0.0,0.0,-0.29380767786642537,0,16,30,158.0,0,0.0,0.0,266.0,84.0,7.0,-6.037336143665016,0,16.773115609880314,0.9501699225275597,0.9425382476976515,2.0850316571796954,0.0,16.200000000000003,14,0.060362173038229376,0.05907172995780591,0.0498220640569395,0.13780064352358878,0.03952964723542657,0.0,0.03825136612021858,0.03365384615384615,0.019764823617713284,0.031623717788341256,0.317907444668008,0.024729663307938073,John Metchie III,WR,40.5,65.7
00-0037654,2023,REG,0,0,0.0,0,0.0,0.0,0.0,0,0,0.0,0.0,0.0,0.0,0,0.0,0.0,0,0.0,0,0.0,0.0,0.0,0.0,0,1,1,9.0,0,0.0,0.0,3.0,6.0,1.0,1.1956264986656606,0,3.0,0.05263157894736842,0.020689655172413793,0.09343012704174228,0.0,0.9,1,0.05,0.02112676056338028,0.07894736842105263,0.09190140845070424,0.05921052631578947,0.0,0.125,0.1111111111111111,0.029605263157894735,0.04736842105263158,0.45,0.04271582733812949,Tucker Fisk,TE,1.9,13.4
00-0037664,2022,REG,0,0,0.0,0,0.0,0.0,0.0,0,0,0.0,0.0,0.0,0.0,0,0.0,0.0,0,0.0,0,0.0,0.0,0.0,0.0,0,41,78,593.0,2,1.0,0.0,914.0,113.0,28.0,19.428831803716413,0,12.268235395595815,2.337942461693359,4.336999856243769,6.542813591910677,0.0,71.3,16,0.13588850174216027,0.2552359676068137,0.06546929316338354,0.4080215266986914,0.16202185792349727,0.11764705882352941,0.1497326203208556,0.14705882352941177,0.13983445837351333,0.1531468981035037,1.0331010452961673,0.09045509464357633,Alec Pierce,WR,112.30000000000001,95.4
00-0037664,2023,REG,0,0,0.0,0,0.0,0.0,0.0,0,0,0.0,0.0,0.0,0.0,0,0.0,0.0,0,0.0,0,0.0,0.0,0.0,0.0,0,32,65,514.0,2,0.0,0.0,977.0,97.0,24.0,17.1916585591053,0,10.549142685404034,1.9642816706993456,3.85431688622454,5.644444326406196,0.0,63.400000000000006,17,0.1132404181184669,0.22961222091656874,0.05206655931293613,0.3535504039109554,0.13240597630087583,0.1111111111111111,0.1348314606741573,0.1326530612244898,0.12175854370599347,0.1281470032629229,0.8954703832752613,0.06891171499154856,Alec Pierce,WR,95.4,161.4
00-0037666,2022,REG,0,0,0.0,0,0.0,0.0,0.0,0,0,0.0,0.0,0.0,0.0,0,0.0,0.0,0,0.0,0,0.0,0.0,0.0,0.0,0,2,3,12.0,0,0.0,0.0,45.0,2.0,0.0,-0.6873334759147838,0,1.2481203007518795,0.1,0.20070118972354734,0.29049083280648313,0.0,1.2000000000000002,2,0.04918032786885246,0.11597938144329897,0.007168458781362007,0.16655399695791787,0.022988505747126436,0.0,0.0,0.0,0.011494252873563218,0.01839080459770115,0.19672131147540983,0.015937842414583125,Jalen Tolbert,WR,3.2,60.800000000000004
00-0037666,2023,REG,0,0,0.0,0,0.0,0.0,0.0,0,0,0.0,0.0,0.0,0.0,0,0.0,0.0,0,0.0,0,0.0,0.0,0.0,0.0,0,22,36,268.0,2,0.0,0.0,474.0,34.0,13.0,3.3950989600425427,0,6.514121673268015,0.9498217638658815,1.7599674512088135,2.6567098616449916,0.0,38.800000000000004,13,0.0743801652892562,0.12599681020733652,0.020731707317073172,0.21236769609975353,0.06971904266389178,0.06060606060606061,0.06666666666666667,0.06578947368421052,0.0651625516349762,0.06789644625232555,0.5537190082644629,0.042267424884946406,Jalen Tolbert,WR,60.800000000000004,152.0
00-0037740,2022,REG,0,1,0.0,0,0.0,0.0,0.0,0,0,9.0,0.0,0.0,-0.4925385075621307,0,0.0,0.0,4,4.0,0,1.0,0.0,0.0,-2.266002023476176,0,83,147,1103.0,4,1.0,1.0,1548.0,384.0,56.0,33.519246223764746,0,17.853459180979197,4.324239149310973,5.146253050455914,10.088735859285599,0.0,132.7,17,0.23444976076555024,0.2992460854436497,0.20915032679738563,0.5910715095032452,0.27301980198019804,0.26666666666666666,0.2931937172774869,0.2912621359223301,0.2698432343234324,0.2717491749174918,1.759170653907496,0.1685814771395076,Garrett Wilson,WR,215.7,213.2
00-0037740,2023,REG,0,1,0.0,0,0.0,0.0,0.0,0,0,10.0,0.0,0.0,-0.43348260154016316,0,0.0,0.0,4,0.0,0,0.0,0.0,1.0,0.35526680084876716,0,95,168,1042.0,3,2.0,2.0,1707.0,327.0,47.0,-10.460633023866336,0,11.381944899166177,5.060144961468491,7.858237320953302,13.090983566870047,0.0,118.2,17,0.2795341098169717,0.42675,0.1835016835016835,0.7607011647254576,0.3089238067002668,0.2727272727272727,0.30128205128205127,0.2994011976047904,0.2908255397137698,0.30168449990566804,1.7337770382695508,0.19365621480216544,Garrett Wilson,WR,213.2,249.9
00-0037741,2022,REG,0,0,0.0,0,0.0,0.0,0.0,0,0,0.0,0.0,0.0,0.0,0,0.0,0.0,2,-7.0,0,0.0,0.0,0.0,-1.7796098727267236,0,35,61,523.0,7,0.0,0.0,853.0,137.0,26.0,21.766810560561254,1,7.886799989921394,1.8826251676158108,3.06999314113291,4.972932950216753,0.0,95.60000000000001,12,0.1517412935323383,0.2537935138351681,0.11986001749781278,0.430646751366642,0.19399109792284866,0.4117647058823529,0.1925925925925926,0.21710526315789475,0.3028779019026008,0.2375458195147495,1.300995024875622,0.13523308550955743,Jahan Dotson,WR,128.6,124.8
00-0037741,2023,REG,0,0,0.0,0,0.0,0.0,0.0,0,0,0.0,0.0,0.0,0.0,0,0.0,0.0,0,0.0,0,0.0,0.0,0.0,0.0,0,49,83,518.0,4,0.0,0.0,768.0,115.0,27.0,-15.9861186813161,0,10.394526918260846,2.3155526156286808,2.9512169485625335,5.539180787436794,0.0,75.8,17,0.13050314465408805,0.16110761485210826,0.05497131931166348,0.32464080886281865,0.12410158121705797,0.16666666666666666,0.14210526315789473,0.14485981308411214,0.14538412394186231,0.13261459830697972,0.8144654088050315,0.08772916432347318,Jahan Dotson,WR,124.8,56.199999999999996
00-0037742,2022,REG,0,0,0.0,0,0.0,0.0,0.0,0,0,0.0,0.0,0.0,0.0,0,0.0,0.0,4,47.0,0,0.0,0.0,3.0,3.639719455037266,0,33,54,444.0,1,0.0,0.0,624.0,165.0,19.0,3.9022393491599323,0,7.576228558560025,1.8911592338252463,2.7598221088941495,4.768614326963774,0.0,55.1,11,0.16822429906542055,0.2588137702198258,0.14986376021798364,0.4593874647739915,0.18974358974358974,0.07142857142857142,0.168141592920354,0.15748031496062992,0.13058608058608057,0.1660805860805861,1.3831775700934579,0.11090130916414902,Treylon Burks,WR,88.10000000000001,39.9
00-0037742,2023,REG,0,0,0.0,0,0.0,0.0,0.0,0,0,0.0,0.0,0.0,0.0,0,0.0,0.0,5,18.0,0,0.0,0.0,0.0,-0.527836185938213,0,16,30,221.0,0,0.0,0.0,547.0,71.0,8.0,-0.7511070060006748,0,5.010213719980496,1.1042978642978643,2.0958953093876183,3.1235735130181292,0.0,23.900000000000002,9,0.11194029850746269,0.21284046692607003,0.08647990255785627,0.3381828213020501,0.1149843912591051,0.0,0.0975609756097561,0.0898876404494382,0.05749219562955255,0.09198751300728408,0.8246268656716418,0.06404699990368871,Treylon Burks,WR,39.9,7.5
00-0037744,2022,REG,0,0,0.0,0,0.0,0.0,0.0,0,0,0.0,0.0,0.0,0.0,0,0.0,0.0,0,0.0,0,0.0,0.0,0.0,0.0,0,29,39,265.0,1,1.0,0.0,241.0,117.0,12.0,7.696608347086626,0,14.643290378006872,1.0904005358268474,0.8288641074771398,2.215805678974269,0.0,32.5,9,0.11746987951807229,0.10062630480167015,0.11866125760649088,0.25670586311844457,0.13296537882589063,0.14285714285714285,0.1348314606741573,0.13541666666666666,0.13791126084151673,0.13494373163214107,0.7981927710843374,0.09067854088643802,Trey McBride,TE,61.5,181.5
00-0037744,2023,REG,0,0,0.0,0,0.0,0.0,0.0,0,0,0.0,0.0,0.0,0.0,0,0.0,0.0,0,0.0,0,0.0,0.0,0.0,0.0,0,81,106,825.0,3,1.0,0.0,652.0,420.0,42.0,9.8028204253265,0,26.922918003370473,3.3603548492510282,3.1672631800688893,7.257616499924764,0.0,100.5,17,0.19099099099099098,0.1557572861920688,0.2516476932294787,0.41109231544014146,0.24052478134110788,0.16666666666666666,0.24277456647398843,0.2356020942408377,0.20359572400388726,0.22575315840621965,1.4864864864864864,0.13629195764811894,Trey McBride,TE,181.5,243.8
00-0037745,2022,REG,0,0,0.0,0,0.0,0.0,0.0,0,0,0.0,0.0,0.0,0.0,0,0.0,0.0,9,103.0,1,1.0,1.0,5.0,2.1287656667409465,0,7,14,107.0,1,0.0,0.0,234.0,37.0,4.0,-1.5038205300224945,0,1.5466672671290755,0.6013830935570066,1.3310521738312802,1.833811162017406,0.0,31.0,9,0.06363636363636363,0.1195707715891671,0.05505952380952381,0.19111116272587914,0.07109634551495017,0.1,0.06451612903225806,0.06944444444444445,0.08554817275747509,0.07687707641196015,0.4863636363636364,0.06366225498408444,Velus Jones,WR,38.0,11.1
00-0037745,2023,REG,0,0,0.0,0,0.0,0.0,0.0,0,0,0.0,0.0,0.0,0.0,0,0.0,0.0,8,51.0,0,0.0,0.0,4.0,0.22051762137562037,0,4,7,20.0,0,0.0,0.0,87.0,15.0,1.0,-1.528325080522336,0,4.757575757575758,0.2454766120058474,0.24488421877902677,0.5396338711540898,0.0,7.1000000000000005,10,0.022151898734177215,0.036739864864864864,0.014591439688715954,0.06261973999315772,0.009398496240601503,0.0,0.009708737864077669,0.008695652173913044,0.004699248120300752,0.007518796992481203,0.06329113924050633,0.013766246651453515,Velus Jones,WR,11.1,2.9000000000000004
00-0037746,2022,REG,0,0,0.0,0,0.0,0.0,0.0,0,0,0.0,0.0,0.0,0.0,0,0.0,0.0,205,797.0,2,2.0,0.0,49.0,-6.235397119598929,0,9,12,60.0,1,0.0,0.0,-11.0,72.0,3.0,-2.0604672269546427,0,-1.7678571428571423,0.42794980074391836,-0.053239714431297394,0.6046569010139694,0.0,103.7,12,0.03305785123966942,-0.0037262872628726286,0.06498194945848375,0.04660574704920603,0.023228803716608595,0.06666666666666667,0.023809523809523808,0.028368794326241134,0.04494773519163763,0.03191637630662021,0.1652892561983471,0.12485874454366179,Brian Robinson,RB,112.7,196.10000000000002
00-0037746,2023,REG,0,0,0.0,0,0.0,0.0,0.0,0,0,0.0,0.0,0.0,0.0,0,0.0,0.0,178,733.0,5,3.0,2.0,47.0,-22.189546599983622,1,36,43,368.0,4,1.0,0.0,-55.0,410.0,15.0,20.42483016240294,0,-40.79915966386555,1.1858159870330256,-0.2323036305053546,1.61611143919579,0.0,162.10000000000002,15,0.07610619469026549,-0.01307655729909653,0.2116675271037687,0.10369804619612101,0.0970464135021097,0.2,0.08620689655172414,0.0979381443298969,0.14852320675105485,0.11763713080168778,0.6513274336283186,0.15672716340448425,Brian Robinson,RB,196.10000000000002,190.9
00-0037801,2022,REG,0,0,0.0,0,0.0,0.0,0.0,0,0,0.0,0.0,0.0,0.0,0,0.0,0.0,3,17.0,0,0.0,0.0,1.0,0.016680371016263962,0,1,2,9.0,0,0.0,0.0,13.0,5.0,0.0,-1.638943190847054,0,2.25,0.049754299754299756,0.04328802729192614,0.10493306873579793,0.0,2.6,5,0.011976047904191617,0.010101010101010102,0.010706638115631691,0.026044879937095512,0.007908611599297012,0.0,0.0,0.0,0.003954305799648506,0.006326889279437611,0.05389221556886228,0.007908264136022143,Kavontae Turpin,WR,5.4,59.7
00-0037801,2023,REG,0,0,0.0,0,0.0,0.0,0.0,0,0,0.0,0.0,0.0,0.0,0,0.0,0.0,11,110.0,1,1.0,0.0,5.0,7.481028122419957,0,12,18,127.0,3,0.0,0.0,163.0,39.0,9.0,12.217260575415434,0,12.519289878113408,0.5329581710464063,0.5471018516585948,1.1824085527306258,0.0,47.7,12,0.04205607476635514,0.0507156191661481,0.027639971651311126,0.10365660748245119,0.03983688833124216,0.10714285714285714,0.05325443786982249,0.06091370558375635,0.07348987273704966,0.05329808209356516,0.2967289719626168,0.049078443300833594,KaVontae Turpin,WR,59.7,92.2
00-0037805,2022,REG,0,0,0.0,0,0.0,0.0,0.0,0,0,0.0,0.0,0.0,0.0,0,0.0,0.0,0,0.0,0,0.0,0.0,0.0,0.0,0,1,2,8.0,0,0.0,0.0,7.0,1.0,0.0,0.04786110681015998,0,1.1428571428571428,0.05450581395348837,0.026022304832713755,0.09997433431313218,0.0,0.8,2,0.02564102564102564,0.009929078014184398,0.005555555555555556,0.04640480087288598,0.016913319238900635,0.0,0.0,0.0,0.008456659619450317,0.013530655391120508,0.10256410256410256,0.011068749231336859,Jeremy Ruckert,TE,1.8,31.1
00-0037805,2023,REG,0,0,0.0,0,0.0,0.0,0.0,0,0,0.0,0.0,0.0,0.0,0,0.0,0.0,0,0.0,0,0.0,0.0,0.0,0.0,0,16,22,151.0,0,0.0,0.0,139.0,51.0,6.0,4.471252668532543,0,8.883630952380953,0.6539136517077694,0.6345041950357144,1.425023414086654,0.0,15.100000000000001,10,0.06077348066298342,0.054595443833464256,0.052200614124872056,0.13483657606124655,0.0720763723150358,0.0,0.0594059405940594,0.05555555555555555,0.0360381861575179,0.057661097852028644,0.4171270718232044,0.04783143648108274,Jeremy Ruckert,TE,31.1,28.5
00-0037809,2022,REG,0,0,0.0,0,0.0,0.0,0.0,0,0,0.0,0.0,0.0,0.0,0,0.0,0.0,3,2.0,0,0.0,0.0,0.0,-3.174897769931704,0,32,46,450.0,3,0.0,0.0,353.0,252.0,22.0,22.783594198618385,1,18.42773779727867,1.9296648873637918,2.246549871642277,4.467082241195281,0.0,65.2,15,0.11358024691358025,0.11128625472887768,0.18421052631578946,0.25939937415347253,0.15845070422535212,0.1875,0.16417910447761194,0.16666666666666666,0.17297535211267606,0.16426056338028172,1.1111111111111112,0.09258906458373024,Chigoziem Okonkwo,TE,95.2,113.4
00-0037809,2023,REG,0,0,0.0,0,0.0,0.0,0.0,0,0,0.0,0.0,0.0,0.0,0,0.0,0.0,2,6.0,0,0.0,0.0,1.0,-0.019908076850697398,0,54,77,528.0,1,0.0,0.0,525.0,260.0,25.0,7.755041697244279,0,16.62714036005367,2.7503781692016984,2.2407552279466656,5.694095913365214,0.0,59.400000000000006,17,0.15587044534412955,0.1149047931713723,0.16290726817042606,0.3257295025532922,0.15034168564920272,0.07142857142857142,0.15822784810126583,0.1511627906976744,0.11088512853888707,0.13455906280507646,1.0688259109311742,0.09559294601611762,Chigoziem Okonkwo,TE,113.4,111.60000000000001
00-0037816,2022,REG,0,0,0.0,0,0.0,0.0,0.0,0,0,0.0,0.0,0.0,0.0,0,0.0,0.0,1,11.0,0,0.0,0.0,1.0,0.5182846897514537,0,42,67,425.0,3,2.0,1.0,637.0,191.0,20.0,-2.379796117582551,0,10.04594822619712,2.035728670994498,2.456614488649927,4.773223148546696,0.0,59.6,13,0.14955357142857142,0.1877948113207547,0.12065698041692988,0.3745662061994609,0.1414780292942743,0.16666666666666666,0.1388888888888889,0.1419753086419753,0.15407234798047048,0.14651575676875278,0.9486607142857143,0.09509012971940924,Romeo Doubs,WR,101.6,213.8
00-0037816,2023,REG,0,0,0.0,0,0.0,0.0,0.0,0,0,0.0,0.0,0.0,0.0,0,0.0,0.0,0,0.0,0,0.0,0.0,0.0,0.0,0,59,96,674.0,8,1.0,0.0,1126.0,134.0,41.0,25.05756660561879,0,10.908039262331306,2.8425814166461008,3.855387211521307,6.962643173034066,0.0,115.4,17,0.16523235800344235,0.22793522267206479,0.0695742471443406,0.4301967151428153,0.16009501187648456,0.25,0.1943127962085308,0.20164609053497942,0.20504750593824228,0.17807600950118768,1.1600688468158347,0.1155043380356315,Romeo Doubs,WR,213.8,133.4
00-0037827,2022,REG,0,0,0.0,0,0.0,0.0,0.0,0,0,0.0,0.0,0.0,0.0,0,0.0,0.0,34,99.0,0,0.0,0.0,5.0,-13.532761136390036,0,0,2,0.0,0,0.0,0.0,0.0,0.0,0.0,-0.9328389226575382,0,0.0,0.043478260869565216,0.0,0.06521739130434782,0.0,9.9,5,0.013605442176870748,0.0,0.0,0.02040816326530612,0.0,0.0,0.0,0.0,0.0,0.0,0.0,0.020326037859811935,Tyrion Davis-Price,RB,9.9,2.1
00-0037827,2023,REG,0,0,0.0,0,0.0,0.0,0.0,0,0,0.0,0.0,0.0,0.0,0,0.0,0.0,6,21.0,0,0.0,0.0,1.0,-3.7345579089596868,0,0,0,0.0,0,0.0,0.0,0.0,0.0,0.0,0.0,0,0.0,0.0,0.0,0.0,0.0,2.1,1,0.0,0.0,0.0,0.0,0.0,0.0,0.0,0.0,0.0,0.0,0.0,0.017438963627304436,Tyrion Davis-Price,RB,2.1,0.7000000000000001
00-0037834,2022,REG,114,170,1374.0,13,4.0,11.0,84.0,0,0,1117.0,706.0,66.0,36.553111985589894,0,8.848278381181988,0.7136827140298911,22,13.0,1,0.0,0.0,5.0,-10.471993213137766,0,0,0,0.0,0,0.0,0.0,0.0,0.0,0.0,0.0,0,0.0,0.0,0.0,0.0,0.0,106.25999999999999,9,0.0,0.0,0.0,0.0,0.0,0.0,0.0,0.0,0.0,0.0,0.0,0.11756245436240124,Brock Purdy,QB,166.85000000000002,394.5
00-0037834,2023,REG,308,444,4280.0,31,11.0,28.0,153.0,4,2,3636.0,2034.0,192.0,143.75355856953541,0,19.584353695184085,3.482111351257425,39,144.0,2,2.0,0.0,15.0,11.427492490520338,0,0,0,0.0,0,0.0,0.0,0.0,0.0,0.0,0.0,0,0.0,0.0,0.0,0.0,0.0,295.6,16,0.0,0.0,0.0,0.0,0.0,0.0,0.0,0.0,0.0,0.0,0.0,0.18512951550678894,Brock Purdy,QB,394.5,305.5
00-0037837,2023,REG,0,0,0.0,0,0.0,0.0,0.0,0,0,0.0,0.0,0.0,0.0,0,0.0,0.0,11,57.0,1,0.0,0.0,4.0,3.413140455435496,0,17,30,180.0,1,0.0,0.0,378.0,73.0,7.0,-3.259148747407768,0,7.101329080276448,0.9891541808519005,1.86768934731071,2.791113814395348,0.0,35.7,14,0.07009345794392523,0.11913016073116924,0.048153034300791556,0.20044431550082323,0.06273963053328686,0.08333333333333333,0.05426356589147287,0.05673758865248227,0.0730364819333101,0.06685837109329616,0.4205607476635514,0.052919085011949474,Calvin Austin,WR,60.4,118.3
00-0037838,2022,REG,0,0,0.0,0,0.0,0.0,0.0,0,0,0.0,0.0,0.0,0.0,0,0.0,0.0,0,0.0,0,0.0,0.0,0.0,0.0,0,36,60,373.0,3,0.0,0.0,405.0,151.0,18.0,-5.3532324568654435,0,10.981175971378084,2.0756758337260366,1.6959336996334748,4.300667340332487,0.0,55.3,14,0.14634146341463414,0.12014239098190448,0.1284013605442177,0.3156261079074748,0.13814814814814816,0.17647058823529413,0.14173228346456693,0.14583333333333334,0.15730936819172114,0.14581263616557735,0.9097560975609756,0.08620526862430365,Isaiah Likely,TE,91.3,116.1
00-0037838,2023,REG,0,0,0.0,0,0.0,0.0,0.0,0,0,0.0,0.0,0.0,0.0,0,0.0,0.0,0,0.0,0,0.0,0.0,0.0,0.0,0,30,40,411.0,5,0.0,0.0,249.0,216.0,15.0,32.19419939463758,0,35.55773724123796,1.4052884029866126,1.1142571645407517,2.8879126196584455,0.0,71.1,13,0.10554089709762533,0.08102831109664822,0.1592920353982301,0.2231339945237566,0.14275790204932268,0.23809523809523808,0.10948905109489052,0.12658227848101267,0.19042657007228037,0.16182536925850577,1.0844327176781003,0.08524020707215486,Isaiah Likely,TE,116.1,149.3
00-0037840,2022,REG,0,0,0.0,0,0.0,0.0,0.0,0,0,0.0,0.0,0.0,0.0,0,0.0,0.0,35,139.0,0,0.0,0.0,6.0,-4.252235418397443,0,9,12,76.0,0,0.0,0.0,17.0,80.0,5.0,-1.672804807005642,0,17.333333333333336,0.41469297028120555,0.03322486413151737,0.6452968603138705,0.0,21.5,8,0.05504587155963303,0.010487353485502776,0.12678288431061807,0.09095869012785177,0.053558844256518676,0.0,0.06666666666666667,0.060240963855421686,0.026779422128259338,0.04284707540521494,0.3486238532110092,0.056121885695359364,Kyren Williams,RB,30.5,261.0
00-0037840,2023,REG,0,0,0.0,0,0.0,0.0,0.0,0,0,0.0,0.0,0.0,0.0,0,0.0,0.0,228,1144.0,12,2.0,1.0,62.0,22.43659965706825,1,32,48,206.0,3,1.0,1.0,10.0,277.0,9.0,-15.600401715665086,0,25.752886002886004,1.3216031952986411,0.02961205807157829,2.0031332335980667,0.0,223.0,12,0.10933940774487472,0.002890173410404624,0.17745035233824472,0.16632125034563577,0.06091070372560615,0.14285714285714285,0.054878048780487805,0.06486486486486487,0.1018839232913745,0.07729999155191349,0.46924829157175396,0.2151208895037878,Kyren Williams,RB,261.0,299.8
00-0038040,2022,REG,0,0,0.0,0,0.0,0.0,0.0,0,0,0.0,0.0,0.0,0.0,0,0.0,0.0,17,70.0,0,0.0,0.0,4.0,-1.5125508009805344,0,0,0,0.0,0,0.0,0.0,0.0,0.0,0.0,0.0,0,0.0,0.0,0.0,0.0,0.0,7.000000000000001,11,0.0,0.0,0.0,0.0,0.0,0.0,0.0,0.0,0.0,0.0,0.0,0.00725208238365588,Zamir White,RB,7.000000000000001,73.9
00-0038040,2023,REG,0,0,0.0,0,0.0,0.0,0.0,0,0,0.0,0.0,0.0,0.0,0,0.0,0.0,104,451.0,1,1.0,1.0,19.0,-17.689954509143718,0,15,19,98.0,0,0.0,0.0,4.0,94.0,4.0,0.7290253781829961,0,-12.0,0.5444318286141308,-0.004957016977816208,0.8131778310367247,0.0,58.900000000000006,13,0.04523809523809524,0.0013170892327955218,0.07660961695191525,0.06891081424337928,0.03580562659846547,0.0,0.028368794326241134,0.025477707006369428,0.017902813299232736,0.02864450127877238,0.23333333333333334,0.07707711883852396,Zamir White,RB,73.9,29.3
00-0038041,2022,REG,0,0,0.0,0,0.0,0.0,0.0,0,0,0.0,0.0,0.0,0.0,0,0.0,0.0,0,0.0,0,0.0,0.0,0.0,0.0,0,19,22,174.0,2,0.0,0.0,77.0,124.0,8.0,7.890275644826758,0,16.478231292517005,0.6966062985322867,0.26892661558256514,1.233158078706226,0.0,29.4,11,0.0625,0.026597582037996545,0.10867659947414549,0.11502806563039723,0.0676779463243874,0.1,0.06015037593984962,0.06535947712418301,0.0838389731621937,0.07414235705950992,0.4943181818181818,0.047236102435977506,Jake Ferguson,TE,52.8,214.4
00-0038041,2023,REG,0,0,0.0,0,0.0,0.0,0.0,0,0,0.0,0.0,0.0,0.0,0,0.0,0.0,0,0.0,0,0.0,0.0,0.0,0.0,0,71,102,761.0,5,0.0,0.0,514.0,425.0,40.0,32.75242731869887,0,43.59244009076217,2.8605107529372233,1.7894238936941271,5.543362854991724,0.0,106.1,17,0.16612377850162866,0.10721735502711723,0.20802741067058247,0.3349595517741368,0.16330472103004293,0.1388888888888889,0.17467248908296942,0.16981132075471697,0.15109680495946592,0.15842155460181215,1.239413680781759,0.10366424724888784,Jake Ferguson,TE,214.4,104.4
00-0038045,2022,REG,0,0,0.0,0,0.0,0.0,0.0,0,0,0.0,0.0,0.0,0.0,0,0.0,0.0,18,41.0,0,0.0,0.0,2.0,-7.110148191568442,0,3,3,13.0,0,0.0,0.0,-10.0,23.0,0.0,-0.1510334150516428,0,-2.6,0.09024211298606016,-0.050243152044462086,0.10019296304796678,0.0,5.4,5,0.014423076923076924,-0.008424599831508003,0.03328509406657019,0.014894935519408983,0.010093167701863354,0.0,0.0,0.0,0.005046583850931677,0.008074534161490683,0.0625,0.018347822288235553,Isaiah Spiller,RB,8.4,19.0
00-0038046,2022,REG,0,0,0.0,0,0.0,0.0,0.0,0,0,0.0,0.0,0.0,0.0,0,0.0,0.0,0,0.0,0,0.0,0.0,0.0,0.0,0,4,6,49.0,0,0.0,0.0,49.0,20.0,3.0,2.571820084481448,0,1.0,0.14285714285714285,0.14040114613180515,0.31256651657797785,0.0,4.9,1,0.13636363636363635,0.14040114613180515,0.14492753623188406,0.3168663714508987,0.17132867132867133,0.0,0.25,0.25,0.0,0.0,1.1136363636363635,0.13080540858318634,Charlie Kolar,TE,8.9,23.1
00-0038046,2023,REG,0,0,0.0,0,0.0,0.0,0.0,0,0,0.0,0.0,0.0,0.0,0,0.0,0.0,0,0.0,0,0.0,0.0,0.0,0.0,0,7,9,87.0,1,0.0,0.0,88.0,17.0,5.0,7.684576356812613,0,6.926282051282051,0.3632880333647597,0.5148694077426744,0.9053406354670116,0.0,14.700000000000001,6,0.05732484076433121,0.07394957983193277,0.025602409638554216,0.14514692501204304,0.06482861400894188,0.08333333333333333,0.078125,0.07894736842105263,0.07408097367113761,0.06852955787382017,0.554140127388535,0.039854540111666184,Charlie Kolar,TE,23.1,28.3
00-0038090,2022,REG,0,0,0.0,0,0.0,0.0,0.0,0,0,0.0,0.0,0.0,0.0,0,0.0,0.0,3,24.0,0,0.0,0.0,1.0,1.3587716603651643,0,22,33,250.0,0,0.0,0.0,258.0,151.0,13.0,5.486092451597976,0,11.804789510006902,0.9124707766675647,0.8965953121146872,1.996322883481628,0.0,27.400000000000002,14,0.05956678700361011,0.06556543837357053,0.061133603238866394,0.14180253120427158,0.054932981762250054,0.0,0.05416666666666667,0.04693140794223827,0.027466490881125027,0.043946385409800046,0.45126353790613716,0.030851090404936173,Skyy Moore,WR,62.8,53.7
00-0038090,2023,REG,0,0,0.0,0,0.0,0.0,0.0,0,0,0.0,0.0,0.0,0.0,0,0.0,0.0,3,23.0,0,0.0,0.0,1.0,0.9917829283513129,0,21,38,244.0,1,0.0,0.0,339.0,109.0,13.0,-9.618858476804308,0,10.823891123156729,1.0666185961444583,1.3533647284339367,2.547283204120443,0.0,32.7,13,0.07707910750507099,0.09970588235294117,0.054856567689984904,0.19538336713995944,0.07115777194517352,0.043478260869565216,0.07471264367816093,0.07106598984771574,0.05731801640736937,0.06562186973005187,0.4949290060851927,0.04523400384109977,Skyy Moore,WR,53.7,0.0
00-0038092,2022,REG,0,0,0.0,0,0.0,0.0,0.0,0,0,0.0,0.0,0.0,0.0,0,0.0,0.0,0,0.0,0,0.0,0.0,0.0,0.0,0,1,1,3.0,0,0.0,0.0,-4.0,7.0,0.0,-1.0125225936062634,0,0.0,0.037037037037037035,-0.021164021164021163,0.04074074074074074,0.0,0.30000000000000004,1,0.03225806451612903,-0.019230769230769232,0.14583333333333334,0.03300248138957816,0.019736842105263157,0.0,0.0,0.0,0.0,0.0,0.0967741935483871,0.022616562282533056,Erik Ezukanma,WR,1.3,2.2
00-0038092,2023,REG,0,0,0.0,0,0.0,0.0,0.0,0,0,0.0,0.0,0.0,0.0,0,0.0,0.0,5,22.0,0,0.0,0.0,1.0,-1.453355719218962,0,0,1,0.0,0,0.0,0.0,8.0,0.0,0.0,-0.9126537921924407,0,0.0,0.034482758620689655,0.02962962962962963,0.07246487867177523,0.0,2.2,2,0.013333333333333334,0.010471204188481676,0.0,0.028376963350785343,0.0,0.0,0.0,0.0,0.0,0.0,0.0,0.009883198562443846,Erik Ezukanma,WR,2.2,0.0
00-0038098,2022,REG,0,0,0.0,0,0.0,0.0,0.0,0,0,0.0,0.0,0.0,0.0,0,0.0,0.0,10,100.0,1,0.0,0.0,5.0,5.737182787328493,0,7,7,42.0,0,0.0,0.0,4.0,38.0,3.0,1.0002188019570895,0,-18.0,0.22512218963831868,0.006694495980210266,0.3423694316436252,0.0,20.2,4,0.05263157894736842,0.00392156862745098,0.08656036446469248,0.08208462332301342,0.046875,0.0,0.07142857142857142,0.06521739130434782,0.0234375,0.037500000000000006,0.3157894736842105,0.08236434108527131,Pierre Strong,RB,27.2,42.800000000000004
00-0038098,2023,REG,0,0,0.0,0,0.0,0.0,0.0,0,0,0.0,0.0,0.0,0.0,0,0.0,0.0,63,291.0,1,1.0,1.0,10.0,-9.930036237987224,0,5,8,47.0,0,0.0,0.0,-5.0,73.0,1.0,-2.232929656165652,0,-7.803571428571428,0.2271482223580919,-0.03716924434627959,0.31470386249474214,0.0,37.800000000000004,13,0.01652892561983471,-0.0012324377618930244,0.048666666666666664,0.023807438220237648,0.014408338442673207,0.0,0.007246376811594203,0.006289308176100629,0.007204169221336603,0.011526670754138567,0.09710743801652892,0.03854883452822712,Pierre Strong,RB,42.800000000000004,35.2
00-0038102,2022,REG,245,389,2404.0,7,9.0,27.0,182.0,1,1,2957.0,1042.0,123.0,-11.065706766791422,2,10.085240433097974,1.056545291431186,55,237.0,3,3.0,0.0,23.0,9.780994230386568,0,0,0,0.0,0,0.0,0.0,0.0,0.0,0.0,0.0,0,0.0,0.0,0.0,0.0,0.0,149.86,13,0.0,0.0,0.0,0.0,0.0,0.0,0.0,0.0,0.0,0.0,0.0,0.1496325585110632,Kenny Pickett,QB,169.9,130.9
00-0038102,2023,REG,201,324,2070.0,6,4.0,23.0,173.0,0,0,2288.0,1046.0,91.0,-40.24149194660611,0,11.478721148380666,0.6764083013342229,42,54.0,1,2.0,0.0,12.0,-5.1628800429785695,0,0,0,0.0,0,0.0,0.0,0.0,0.0,0.0,0.0,0,0.0,0.0,0.0,0.0,0.0,110.2,12,0.0,0.0,0.0,0.0,0.0,0.0,0.0,0.0,0.0,0.0,0.0,0.136653356811587,Kenny Pickett,QB,130.9,27.350000000000005
00-0038104,2022,REG,0,0,0.0,0,0.0,0.0,0.0,0,0,0.0,0.0,0.0,0.0,0,0.0,0.0,3,16.0,1,0.0,0.0,1.0,0.7390950545668602,0,22,45,247.0,2,0.0,0.0,646.0,63.0,13.0,-2.8933255154023954,0,8.81591008550893,1.4971140263626195,2.6870500887547624,4.126606101672263,0.0,44.3,12,0.1174934725848564,0.23979213066072755,0.04864864864864865,0.36807391340586665,0.09836718438868977,0.14285714285714285,0.11403508771929824,0.1171875,0.12061216362291631,0.10726517608238038,0.6449086161879896,0.07400875156277906,Tyquan Thornton,WR,66.3,27.200000000000003
00-0038104,2023,REG,0,0,0.0,0,0.0,0.0,0.0,0,0,0.0,0.0,0.0,0.0,0,0.0,0.0,3,51.0,0,0.0,0.0,1.0,3.0184006072089895,0,13,23,91.0,0,0.0,0.0,230.0,50.0,3.0,-13.239605868468061,0,4.362609549748753,0.7572203490433047,1.0593697098780355,1.877389320479582,0.0,14.200000000000001,9,0.08070175438596491,0.12623490669593854,0.04655493482309125,0.22204055693569819,0.04889844169801182,0.0,0.03529411764705882,0.031914893617021274,0.02444922084900591,0.03911875335840946,0.3192982456140351,0.041203381100978584,Tyquan Thornton,WR,27.200000000000003,8.7
00-0038108,2022,REG,65,92,781.0,5,3.0,6.0,40.0,2,2,624.0,384.0,37.0,7.685017908631561,0,4.978248583244836,0.4876484127222769,10,0.0,0,2.0,1.0,0.0,-6.099722969860593,0,1,1,-6.0,0,0.0,0.0,-8.0,2.0,0.0,-1.2425923743285239,0,0.0,0.03225806451612903,-0.04371584699453552,0.017786003878018687,0.0,38.64,4,0.009615384615384616,-0.011204481792717087,0.004901960784313725,0.005459491488903253,-0.007220216606498195,0.0,0.0,0.0,-0.0036101083032490976,-0.0057761732851985565,-0.057692307692307696,0.12935648087717008,Bailey Zappe,QB,47.45,81.9
00-0038108,2023,REG,127,212,1272.0,6,9.0,25.0,191.0,2,1,1686.0,637.0,53.0,-81.79545271547397,0,9.369872497106094,-0.0017343172240964905,17,83.0,1,0.0,0.0,6.0,4.63150148303248,0,0,0,0.0,0,0.0,0.0,0.0,0.0,0.0,0.0,0,0.0,0.0,0.0,0.0,0.0,69.18,10,0.0,0.0,0.0,0.0,0.0,0.0,0.0,0.0,0.0,0.0,0.0,0.11988770275890755,Bailey Zappe,QB,81.9,8.7
00-0038115,2022,REG,0,0,0.0,0,0.0,0.0,0.0,0,0,0.0,0.0,0.0,0.0,0,0.0,0.0,1,2.0,1,0.0,0.0,1.0,1.2865708670578897,0,30,35,268.0,2,1.0,1.0,140.0,144.0,14.0,9.696765491651604,1,31.750103405366563,1.3222374063236406,0.9114544517228415,2.62137422569145,0.0,45.0,11,0.10542168674698796,0.06796116504854369,0.13495782567947517,0.2125014621593169,0.1256446319737459,0.2,0.1308411214953271,0.13675213675213677,0.16282231598687297,0.14051570557899673,0.8072289156626506,0.08590868479530825,Daniel Bellinger,TE,84.1,50.5
00-0038115,2023,REG,0,0,0.0,0,0.0,0.0,0.0,0,0,0.0,0.0,0.0,0.0,0,0.0,0.0,0,0.0,0,0.0,0.0,0.0,0.0,0,25,28,255.0,0,0.0,0.0,130.0,134.0,6.0,8.481088334228843,0,34.10960014801271,1.036106415746375,0.761078713519135,2.0869147230829572,0.0,25.5,13,0.07329842931937172,0.05096040768326147,0.11492281303602059,0.15071597012566676,0.11383928571428571,0.0,0.06521739130434782,0.058823529411764705,0.056919642857142856,0.09107142857142858,0.6675392670157068,0.06199361649889516,Daniel Bellinger,TE,50.5,26.5
00-0038117,2022,REG,0,0,0.0,0,0.0,0.0,0.0,0,0,0.0,0.0,0.0,0.0,0,0.0,0.0,2,-1.0,0,0.0,0.0,0.0,-1.2824088938068599,0,23,31,227.0,1,0.0,0.0,192.0,126.0,13.0,11.781825616408776,0,9.144179894179894,1.0229023689564813,0.8238302785226892,2.1110347484006042,0.0,28.6,6,0.18235294117647058,0.1568627450980392,0.20063694267515925,0.3990196078431372,0.17776037588097102,0.125,0.20634920634920634,0.19718309859154928,0.15138018794048552,0.16720830070477682,1.3352941176470587,0.10397356331103409,Wan'Dale Robinson,WR,51.599999999999994,133.2
00-0038117,2023,REG,0,0,0.0,0,0.0,0.0,0.0,0,0,0.0,0.0,0.0,0.0,0,0.0,0.0,9,87.0,1,0.0,0.0,4.0,4.916419042623602,0,60,78,525.0,1,0.0,0.0,410.0,287.0,29.0,21.910620719088797,0,25.171878343736896,2.75437536805601,2.3269307094292735,5.760414548684506,0.0,73.2,15,0.1729490022172949,0.12542061792597126,0.2025405786873677,0.35975999766671934,0.1797945205479452,0.07692307692307693,0.2396694214876033,0.22388059701492538,0.12835879873551106,0.15922023182297154,1.164079822616408,0.12960980830981803,Wan'Dale Robinson,WR,133.2,182.70000000000002
00-0038120,2022,REG,0,0,0.0,0,0.0,0.0,0.0,0,0,0.0,0.0,0.0,0.0,0,0.0,0.0,80,463.0,4,0.0,0.0,20.0,13.889109682873823,0,19,31,218.0,1,1.0,1.0,152.0,166.0,8.0,-1.432692304844105,0,10.00235462979518,0.8050205533420668,0.40893483828227295,1.493785216810691,0.0,96.10000000000001,7,0.12015503875968993,0.07603801900950476,0.21530479896238652,0.24106297334713872,0.1351518908865468,0.14285714285714285,0.1038961038961039,0.10714285714285714,0.13900451687184484,0.13669294128066603,0.8449612403100775,0.20167507709559854,Breece Hall,RB,115.10000000000001,288.5
00-0038120,2023,REG,0,0,0.0,0,0.0,0.0,0.0,0,0,0.0,0.0,0.0,0.0,0,0.0,0.0,223,994.0,5,2.0,0.0,40.0,-21.759780243049267,1,76,95,591.0,4,0.0,0.0,-48.0,649.0,28.0,6.088125992420828,0,-26.96517094017094,2.736592824239883,-0.18531193230625906,3.9751708837454434,0.0,214.5,17,0.15806988352745424,-0.012,0.36419753086419754,0.22750482529118138,0.17521494218796324,0.36363636363636365,0.1794871794871795,0.19161676646706588,0.26942565291216347,0.2128992264776433,0.9833610648918469,0.2638702176361588,Breece Hall,RB,288.5,236.9
00-0038122,2022,REG,73,115,708.0,2,0.0,9.0,33.0,1,1,940.0,328.0,37.0,4.537197660166861,0,3.2588711233617387,0.17267620487372798,16,64.0,0,2.0,1.0,4.0,-12.282527674773817,0,0,0,0.0,0,0.0,0.0,0.0,0.0,0.0,0.0,0,0.0,0.0,0.0,0.0,0.0,38.72,4,0.0,0.0,0.0,0.0,0.0,0.0,0.0,0.0,0.0,0.0,0.0,0.137636854827243,Desmond Ridder,QB,45.800000000000004,205.5
00-0038122,2023,REG,249,388,2836.0,12,12.0,31.0,197.0,6,4,3184.0,1222.0,136.0,-33.3997411758443,2,13.844087279382423,0.972303679258689,53,193.0,5,6.0,1.0,18.0,-14.43581715768457,0,1,1,-6.0,0,0.0,0.0,-6.0,0.0,0.0,-1.5153478160500526,0,0.0,0.05555555555555555,-0.09523809523809523,0.016666666666666677,0.0,180.14000000000001,15,0.002178649237472767,-0.0015772870662460567,0.0,0.002006144203212305,-0.0018303843807199512,0.0,0.0,0.0,-0.0009151921903599756,-0.001464307504575961,-0.013071895424836602,0.1630246958024336,Desmond Ridder,QB,205.5,26.500000000000004
00-0038124,2022,REG,0,0,0.0,0,0.0,0.0,0.0,0,0,0.0,0.0,0.0,0.0,0,0.0,0.0,7,80.0,2,0.0,0.0,2.0,6.649839835474268,0,41,66,611.0,7,0.0,0.0,923.0,264.0,28.0,30.71060199712872,0,8.574587759713932,2.3425965787739833,3.6059578889298414,6.038065390411864,0.0,123.10000000000001,14,0.14732142857142858,0.24665954035275253,0.16387337057728119,0.41830977513934486,0.1917163476623784,0.3181818181818182,0.1794871794871795,0.19662921348314608,0.2549490829220983,0.2170094417662664,1.3638392857142858,0.13686633638592804,Christian Watson,WR,164.10000000000002,105.3
00-0038124,2023,REG,0,0,0.0,0,0.0,0.0,0.0,0,0,0.0,0.0,0.0,0.0,0,0.0,0.0,4,11.0,0,0.0,0.0,1.0,-1.5207444586558267,0,28,53,422.0,5,0.0,0.0,817.0,105.0,20.0,1.8825399146626935,0,4.858164517952394,1.5802049067284736,3.0011805750875085,4.471133762653966,0.0,73.30000000000001,9,0.16932907348242812,0.31666666666666665,0.1062753036437247,0.5073269435569756,0.1896629213483146,0.3333333333333333,0.18181818181818182,0.2,0.26149812734082395,0.21839700374531834,1.3482428115015974,0.13219365783635653,Christian Watson,WR,105.3,103.3
00-0038128,2022,REG,31,61,276.0,0,3.0,10.0,49.0,1,0,498.0,144.0,11.0,-38.837689051219954,0,3.4643828339082443,-0.027943816132636447,27,123.0,1,2.0,2.0,8.0,-6.886302529376104,0,0,0,0.0,0,0.0,0.0,0.0,0.0,0.0,0.0,0,0.0,0.0,0.0,0.0,0.0,19.34,7,0.0,0.0,0.0,0.0,0.0,0.0,0.0,0.0,0.0,0.0,0.0,0.04930403303931066,Malik Willis,QB,22.1,3.8000000000000003
00-0038128,2023,REG,4,5,74.0,0,0.0,4.0,30.0,0,0,39.0,55.0,1.0,-0.068276936013552,0,1.8974358974358974,0.14343563797791795,5,21.0,0,1.0,1.0,1.0,-6.9683296756702475,0,0,0,0.0,0,0.0,0.0,0.0,0.0,0.0,0.0,0,0.0,0.0,0.0,0.0,0.0,3.06,2,0.0,0.0,0.0,0.0,0.0,0.0,0.0,0.0,0.0,0.0,0.0,0.01972666322846828,Malik Willis,QB,3.8000000000000003,57.300000000000004
00-0038129,2022,REG,0,0,0.0,0,0.0,0.0,0.0,0,0,0.0,0.0,0.0,0.0,0,0.0,0.0,0,0.0,0,0.0,0.0,0.0,0.0,0,42,65,391.0,2,0.0,0.0,384.0,174.0,19.0,4.9721009016464865,0,19.296638504864312,1.423885180549806,1.3008548808555118,3.046426187423567,0.0,51.1,14,0.10172143974960876,0.09078014184397164,0.08756919979869149,0.22520627309959046,0.09733632063729152,0.09090909090909091,0.09178743961352658,0.09170305676855896,0.0941227057731912,0.09605087469165141,0.6118935837245696,0.07106978732499733,Cade Otton,TE,102.9,148.9
00-0038129,2023,REG,0,0,0.0,0,0.0,0.0,0.0,0,0,0.0,0.0,0.0,0.0,0,0.0,0.0,0,0.0,0,0.0,0.0,0.0,0.0,0,47,67,455.0,4,1.0,1.0,452.0,223.0,22.0,11.537982239606265,1,23.095310077811874,2.0555373547265394,1.621903467316766,4.218638459211546,0.0,69.5,16,0.12430426716141002,0.0993188310261481,0.12246018671059858,0.2659114655630335,0.11842790213430505,0.14814814814814814,0.12154696132596685,0.125,0.1332880251412266,0.12437195133707368,0.8441558441558441,0.08918455461309979,Cade Otton,TE,148.9,145.8
00-0038134,2022,REG,0,0,0.0,0,0.0,0.0,0.0,0,0,0.0,0.0,0.0,0.0,0,0.0,0.0,228,1050.0,9,0.0,0.0,51.0,-14.810521597673741,0,27,35,165.0,0,0.0,0.0,-75.0,221.0,6.0,-11.958612450398505,0,-30.399036807705535,1.030760303775,-0.4681268973344372,1.2184516275283939,0.0,175.5,15,0.068762278978389,-0.01983602221634488,0.13475609756097562,0.08727460069450761,0.043159822129217894,0.0,0.03260869565217391,0.028708133971291867,0.021579911064608947,0.03452785770337432,0.3241650294695481,0.1473563184933999,Kenneth Walker,RB,216.1,199.4
00-0038134,2023,REG,0,0,0.0,0,0.0,0.0,0.0,0,0,0.0,0.0,0.0,0.0,0,0.0,0.0,219,905.0,8,1.0,0.0,46.0,-9.327501742838649,0,29,37,259.0,1,0.0,0.0,-79.0,317.0,9.0,3.5109288067906164,0,-16.723043133337253,1.2036396543378716,-0.47461428056247557,1.4732294851130745,0.0,170.4,15,0.07297830374753451,-0.021944444444444444,0.18011363636363636,0.09191190006574622,0.07090062961949083,0.05,0.05389221556886228,0.053475935828877004,0.060450314809745415,0.06672050369559267,0.5108481262327417,0.16352036213937773,Kenneth Walker,RB,199.4,181.20000000000002
00-0038393,2023,REG,1,1,14.0,0,0.0,0.0,0.0,0,0,9.0,5.0,1.0,0.8892822902998887,0,1.5555555555555556,0.0,1,1.0,0,0.0,0.0,0.0,-0.3758543661679141,0,39,58,581.0,4,3.0,1.0,591.0,211.0,29.0,29.157121740925746,0,14.45587923156531,1.7307385090934464,2.2607057029925484,4.178601755734953,0.0,80.76,15,0.11262135922330097,0.13805185704274703,0.12196531791907514,0.2793735244691491,0.15922170457659632,0.15384615384615385,0.16022099447513813,0.15942028985507245,0.1565339292113751,0.15814659443050783,1.1281553398058253,0.0928544845552661,Dontayvion Wicks,WR,130.4,116.4
00-0038394,2023,REG,0,0,0.0,0,0.0,0.0,0.0,0,0,0.0,0.0,0.0,0.0,0,0.0,0.0,0,0.0,0,0.0,0.0,0.0,0.0,0,18,26,207.0,0,1.0,0.0,203.0,89.0,11.0,11.680780712864362,0,9.762383585912998,0.7706599977214748,0.8336272440234578,1.7395290673986326,0.0,20.700000000000003,11,0.06735751295336788,0.07073170731707316,0.0712,0.15762163528371034,0.07849829351535836,0.0,0.09166666666666666,0.08461538461538462,0.03924914675767918,0.06279863481228669,0.5362694300518135,0.042467737687648145,Will Mallory,TE,38.7,6.9
00-0038396,2023,REG,0,0,0.0,0,0.0,0.0,0.0,0,0,0.0,0.0,0.0,0.0,0,0.0,0.0,17,48.0,0,1.0,0.0,2.0,-7.894027838774491,0,6,7,22.0,0,0.0,0.0,-8.0,40.0,0.0,-3.7494461149908602,0,0.3571428571428572,0.20787141779788837,-0.04477383157160915,0.28046544459670614,0.0,7.0,5,0.03867403314917127,-0.005979073243647235,0.06711409395973154,0.053227791128839116,0.017959183673469388,0.0,0.0,0.0,0.008979591836734694,0.014367346938775512,0.12154696132596685,0.034067085953878404,Eric Gray,RB,13.0,19.3
00-0038416,2023,REG,94,143,859.0,3,6.0,5.0,35.0,2,2,814.0,498.0,48.0,-25.4177472920779,0,6.7171536822171545,0.2318913856518391,23,109.0,2,0.0,0.0,11.0,11.023287959246257,0,0,0,0.0,0,0.0,0.0,0.0,0.0,0.0,0.0,0,0.0,0.0,0.0,0.0,0.0,53.260000000000005,5,0.0,0.0,0.0,0.0,0.0,0.0,0.0,0.0,0.0,0.0,0.0,0.15478958381771682,Tyson Bagent,QB,61.85000000000001,-0.15000000000000002
00-0038454,2023,REG,0,0,0.0,0,0.0,0.0,0.0,0,0,0.0,0.0,0.0,0.0,0,0.0,0.0,47,396.0,2,0.0,0.0,19.0,17.40301456837915,0,9,11,93.0,0,0.0,0.0,-2.0,122.0,5.0,2.5917365161389103,0,19.192424242424245,0.40102225672877845,-0.02170689643438218,0.5863385575891003,0.0,60.9,7,0.05263157894736842,-0.001015744032503809,0.14285714285714285,0.07813477319504958,0.05366416618580496,0.0,0.06329113924050633,0.054945054945054944,0.02683208309290248,0.04293133294864397,0.4449760765550239,0.10189207311740184,Keaton Mitchell,RB,69.9,6.800000000000001
00-0038465,2023,REG,0,0,0.0,0,0.0,0.0,0.0,0,0,0.0,0.0,0.0,0.0,0,0.0,0.0,0,0.0,0,0.0,0.0,0.0,0.0,0,15,24,125.0,1,0.0,0.0,210.0,35.0,6.0,4.743851487571687,0,11.407608171256104,0.7385906250478934,0.7761621245464534,1.6511994247543575,0.0,18.5,12,0.05970149253731343,0.06231454005934718,0.02468265162200282,0.1394038708534479,0.04071661237785016,0.038461538461538464,0.03870967741935484,0.03867403314917127,0.03958907541969431,0.040265597594587824,0.31094527363184077,0.02938854285463637,Malik Heath,WR,33.5,31.700000000000003
00-0038476,2023,REG,114,178,1101.0,8,3.0,37.0,196.0,0,0,1149.0,583.0,46.0,-49.32223220494569,0,9.881571799517314,0.11444606678181168,36,195.0,1,2.0,1.0,7.0,-3.230508171973908,0,0,0,0.0,0,0.0,0.0,0.0,0.0,0.0,0.0,0,0.0,0.0,0.0,0.0,0.0,93.54,9,0.0,0.0,0.0,0.0,0.0,0.0,0.0,0.0,0.0,0.0,0.0,0.15441249298425172,Tommy DeVito,QB,104.55,16.050000000000004
00-0038496,2023,REG,0,0,0.0,0,0.0,0.0,0.0,0,0,0.0,0.0,0.0,0.0,0,0.0,0.0,8,68.0,1,1.0,0.0,4.0,3.8386966165271588,0,21,38,229.0,0,0.0,0.0,358.0,109.0,9.0,-0.6364557228929275,0,8.267174379679014,1.163154073448191,1.4775558274854699,2.7790201894121154,1.0,41.7,14,0.07421875,0.10838631547078413,0.07213765718067505,0.1980371773766273,0.08043554618897085,0.0,0.06716417910447761,0.0625,0.040217773094485425,0.06434843695117669,0.447265625,0.06722562936912982,Xavier Gipson,WR,56.7,16.4
00-0038542,2023,REG,0,0,0.0,0,0.0,0.0,0.0,0,0,0.0,0.0,0.0,0.0,0,0.0,0.0,214,976.0,4,4.0,3.0,50.0,-26.706271382120423,0,58,86,487.0,4,0.0,0.0,24.0,519.0,24.0,-12.915696720455113,0,15.036897497366605,2.9436125664840835,-0.14706997654504322,4.312469866144595,0.0,188.3,17,0.16226415094339622,0.005523590333716916,0.29338609383832676,0.24781509868206789,0.12900662251655629,0.23529411764705882,0.13259668508287292,0.1414141414141414,0.18215037008180757,0.15026412154265678,0.9188679245283019,0.19221164351490558,Bijan Robinson,RB,246.3,339.7
00-0038543,2023,REG,0,0,0.0,0,0.0,0.0,0.0,0,0,0.0,0.0,0.0,0.0,0,0.0,0.0,0,0.0,0,0.0,0.0,0.0,0.0,0,63,93,628.0,4,0.0,0.0,569.0,366.0,29.0,12.165431976956654,0,16.64024689087041,2.9805837250743874,2.4018965918670503,6.152203201918516,0.0,86.8,17,0.1617391304347826,0.13807328318369327,0.1812778603268945,0.3530673221991285,0.15070794336453083,0.17391304347826086,0.15343915343915343,0.15566037735849056,0.16231049342139586,0.15534896338727686,1.0921739130434782,0.1080511836581601,Jaxon Smith-Njigba,WR,149.8,253.35
00-0038544,2023,REG,0,0,0.0,0,0.0,0.0,0.0,0,0,0.0,0.0,0.0,0.0,0,0.0,0.0,3,9.0,0,0.0,0.0,0.0,-0.9055283989291638,0,38,67,431.0,2,0.0,0.0,861.0,152.0,20.0,7.059383286199804,0,13.193708050214179,1.879454844785966,3.4974469135069617,5.267395106633822,0.0,56.0,17,0.1060126582278481,0.1819142193112191,0.06985294117647059,0.30455036279074743,0.09995361781076066,0.08333333333333333,0.09803921568627451,0.09649122807017543,0.091643475572047,0.09662956091527519,0.6819620253164557,0.06469908044711194,Quentin Johnston,WR,94.0,174.70000000000002
00-0038547,2023,REG,0,0,0.0,0,0.0,0.0,0.0,0,0,0.0,0.0,0.0,0.0,0,0.0,0.0,0,0.0,0,0.0,0.0,0.0,0.0,0,8,15,65.0,2,0.0,0.0,81.0,27.0,5.0,-4.434511691703607,0,9.047619047619047,0.41946523600935365,0.3065715687756653,0.8437979521569963,0.0,18.5,11,0.03676470588235294,0.02516309412861137,0.02050113895216401,0.07527753412641851,0.020401757689893284,0.07407407407407407,0.03225806451612903,0.038461538461538464,0.04723791588198368,0.031136220966729442,0.15931372549019607,0.02266235654300717,Luke Schoonmaker,TE,28.2,57.1
00-0038551,2023,REG,0,0,0.0,0,0.0,0.0,0.0,0,0,0.0,0.0,0.0,0.0,0,0.0,0.0,41,156.0,1,0.0,0.0,10.0,-3.0978242640849203,0,10,11,117.0,0,0.0,0.0,-8.0,128.0,5.0,5.604395734902937,0,0.8666666666666663,0.36493857366982146,-0.05368767083300162,0.509826490921631,0.0,33.3,7,0.045454545454545456,-0.0037576326914044154,0.1686429512516469,0.06517571202869464,0.06818181818181818,0.0,0.0641025641025641,0.054945054945054944,0.03409090909090909,0.05454545454545454,0.4834710743801653,0.06706523759370547,Kendre Miller,RB,43.3,29.1
00-0038555,2023,REG,0,0,0.0,0,0.0,0.0,0.0,0,0,0.0,0.0,0.0,0.0,0,0.0,0.0,50,132.0,2,1.0,1.0,12.0,-12.336056941567222,0,1,4,6.0,0,0.0,0.0,6.0,5.0,0.0,-13.688695142627694,0,6.0,0.12422235023041475,0.026045096939954472,0.20456509320359026,0.0,23.8,13,0.008988764044943821,0.001786777843954735,0.0033783783783783786,0.014912568342579518,0.0018298261665141812,0.0,0.0,0.0,0.0009149130832570906,0.001463860933211345,0.01348314606741573,0.022430041784997194,Tank Bigsby,RB,24.8,129.0
00-0038558,2023,REG,0,0,0.0,0,0.0,0.0,0.0,0,0,0.0,0.0,0.0,0.0,0,0.0,0.0,0,0.0,0,0.0,0.0,0.0,0.0,0,7,10,61.0,0,0.0,0.0,11.0,50.0,4.0,1.19134930105065,0,28.0,0.34988332728738736,0.052824614749513554,0.5618022212557405,0.0,6.1000000000000005,8,0.04219409282700422,0.006387921022067364,0.061124694376528114,0.06840147605816023,0.04050464807436919,0.0,0.06060606060606061,0.056338028169014086,0.020252324037184594,0.03240371845949535,0.25738396624472576,0.023266552998010802,Darnell Washington,TE,13.100000000000001,46.9
00-0038559,2023,REG,0,0,0.0,0,0.0,0.0,0.0,0,0,0.0,0.0,0.0,0.0,0,0.0,0.0,0,0.0,0,0.0,0.0,0.0,0.0,0,38,58,565.0,3,0.0,0.0,720.0,139.0,29.0,18.05579741826415,1,10.3527402015367,1.7739118569406394,3.3158398362825796,4.981955670808765,0.0,76.5,13,0.13272311212814644,0.2181157225083308,0.10396409872849663,0.3735772461988843,0.2049328980776206,0.2,0.20567375886524822,0.20512820512820512,0.2024664490388103,0.20394631846209652,1.2929061784897025,0.10604011928355776,Michael Wilson,WR,112.5,124.5
00-0038563,2023,REG,0,0,0.0,0,0.0,0.0,0.0,0,0,0.0,0.0,0.0,0.0,0,0.0,0.0,10,77.0,0,0.0,0.0,4.0,1.2450567943742499,0,19,34,331.0,2,0.0,0.0,624.0,28.0,12.0,6.242420197464526,0,5.026942773237468,1.0482465752556547,2.3719499145734133,3.2327348030848713,0.0,52.8,13,0.07962529274004684,0.19790675547098002,0.022257551669316374,0.2777633434868543,0.119150467962563,0.125,0.0851063829787234,0.08917197452229299,0.1220752339812815,0.12032037437005041,0.775175644028103,0.07479010853940543,Tre Tucker,WR,71.8,129.3
00-0038573,2023,REG,0,0,0.0,0,0.0,0.0,0.0,0,0,0.0,0.0,0.0,0.0,0,0.0,0.0,14,101.0,0,0.0,0.0,5.0,5.187934546498582,0,15,17,66.0,0,0.0,0.0,-38.0,115.0,0.0,-5.932091548147568,0,8.90909090909091,0.5115936354458136,-0.19472810168817026,0.6310807819870012,1.0,22.700000000000003,14,0.03294573643410853,-0.009819121447028423,0.06284153005464481,0.04156330749354006,0.018343524180100056,0.0,0.0,0.0,0.009171762090050028,0.014674819344080046,0.12790697674418605,0.030133000831255193,Derius Davis,WR,31.700000000000003,41.2
00-0038576,2023,REG,0,0,0.0,0,0.0,0.0,0.0,0,0,0.0,0.0,0.0,0.0,0,0.0,0.0,2,13.0,0,0.0,0.0,1.0,1.0999452469404787,0,7,9,64.0,0,0.0,0.0,79.0,38.0,3.0,2.376261502795387,0,2.6792717086834736,0.2506211180124224,0.4788322364874093,0.71111424255982,1.0,13.7,5,0.04455445544554455,0.061383061383061384,0.05198358413132695,0.11593813227476595,0.0486322188449848,0.0,0.046153846153846156,0.0410958904109589,0.0243161094224924,0.038905775075987845,0.31683168316831684,0.04552051721863042,Charlie Jones,WR,14.7,1.5
00-0038579,2023,REG,213,343,2218.0,12,7.0,24.0,173.0,3,2,2561.0,1063.0,107.0,-16.852607789448424,0,9.940861615407023,0.7888871767982915,17,11.0,1,1.0,0.0,7.0,-4.116635266691446,0,0,0,0.0,0,0.0,0.0,0.0,0.0,0.0,0.0,0,0.0,0.0,0.0,0.0,0.0,125.82000000000001,11,0.0,0.0,0.0,0.0,0.0,0.0,0.0,0.0,0.0,0.0,0.0,0.1513241767493325,Aidan O'Connell,QB,148.0,109.60000000000001
00-0038582,2023,REG,12,21,62.0,0,2.0,7.0,41.0,1,1,53.0,43.0,3.0,-34.74954317265656,0,2.183673469387755,-0.031238263083239848,8,30.0,1,1.0,0.0,3.0,-0.6412857836985495,1,0,0,0.0,0,0.0,0.0,0.0,0.0,0.0,0.0,0,0.0,0.0,0.0,0.0,0.0,7.4799999999999995,6,0.0,0.0,0.0,0.0,0.0,0.0,0.0,0.0,0.0,0.0,0.0,0.01726127290349379,Clayton Tune,QB,6.1,-2.0
00-0038583,2023,REG,60,112,440.0,1,4.0,6.0,60.0,1,0,662.0,204.0,26.0,-38.58013009677772,0,2.150558394820101,-0.04753168585347047,14,65.0,0,1.0,0.0,4.0,0.7321055858046748,1,0,0,0.0,0,0.0,0.0,0.0,0.0,0.0,0.0,0,0.0,0.0,0.0,0.0,0.0,22.099999999999998,7,0.0,0.0,0.0,0.0,0.0,0.0,0.0,0.0,0.0,0.0,0.0,0.038422754615946304,Dorian Thompson-Robinson,QB,24.5,20.2
00-0038589,2023,REG,0,0,0.0,0,0.0,0.0,0.0,0,0,0.0,0.0,0.0,0.0,0,0.0,0.0,0,0.0,0,0.0,0.0,0.0,0.0,0,9,15,94.0,1,0.0,0.0,146.0,40.0,8.0,3.782551838114159,0,7.582792207792208,0.5268571533277415,0.4771719139237368,1.124306069738228,0.0,15.4,8,0.06302521008403361,0.06491774121831925,0.05228758169934641,0.14647200810070582,0.055819477434679333,0.2,0.10256410256410256,0.10843373493975904,0.12790973871733968,0.08465558194774347,0.3949579831932773,0.04448820333296867,Josh Whyle,TE,24.4,58.800000000000004
00-0038597,2023,REG,0,0,0.0,0,0.0,0.0,0.0,0,0,0.0,0.0,0.0,0.0,0,0.0,0.0,44,179.0,0,1.0,0.0,6.0,-9.011016155281297,0,14,15,156.0,1,0.0,0.0,-45.0,194.0,4.0,6.435282231483143,0,-9.192063492063493,0.46928043879656783,-0.3144932806670776,0.4837753617278974,0.0,39.5,10,0.04155124653739612,-0.021469465648854963,0.13002680965147453,0.045151297287010214,0.06136900078678206,0.058823529411764705,0.031007751937984496,0.03424657534246575,0.060096265099273384,0.0608599065117786,0.43213296398891965,0.05847761455054215,Chase Brown,RB,53.5,253.0
00-0038606,2023,REG,0,0,0.0,0,0.0,0.0,0.0,0,0,0.0,0.0,0.0,0.0,0,0.0,0.0,0,0.0,0,0.0,0.0,0.0,0.0,0,16,21,132.0,2,1.0,1.0,155.0,34.0,5.0,-1.5196061322349124,0,5.249064039408867,0.5167053821803103,0.37070423737686525,1.034551039434271,0.0,23.200000000000003,6,0.08641975308641975,0.06913470115967886,0.05448717948717949,0.1849373905573727,0.08224299065420561,0.2,0.06578947368421052,0.08139534883720931,0.1411214953271028,0.10579439252336449,0.5432098765432098,0.07306616961789376,Parker Washington,WR,39.2,89.0
00-0038608,2023,REG,0,0,0.0,0,0.0,0.0,0.0,0,0,0.0,0.0,0.0,0.0,0,0.0,0.0,0,0.0,0,0.0,0.0,0.0,0.0,0,2,7,19.0,0,0.0,0.0,125.0,10.0,1.0,-2.6910366584779695,0,1.4722222222222223,0.16967846967846967,0.5353028662980404,0.6292297109263327,0.0,1.9000000000000001,3,0.0603448275862069,0.19171779141104295,0.020964360587002098,0.2438914745081447,0.0290519877675841,0.0,0.02857142857142857,0.02631578947368421,0.01452599388379205,0.02324159021406728,0.16379310344827586,0.01721398305084746,Kayshon Boutte,WR,3.9000000000000004,119.9
00-0038611,2023,REG,0,0,0.0,0,0.0,0.0,0.0,0,0,0.0,0.0,0.0,0.0,0,0.0,0.0,51,247.0,2,1.0,1.0,14.0,-3.4841602042724844,0,2,2,12.0,0,0.0,0.0,-7.0,19.0,1.0,0.45433003921061754,0,-4.5,0.05505952380952381,-0.03291046148189005,0.05955196267696267,0.0,35.900000000000006,8,0.007168458781362007,-0.0031376064545047063,0.024390243902439025,0.008242603008439247,0.007198560287942412,0.0,0.013157894736842105,0.011764705882352941,0.003599280143971206,0.00575884823035393,0.043010752688172046,0.0633270953081139,Chris Rodriguez,RB,37.900000000000006,31.5
00-0038618,2023,REG,0,0,0.0,0,0.0,0.0,0.0,0,0,0.0,0.0,0.0,0.0,0,0.0,0.0,5,49.0,0,0.0,0.0,3.0,2.8702967594144866,0,8,19,90.0,0,0.0,0.0,216.0,20.0,3.0,-6.574253347999138,0,4.504796171570366,0.5915638506157459,0.8130872804930778,1.4565068722687733,0.0,13.9,11,0.046798029556650245,0.061155152887882216,0.01563721657544957,0.11912116664528113,0.030333670374115267,0.0,0.02127659574468085,0.018867924528301886,0.015166835187057633,0.024266936299292215,0.22167487684729065,0.02245739248138805,Xavier Hutchinson,WR,26.8,37.3
00-0038619,2023,REG,0,0,0.0,0,0.0,0.0,0.0,0,0,0.0,0.0,0.0,0.0,0,0.0,0.0,0,0.0,0,0.0,0.0,0.0,0.0,0,15,25,116.0,4,0.0,0.0,215.0,35.0,11.0,5.361129631346557,0,10.439693905913419,0.7347265234765235,1.1696360135934298,1.9208349947301862,0.0,35.6,9,0.07462686567164178,0.09871441689623507,0.026495079485238455,0.19091183202445072,0.045633359559402044,0.21052631578947367,0.08943089430894309,0.1056338028169014,0.12807983767443787,0.07861195080541637,0.34626865671641793,0.05783650329188003,Andrei Iosivas,WR,50.6,119.9
00-0038621,2023,REG,0,0,0.0,0,0.0,0.0,0.0,0,0,0.0,0.0,0.0,0.0,0,0.0,0.0,8,41.0,0,0.0,0.0,2.0,1.0250696777366102,0,49,79,561.0,0,1.0,1.0,648.0,336.0,26.0,-5.602887880623224,0,31.94483736170223,2.506996317992386,3.165880833492059,5.97661106043302,0.0,58.2,14,0.16772823779193205,0.18848167539267016,0.22236929185969556,0.40237769700203424,0.19957310565635006,0.0,0.2,0.18181818181818182,0.09978655282817503,0.15965848452508005,1.1910828025477707,0.11263580389602203,Demario Douglas,WR,107.2,147.70000000000002
00-0038622,2023,REG,0,0,0.0,0,0.0,0.0,0.0,0,0,0.0,0.0,0.0,0.0,0,0.0,0.0,23,40.0,0,0.0,0.0,1.0,-12.909250165859703,0,7,7,40.0,0,0.0,0.0,-6.0,46.0,1.0,0.7451961804763414,0,10.25,0.19707469707469707,-0.01681359486688995,0.2838425292052227,0.0,8.0,6,0.033816425120772944,-0.003464203233256351,0.06267029972752043,0.04795327509455433,0.024140012070006035,0.0,0.013333333333333334,0.011764705882352941,0.012070006035003017,0.01931200965600483,0.1932367149758454,0.025528438680690286,Deuce Vaughn,RB,15.0,11.8
00-0038640,2023,REG,0,0,0.0,0,0.0,0.0,0.0,0,0,0.0,0.0,0.0,0.0,0,0.0,0.0,0,0.0,0,0.0,0.0,0.0,0.0,0,6,6,64.0,0,0.0,0.0,36.0,28.0,4.0,3.8548707699228544,0,3.742857142857143,0.1471590909090909,0.0773605896259213,0.27489104910178125,0.0,6.4,3,0.05172413793103448,0.03152364273204904,0.0687960687960688,0.10280512108219096,0.05755395683453238,0.0,0.07017543859649122,0.057971014492753624,0.02877697841726619,0.04604316546762591,0.5517241379310345,0.028665217994359428,Jalen Brooks,WR,12.4,35.7
00-0038647,2023,REG,0,0,0.0,0,0.0,0.0,0.0,0,0,0.0,0.0,0.0,0.0,0,0.0,0.0,0,0.0,0,0.0,0.0,0.0,0.0,0,6,13,68.0,3,0.0,0.0,160.0,10.0,5.0,6.735426280842981,0,3.113900796080833,0.4817054622936976,0.7246690394448403,1.2298265210519346,0.0,24.8,8,0.05439330543933055,0.08597528210639441,0.009940357852882704,0.15037018384411135,0.03140877598152425,0.16666666666666666,0.04854368932038835,0.06611570247933884,0.09903772132409545,0.058460354118552736,0.28451882845188287,0.03722504230118443,Ronnie Bell,WR,30.8,4.2
00-0038678,2023,REG,0,0,0.0,0,0.0,0.0,0.0,0,0,0.0,0.0,0.0,0.0,0,0.0,0.0,0,0.0,0,0.0,0.0,0.0,0.0,0,0,2,0.0,0,0.0,0.0,10.0,0.0,0.0,-1.3712282797787338,0,0.0,0.08,0.050505050505050504,0.15535353535353535,0.0,0.0,1,0.07142857142857142,0.04291845493562232,0.0,0.14147762109135498,0.0,0.0,0.0,0.0,0.0,0.0,0.0,0.0,Jordan Mims,RB,0.0,26.099999999999998
00-0038685,2023,REG,0,0,0.0,0,0.0,0.0,0.0,0,0,0.0,0.0,0.0,0.0,0,0.0,0.0,19,106.0,0,0.0,0.0,2.0,-3.3922051011468284,0,0,0,0.0,0,0.0,0.0,0.0,0.0,0.0,0.0,0,0.0,0.0,0.0,0.0,0.0,10.600000000000001,3,0.0,0.0,0.0,0.0,0.0,0.0,0.0,0.0,0.0,0.0,0.0,0.02669352807856963,Chris Brooks,RB,10.600000000000001,45.1
00-0038705,2023,REG,0,0,0.0,0,0.0,0.0,0.0,0,0,0.0,0.0,0.0,0.0,0,0.0,0.0,58,284.0,2,0.0,0.0,12.0,-5.2967349450051175,0,21,30,119.0,0,0.0,0.0,27.0,109.0,4.0,-14.946506310184343,0,49.925,0.8640729898034049,0.11516772405102768,1.3767268915408268,0.0,52.300000000000004,11,0.07692307692307693,0.008997000999666778,0.09873188405797101,0.12258221618434881,0.05021097046413502,0.0,0.03305785123966942,0.029411764705882353,0.02510548523206751,0.04016877637130802,0.30512820512820515,0.07719852553975777,Emari Demercado,RB,73.3,54.7
00-0038720,2023,REG,0,0,0.0,0,0.0,0.0,0.0,0,0,0.0,0.0,0.0,0.0,0,0.0,0.0,0,0.0,0,0.0,0.0,0.0,0.0,0,6,9,48.0,0,1.0,1.0,29.0,30.0,2.0,-3.4663205576944165,0,7.970238095238095,0.2907984607984608,0.12023769175597704,0.5203640754268751,0.0,2.8000000000000003,6,0.04455445544554455,0.018494897959183673,0.03525264394829612,0.08162760153566377,0.027939464493597205,0.0,0.025974025974025976,0.021739130434782608,0.013969732246798603,0.022351571594877766,0.2376237623762376,0.013278609367455336,Julian Hill,TE,8.8,22.0
00-0038738,2023,REG,0,0,0.0,0,0.0,0.0,0.0,0,0,0.0,0.0,0.0,0.0,0,0.0,0.0,6,19.0,1,0.0,0.0,5.0,4.696443124208599,0,3,4,18.0,0,0.0,0.0,-2.0,16.0,1.0,-1.2384939483599737,0,13.0,0.11041606446018211,0.005172985296777739,0.16924518639801758,0.0,9.7,6,0.01818181818181818,-0.001266624445851805,0.023564064801178203,0.02625942771604583,0.011264080100125156,0.0,0.013157894736842105,0.011494252873563218,0.005632040050062578,0.009011264080100124,0.08181818181818182,0.022730526918671248,Hunter Luepke,RB,12.7,26.900000000000002
00-0038752,2023,REG,0,0,0.0,0,0.0,0.0,0.0,0,0,0.0,0.0,0.0,0.0,0,0.0,0.0,1,3.0,1,0.0,0.0,1.0,0.7756043871340808,0,19,25,196.0,2,0.0,0.0,150.0,87.0,9.0,8.033546223537996,0,16.19060649135276,0.787525720749405,0.5731900723208869,1.5825216317487283,0.0,37.9,14,0.05102040816326531,0.0423728813559322,0.05046403712296984,0.11042891732964372,0.05400936897216864,0.1,0.05421686746987952,0.05913978494623656,0.07700468448608433,0.06320749517773491,0.4,0.04664852102052863,Jake Bobo,WR,56.900000000000006,29.7
00-0038783,2023,REG,0,0,0.0,0,0.0,0.0,0.0,0,0,0.0,0.0,0.0,0.0,0,0.0,0.0,0,0.0,0,0.0,0.0,0.0,0.0,0,4,5,22.0,0,0.0,0.0,-5.0,24.0,1.0,1.5452797129401006,0,11.0,0.1834045584045584,-0.03966326294570569,0.24734255354484364,0.0,2.2,4,0.03968253968253968,-0.005025125628140704,0.04838709677419355,0.055503709021296956,0.023939064200217627,0.0,0.024390243902439025,0.020833333333333332,0.011969532100108813,0.019151251360174103,0.1746031746031746,0.019038260762758705,Nate Adkins,TE,6.2,43.5
00-0038794,2023,REG,0,0,0.0,0,0.0,0.0,0.0,0,0,0.0,0.0,0.0,0.0,0,0.0,0.0,76,410.0,1,0.0,0.0,16.0,5.87916513410164,0,31,36,160.0,2,0.0,0.0,-140.0,290.0,5.0,1.971246713945415,0,-18.296192696192694,1.291958958984821,-0.8447327864615842,1.3466254879541226,0.0,75.0,17,0.07017543859649122,-0.03729355354288759,0.1401643305944901,0.07542831506042677,0.044868199663488505,0.07142857142857142,0.032467532467532464,0.038461538461538464,0.05814838554602997,0.050180274016505086,0.31189083820662766,0.08010640548955594,Jaleel McLaughlin,RB,106.0,98.00000000000001
00-0038797,2023,REG,0,0,0.0,0,0.0,0.0,0.0,0,0,0.0,0.0,0.0,0.0,0,0.0,0.0,14,85.0,0,0.0,0.0,2.0,0.5645331993582658,0,4,5,23.0,0,0.0,0.0,-4.0,30.0,1.0,0.8509028874395881,0,9.357142857142858,0.13838739290085678,-0.022379519395510257,0.191915425774428,0.0,10.8,5,0.029940119760479042,-0.002857142857142857,0.05319148936170213,0.042624465355004276,0.01993067590987868,0.0,0.016129032258064516,0.014084507042253521,0.00996533795493934,0.015944540727902946,0.1377245508982036,0.034357879097409234,Emanuel Wilson,RB,20.5,99.9
00-0038809,2023,REG,0,0,0.0,0,0.0,0.0,0.0,0,0,0.0,0.0,0.0,0.0,0,0.0,0.0,0,0.0,0,0.0,0.0,0.0,0.0,0,4,6,21.0,1,0.0,0.0,30.0,18.0,3.0,2.0139265662874095,0,4.0,0.1848270630091117,0.12562730052815976,0.36517970488337936,0.0,8.1,6,0.029556650246305417,0.018315018315018316,0.026124818577648767,0.058986990021472785,0.014112903225806451,0.07692307692307693,0.038461538461538464,0.04395604395604396,0.04551799007444169,0.026674937965260548,0.10344827586206896,0.02193936756599942,Ben Sims,TE,13.5,8.200000000000001
00-0038821,2023,REG,0,0,0.0,0,0.0,0.0,0.0,0,0,0.0,0.0,0.0,0.0,0,0.0,0.0,1,0.0,0,0.0,0.0,0.0,-0.47981417417759076,0,4,9,60.0,0,0.0,0.0,142.0,27.0,1.0,-1.1475128345191479,0,2.1913043478260867,0.23679852596826506,0.46265703603019526,0.6790577141735342,0.0,6.000000000000001,6,0.0391304347826087,0.08236658932714618,0.034974093264248704,0.12458892363563,0.040160642570281124,0.0,0.014492753623188406,0.012658227848101266,0.020080321285140562,0.032128514056224904,0.2608695652173913,0.019210081450745348,Rakim Jarrett,WR,10.0,21.400000000000002
00-0038933,2023,REG,0,0,0.0,0,0.0,0.0,0.0,0,0,0.0,0.0,0.0,0.0,0,0.0,0.0,0,0.0,0,0.0,0.0,0.0,0.0,0,73,91,673.0,2,1.0,1.0,538.0,315.0,29.0,12.599507631164279,0,24.235689428579914,2.8570026868610614,2.0297901080624476,5.7063571059353055,0.0,77.30000000000001,16,0.1657559198542805,0.11307271963009669,0.16535433070866143,0.33909205548549815,0.16267826927725404,0.07407407407407407,0.15508021390374332,0.14485981308411214,0.11837617167566405,0.14495743023661806,1.2258652094717668,0.09851990718284195,Dalton Kincaid,TE,174.70000000000002,113.9
00-0038935,2023,REG,0,0,0.0,0,0.0,0.0,0.0,0,0,0.0,0.0,0.0,0.0,0,0.0,0.0,0,0.0,0,0.0,0.0,0.0,0.0,0,5,9,35.0,1,0.0,0.0,68.0,28.0,2.0,-0.46192139575155755,0,4.568181818181818,0.3033844704251436,0.29455804931526897,0.6612673401584037,0.0,9.499999999999998,5,0.05454545454545454,0.05704697986577181,0.053231939163498096,0.12745576571079928,0.030381944444444444,0.25,0.0392156862745098,0.05454545454545454,0.1401909722222222,0.07430555555555556,0.21212121212121213,0.036489002969449895,Brenton Strange,TE,14.499999999999998,91.1
00-0038938,2023,REG,0,0,0.0,0,0.0,0.0,0.0,0,0,0.0,0.0,0.0,0.0,0,0.0,0.0,0,0.0,0,0.0,0.0,0.0,0.0,0,23,40,373.0,0,1.0,0.0,841.0,48.0,11.0,3.0651579910464015,0,5.802390617893949,1.4094408641830614,3.5189783979951295,4.5774461748711825,0.0,37.3,13,0.09828009828009827,0.27015740443302283,0.036226415094339624,0.36354607096656566,0.13255152807391613,0.0,0.09322033898305085,0.08333333333333333,0.06627576403695806,0.1060412224591329,0.9164619164619164,0.0622895275086255,Jalin Hyatt,WR,60.3,14.2
00-0038941,2023,REG,0,0,0.0,0,0.0,0.0,0.0,0,0,0.0,0.0,0.0,0.0,0,0.0,0.0,7,41.0,0,0.0,0.0,2.0,0.2591785707627423,0,17,32,168.0,0,1.0,1.0,370.0,70.0,10.0,-11.053834886963601,0,11.708231992745631,1.1951194612832543,2.047858004690124,3.2261797952079685,0.0,18.900000000000002,13,0.08184143222506395,0.1255088195386703,0.05573248407643312,0.22316920396853215,0.06611570247933884,0.0,0.07633587786259542,0.06944444444444445,0.03305785123966942,0.05289256198347108,0.4296675191815857,0.03761762055451936,Tyler Scott,WR,35.900000000000006,1.5
00-0038951,2023,REG,0,0,0.0,0,0.0,0.0,0.0,0,0,0.0,0.0,0.0,0.0,0,0.0,0.0,15,23.0,0,0.0,0.0,1.0,-6.209175009164028,0,2,2,9.0,0,0.0,0.0,-3.0,12.0,0.0,-0.1717009178828448,0,-3.0,0.0625,-0.0125,0.085,0.0,3.2000000000000006,3,0.021505376344086023,-0.00390625,0.04225352112676056,0.029133064516129032,0.014150943396226415,0.0,0.0,0.0,0.007075471698113208,0.011320754716981133,0.0967741935483871,0.023589185265831973,Sean Tucker,RB,5.2,68.7
00-0038976,2023,REG,0,0,0.0,0,0.0,0.0,0.0,0,0,0.0,0.0,0.0,0.0,0,0.0,0.0,9,30.0,0,0.0,0.0,2.0,-1.3348473097430542,0,22,33,377.0,1,0.0,0.0,497.0,154.0,9.0,9.032453146143975,0,16.62048748064548,1.1491042482421792,1.9500380105120891,3.0886829797217312,1.0,52.7,15,0.0718954248366013,0.1463917525773196,0.08383233532934131,0.22495653931675763,0.11610717585463505,0.038461538461538464,0.06293706293706294,0.05917159763313609,0.07728435715808676,0.10057804837601574,0.8213507625272332,0.06183877216510207,Marvin Mims,WR,68.7,132.8
00-0038977,2023,REG,0,0,0.0,0,0.0,1.0,1.0,0,0,0.0,0.0,0.0,-0.7774166874005459,0,0.0,0.0,11,51.0,0,0.0,0.0,3.0,-0.15540222637355328,0,47,75,709.0,7,0.0,0.0,1070.0,152.0,34.0,31.022283270102868,0,7.137340817961059,2.103566643615392,3.1227843985330797,5.341299044396244,0.0,118.0,10,0.20491803278688525,0.3219981944026482,0.12121212121212122,0.5649756047024465,0.2305691056910569,0.3888888888888889,0.23129251700680273,0.24848484848484848,0.3097289972899729,0.2622330623306233,1.9371584699453552,0.16938712657838004,Tank Dell,WR,165.0,140.0
00-0038979,2023,REG,0,0,0.0,0,0.0,0.0,0.0,0,0,0.0,0.0,0.0,0.0,0,0.0,0.0,1,8.0,0,0.0,0.0,0.0,0.23409246746450663,0,21,44,224.0,0,0.0,0.0,468.0,88.0,12.0,-26.516042324695917,0,6.005254456966088,1.2403107592784437,1.4858436612233956,2.9005567017740423,0.0,23.200000000000003,11,0.10501193317422435,0.1345214141994826,0.07302904564315353,0.2651350311209226,0.08293224731580896,0.0,0.10434782608695652,0.08955223880597014,0.04146612365790448,0.06634579785264717,0.5346062052505967,0.04798401980155026,Cedric Tillman,WR,44.2,78.4
00-0038994,2023,REG,0,0,0.0,0,0.0,0.0,0.0,0,0,0.0,0.0,0.0,0.0,0,0.0,0.0,1,2.0,0,0.0,0.0,0.0,-0.4106065997038968,0,70,108,911.0,10,0.0,0.0,1347.0,262.0,38.0,26.098682321514307,0,12.336681768947287,3.0040475505757818,4.837450364869166,7.892286581272089,0.0,151.3,17,0.17115689381933438,0.27322515212981746,0.1360332294911734,0.47531546243285555,0.19382978723404257,0.3333333333333333,0.17272727272727273,0.192,0.26358156028368795,0.22173049645390075,1.4437400950871633,0.14565918515105641,Jordan Addison,WR,221.3,218.4
00-0038996,2023,REG,0,0,0.0,0,0.0,0.0,0.0,0,0,0.0,0.0,0.0,0.0,0,0.0,0.0,0,0.0,0,0.0,0.0,0.0,0.0,0,31,40,355.0,2,0.0,0.0,156.0,232.0,18.0,17.774812822950842,0,24.085930735930734,1.2035510711013808,0.6409577962769971,2.253997064045969,0.0,47.5,10,0.11235955056179775,0.053479602331162154,0.20121422376409367,0.21132300770762635,0.13041880969875091,0.09523809523809523,0.13432835820895522,0.12903225806451613,0.11282845246842307,0.12338266680661979,0.9971910112359551,0.08101302400462342,Tucker Kraft,TE,91.9,169.9
00-0038997,2023,REG,0,0,0.0,0,0.0,0.0,0.0,0,0,0.0,0.0,0.0,0.0,0,0.0,0.0,0,0.0,0,0.0,0.0,0.0,0.0,0,68,98,771.0,2,0.0,0.0,707.0,371.0,30.0,26.507601022795914,0,23.501008831227864,2.9465459404658887,2.9015453283740356,6.450900640560658,0.0,89.10000000000001,17,0.17073170731707318,0.16615746180963573,0.1991411701556629,0.3890235304233184,0.19860896445131376,0.1111111111111111,0.16853932584269662,0.16326530612244897,0.15486003778121243,0.18110939378327326,1.343205574912892,0.11348040277958363,Josh Downs,WR,157.1,182.2
00-0039021,2023,REG,0,0,0.0,0,0.0,0.0,0.0,0,0,0.0,0.0,0.0,0.0,0,0.0,0.0,81,352.0,2,1.0,0.0,16.0,-6.616163542861621,0,34,40,209.0,0,0.0,0.0,-33.0,247.0,6.0,-6.066275085396026,0,-39.8511544011544,1.2893060164799295,-0.16040274892246006,1.8216771004741723,0.0,68.1,15,0.08695652173913043,-0.009217877094972068,0.15987055016181229,0.123060480932718,0.06703014753046825,0.0,0.039735099337748346,0.03550295857988166,0.033515073765234125,0.053624118024374605,0.4543478260869565,0.08917653635188484,Roschon Johnson,RB,102.1,77.4
00-0039032,2023,REG,0,0,0.0,0,0.0,0.0,0.0,0,0,0.0,0.0,0.0,0.0,0,0.0,0.0,100,453.0,2,0.0,0.0,24.0,-0.7362318725697152,0,52,70,385.0,1,1.0,0.0,-12.0,460.0,17.0,-1.3609572621010928,0,20.728174603174605,2.4329752706223293,-0.08852622292391718,3.587494549886752,0.0,101.80000000000001,17,0.1417004048582996,-0.0026263952724885093,0.2882205513784461,0.2104494910694586,0.109624145785877,0.07142857142857142,0.10759493670886076,0.10465116279069768,0.09052635860722422,0.1019850309144159,0.7793522267206477,0.1296489867484911,Tyjae Spears,RB,153.8,113.60000000000001
00-0039040,2023,REG,0,0,0.0,0,0.0,1.0,6.0,0,0,0.0,0.0,0.0,-1.4337288234382868,0,0.0,0.0,103,800.0,8,1.0,1.0,30.0,33.23397523668477,0,27,37,197.0,3,0.0,0.0,26.0,262.0,10.0,1.49171892736697,0,-8.771987661461345,1.1952619358704553,-0.02018833536099244,1.778761069052988,0.0,163.7,11,0.10632183908045977,0.010216110019646365,0.16925064599483206,0.16765564663640672,0.06579826319305278,0.16666666666666666,0.07407407407407407,0.08496732026143791,0.11623246492985972,0.08597194388777556,0.5660919540229885,0.17319673768913593,De'Von Achane,RB,201.7,299.9
00-0039041,2023,REG,0,0,0.0,0,0.0,0.0,0.0,0,0,0.0,0.0,0.0,0.0,0,0.0,0.0,0,0.0,0,0.0,0.0,0.0,0.0,0,14,19,163.0,1,0.0,0.0,128.0,67.0,9.0,10.236289127060445,0,24.7030669599218,0.5837635645036698,0.577388019089495,1.2798169601181513,0.0,22.3,9,0.06291390728476821,0.0589590050667895,0.06460945033751206,0.14153806498058394,0.0836326321190354,0.1,0.09473684210526316,0.09523809523809523,0.0918163160595177,0.08690610569522833,0.5397350993377483,0.04740388633514417,Elijah Higgins,TE,36.3,49.2
00-0039050,2023,REG,0,0,0.0,0,0.0,0.0,0.0,0,0,0.0,0.0,0.0,0.0,0,0.0,0.0,0,0.0,0,0.0,0.0,0.0,0.0,0,5,7,58.0,0,0.0,0.0,69.0,16.0,3.0,3.6907551045296714,0,6.634920634920634,0.18547468638223033,0.2707450674230937,0.4677335767695111,0.0,5.800000000000001,6,0.03017241379310345,0.03614457831325301,0.0243161094224924,0.07417428334025758,0.040110650069156296,0.0,0.04,0.03614457831325301,0.020055325034578148,0.03208852005532504,0.25,0.022677641525281372,Payne Durham,TE,13.6,34.5
00-0039052,2023,REG,0,0,0.0,0,0.0,0.0,0.0,0,0,0.0,0.0,0.0,0.0,0,0.0,0.0,3,22.0,0,0.0,0.0,1.0,1.0916882276069373,0,39,68,385.0,3,3.0,1.0,736.0,103.0,17.0,-8.313565892752013,0,10.861252752257325,2.075765876964356,2.5376324609575853,4.889991538116844,0.0,56.7,17,0.11971830985915492,0.1512846865364851,0.05345096004151531,0.30060521401792045,0.09520276953511375,0.10714285714285714,0.09042553191489362,0.09259259259259259,0.10117281333898545,0.09759078705666244,0.6778169014084507,0.06927955058782649,Trey Palmer,WR,114.4,35.2
00-0039062,2023,REG,0,0,0.0,0,0.0,0.0,0.0,0,0,0.0,0.0,0.0,0.0,0,0.0,0.0,0,0.0,0,0.0,0.0,0.0,0.0,0,43,85,418.0,0,1.0,0.0,921.0,155.0,15.0,-24.64594388265273,0,6.8243988575800545,2.7776631792294584,3.8459480068123693,6.858658373612846,0.0,41.800000000000004,15,0.15858208955223882,0.21624794552711904,0.12520193861066237,0.41087149075005347,0.14183915846623685,0.0,0.10948905109489052,0.1,0.07091957923311842,0.11347132677298949,0.7798507462686567,0.08200526071483831,Jonathan Mingo,WR,84.8,32.2
00-0039064,2023,REG,0,0,0.0,0,0.0,0.0,0.0,0,0,0.0,0.0,0.0,0.0,0,0.0,0.0,8,56.0,1,0.0,0.0,1.0,4.306115789804608,0,77,108,858.0,5,0.0,0.0,921.0,387.0,41.0,27.882609554954236,1,18.0264977428799,3.8204857945952666,3.819042619796298,8.404058525750308,0.0,129.4,16,0.2317596566523605,0.23500893084970656,0.2181510710259301,0.535646629658306,0.22971887550200804,0.19230769230769232,0.23976608187134502,0.233502538071066,0.2110132839048502,0.2222366388631449,1.8412017167381973,0.13895247071495892,Zay Flowers,WR,233.4,209.5
00-0039065,2023,REG,0,0,0.0,0,0.0,0.0,0.0,0,0,0.0,0.0,0.0,0.0,0,0.0,0.0,1,4.0,0,0.0,0.0,0.0,0.13318984856596217,0,86,120,889.0,10,0.0,0.0,851.0,358.0,48.0,38.32689501998984,2,27.27263897904674,3.630836411336307,3.62420825802225,7.983200397620036,0.0,153.3,17,0.19801980198019803,0.20827214880078315,0.1660482374768089,0.46364742201092357,0.19300911854103345,0.3333333333333333,0.21052631578947367,0.2248062015503876,0.2631712259371834,0.22107396149949343,1.466996699669967,0.13978293631786162,Sam LaPorta,TE,279.9,191.7
00-0039066,2023,REG,0,0,0.0,0,0.0,0.0,0.0,0,0,0.0,0.0,0.0,0.0,0,0.0,0.0,0,0.0,0,0.0,0.0,0.0,0.0,0,27,40,304.0,2,0.0,0.0,227.0,164.0,19.0,16.72438836945547,1,15.171559532904071,1.3032658021552106,0.9877298091618254,2.646309569646094,0.0,44.400000000000006,12,0.10204081632653061,0.07516556291390729,0.1386306001690617,0.21319367482092175,0.11589782691574534,0.14285714285714285,0.152,0.1510791366906475,0.1293774848864441,0.12128969010402484,0.7755102040816326,0.08214261061641472,Michael Mayer,TE,69.4,36.6
00-0039067,2023,REG,0,0,0.0,0,0.0,0.0,0.0,0,0,0.0,0.0,0.0,0.0,0,0.0,0.0,1,-3.0,0,0.0,0.0,0.0,-2.2021301239728928,0,79,102,938.0,7,2.0,1.0,491.0,654.0,44.0,39.4724151469952,0,41.7556255373355,2.8952979376339343,2.342786069764497,5.982897155286049,0.0,133.5,16,0.16859504132231404,0.125,0.2543757292882147,0.3528925619834711,0.22180184440766137,0.25,0.20952380952380953,0.21428571428571427,0.2359009222038307,0.2274414755261291,1.550413223140496,0.1467379295105513,Rashee Rice,WR,271.2,64.9
00-0039074,2023,REG,0,0,0.0,0,0.0,0.0,0.0,0,0,0.0,0.0,0.0,0.0,0,0.0,0.0,0,0.0,0,0.0,0.0,0.0,0.0,0,10,11,95.0,1,0.0,0.0,24.0,74.0,7.0,9.994334343646187,0,5.208333333333334,0.36562623619951806,0.09789069866091689,0.616962843361919,0.0,15.5,4,0.08396946564885496,0.02643171806167401,0.15481171548117154,0.14709957292262163,0.10063559322033898,0.09090909090909091,0.13725490196078433,0.12903225806451613,0.09577234206471494,0.09869029275808938,0.7251908396946565,0.06155554482692029,Davis Allen,TE,30.3,18.200000000000003
00-0039075,2023,REG,0,0,0.0,0,0.0,0.0,0.0,0,0,0.0,0.0,0.0,0.0,0,0.0,0.0,12,89.0,0,0.0,0.0,5.0,3.8680537542386446,0,105,160,1486.0,6,1.0,0.0,1453.0,639.0,68.0,67.80774026007683,0,18.611873337683647,4.870506588281507,5.557127558694728,11.195749173508569,0.0,193.5,17,0.274442538593482,0.32238739738185046,0.31338891613536046,0.6695737257957034,0.3455813953488372,0.23076923076923078,0.3300970873786408,0.31896551724137934,0.288175313059034,0.32261896243291593,2.5488850771869638,0.19670510708401978,Puka Nacua,WR,331.40000000000003,232.4
00-0039139,2023,REG,0,0,0.0,0,0.0,0.0,0.0,0,0,0.0,0.0,0.0,0.0,0,0.0,0.0,182,945.0,10,2.0,1.0,42.0,-5.18102973025623,0,52,71,316.0,1,0.0,0.0,8.0,314.0,20.0,-11.153235076663641,0,30.88903318903319,2.027916146055886,-0.09989659876687577,2.9719465999470156,0.0,190.10000000000002,15,0.13295880149812733,0.0021875854525567405,0.16854535695115405,0.20118827060923639,0.07866567089868061,0.04,0.09950248756218906,0.09292035398230089,0.0593328354493403,0.07093253671894448,0.5917602996254682,0.16231110634360882,Jahmyr Gibbs,RB,292.90000000000003,390.40000000000003
00-0039144,2023,REG,0,0,0.0,0,0.0,0.0,0.0,0,0,0.0,0.0,0.0,0.0,0,0.0,0.0,0,0.0,0,0.0,0.0,0.0,0.0,0,34,46,352.0,1,0.0,0.0,344.0,169.0,14.0,12.029787327513112,0,13.869963491904969,1.4134885797769785,1.1660876329322365,2.936494212718033,0.0,41.2,11,0.12332439678284182,0.10600924499229585,0.13444709626093873,0.26979399116809943,0.13228109733183013,0.05555555555555555,0.10852713178294573,0.10204081632653061,0.09391832644369284,0.11693598897657523,0.9436997319034852,0.08209248504432122,Luke Musgrave,TE,93.8,11.5
00-0039146,2023,REG,0,0,0.0,0,0.0,0.0,0.0,0,0,0.0,0.0,0.0,0.0,0,0.0,0.0,11,119.0,2,0.0,0.0,6.0,5.4814274401869625,0,64,94,793.0,8,0.0,0.0,970.0,335.0,32.0,33.299261661862296,1,16.354472547118714,2.827228139737568,3.255235922887265,6.519507355627438,0.0,153.2,16,0.16998191681735986,0.20842286205414698,0.18286026200873362,0.4217111648693574,0.1986970684039088,0.26666666666666666,0.16080402010050251,0.17467248908296942,0.23268186753528775,0.2122909880564604,1.433996383363472,0.15360244406098839,Jayden Reed,WR,223.6,205.60000000000002
00-0039150,2023,REG,315,527,2877.0,11,10.0,62.0,477.0,9,6,4009.0,1300.0,133.0,-160.3264418747372,1,12.786641553355812,0.672251326242199,39,253.0,0,2.0,0.0,18.0,21.616299519575787,1,0,0,0.0,0,0.0,0.0,0.0,0.0,0.0,0.0,0,0.0,0.0,0.0,0.0,0.0,156.38,16,0.0,0.0,0.0,0.0,0.0,0.0,0.0,0.0,0.0,0.0,0.0,0.15448600162013712,Bryce Young,QB,181.15,219.05
00-0039152,2023,REG,149,255,1808.0,8,4.0,28.0,185.0,5,2,2688.0,746.0,81.0,-13.88649083961092,1,6.151852351224143,0.4620938848386986,25,57.0,1,2.0,2.0,7.0,-9.428326834575273,0,0,0,0.0,0,0.0,0.0,0.0,0.0,0.0,0.0,0,0.0,0.0,0.0,0.0,0.0,102.02,9,0.0,0.0,0.0,0.0,0.0,0.0,0.0,0.0,0.0,0.0,0.0,0.15982078516151266,Will Levis,QB,118.10000000000001,138.85000000000002
00-0039163,2023,REG,319,499,4108.0,23,5.0,38.0,331.0,6,3,4481.0,1762.0,188.0,64.82617261070857,0,13.869473191698857,1.6032857486000573,39,157.0,3,2.0,1.0,17.0,6.0044956913492475,1,1,1,0.0,0,0.0,0.0,-1.0,1.0,0.0,-0.873243719805032,0,0.0,0.023255813953488372,-0.0038461538461538464,0.03219141323792486,0.0,274.02,15,0.0019723865877712033,-0.00021982853374367993,0.0005617977528089888,0.002782717054661861,0.0,0.0,0.0,0.0,0.0,0.0,0.0,0.20677884543089575,C.J. Stroud,QB,352.55,294.40000000000003
00-0039164,2023,REG,50,84,577.0,3,1.0,7.0,29.0,1,0,676.0,297.0,31.0,4.587791287072113,2,5.912336329390823,0.22419444687600026,25,136.0,4,2.0,1.0,8.0,0.4301043392624706,0,0,0,0.0,0,0.0,0.0,0.0,0.0,0.0,0.0,0,0.0,0.0,0.0,0.0,0.0,72.68,4,0.0,0.0,0.0,0.0,0.0,0.0,0.0,0.0,0.0,0.0,0.0,0.21368928613430554,Anthony Richardson,QB,74.45,179.5
00-0039165,2023,REG,0,0,0.0,0,0.0,0.0,0.0,0,0,0.0,0.0,0.0,0.0,0,0.0,0.0,108,462.0,1,0.0,0.0,32.0,-7.121667024652782,0,33,40,209.0,0,0.0,0.0,-41.0,248.0,7.0,-4.6932113845278245,0,-18.17928248222366,1.20141506768629,-0.17574319742590733,1.6791023633313,0.0,73.10000000000001,16,0.07259528130671507,-0.0105344295991778,0.12550607287449392,0.10046537828073036,0.05293819655521783,0.0,0.03932584269662921,0.035175879396984924,0.026469098277608915,0.04235055724417427,0.3793103448275862,0.08097876692463861,Zach Charbonnet,RB,106.1,183.70000000000002
